company,tier,status,disqualify_reason,fit_score,sales_vacancies,phone_roles,hiring_sales_leader,role_classes,top_vacancy,top_vacancy_url,cities,sources,website,board_company_size,headcount_verified,li_headcount,li_headcount_range,li_url,li_industry,li_website,li_match
Level Work,A,qualified,,95.5,10,1,True,account_mgmt|ae_b2b_saas|customer_service|generic_sales|sales_leadership|telesales_callcenter,Kierownik Oddziału – Sprzedaż Techniczna B2B (K/M),https://rocketjobs.pl/oferta-pracy/level-work-kierownik-oddzialu---sprzedaz-techniczna-b2b-k-m--lublin-sales-it-i-telekomunikacja,Lublin|Poznań|Warszawa|Wrocław|Łódź,rocketjobs.pl,,,False,,,,,,
Hire Global Spółka z o.o.,A,qualified,,95.0,20,20,False,telesales_callcenter,Telefoniczny Konsultant ds. Generowania Leadów - język szwedzki,https://www.aplikuj.pl/oferta/3329494/telefoniczny-konsultant-ds-generowania-leadow-jezyk-szwedzki-umowa-o-prace-hire-global-spolka-z-o-o,Ciechanów|Grodzisk Mazowiecki|Legionowo|Mińsk Mazowiecki|Mława|Nowy Dwór Mazowiecki|Ostrołęka|Otwock|Piaseczno|Pruszków|,aplikuj.pl,,,False,,,,,,
Growton Group,A,qualified,,95.0,13,0,True,account_mgmt|generic_sales|high_ticket_b2c|sales_leadership|sales_specialist,Doradca Klienta (k/m),https://rocketjobs.pl/oferta-pracy/growton-group-doradca-klienta-k-m--warszawa-sales-nieruchomosci-budownictwo,Bielsko-Biała|Gdańsk|Katowice|Radom|Szczecin|Warszawa|Wrocław|Zgierz|Łask|Łódź,rocketjobs.pl,,,False,,,,,,
Grupa Krotoski,A,qualified,,95.0,9,0,True,customer_service|high_ticket_b2c|sales_leadership,Specjalista ds. Sprzedaży Samochodów BYD (k/m),https://rocketjobs.pl/oferta-pracy/grupa-krotoski-specjalista-ds-sprzedazy-samochodow-byd-k-m--warszawa-sales-inne,Częstochowa|Warszawa|Wolica|Łódź,rocketjobs.pl,,,False,,,,,,
EduGO P.S.A.,A,qualified,,93.3,46,30,False,customer_service|generic_sales|high_ticket_b2c|sales_specialist|telesales_callcenter,Konsultant(ka) Call Center,https://rocketjobs.pl/oferta-pracy/edugo-p-s-a--konsultant-ka-call-center-szczecin-sales-inne,Białystok|Bielsko-Biała|Bydgoszcz|Bytom|Częstochowa|Gdańsk|Kraków|Poznań|Radom|Rzeszów|Sopot|Szczecin|Warszawa|Wrocław|Z,rocketjobs.pl,,,False,,,,,,
Telbridge sp. z o.o. sp.k.,A,qualified,,93.1,13,8,False,customer_service|generic_sales|high_ticket_b2c|telesales_callcenter,Konsultant telefoniczny (K/M).Obsługa Klientów operatora sieci komórkowej.,https://rocketjobs.pl/oferta-pracy/telbridge-sp-z-o-o-sp-k--konsultant-telefoniczny-k-m-obsluga-klientow-operatora-sieci-komorkowej--torun-sales-it-i-telekomunikacja-e6d8bdb2,Częstochowa|Kielce|Olsztyn|Radom|Toruń,rocketjobs.pl,,,False,,,,,,
Leyton Poland sp. z o.o.,A,qualified,,92.5,4,2,True,ae_b2b_saas|sales_leadership|sdr_bdr_inside|telesales_callcenter,Specjalista ds. Sprzedaży Telefonicznej (k/m/n),https://rocketjobs.pl/oferta-pracy/leyton-poland-sp-z-o-o--specjalista-ds-sprzedazy-telefonicznej-k-m-n--warszawa-sales-uslugi-profesjonalne,Katowice|Warszawa,rocketjobs.pl,,,False,,,,,,
Unique People Sp. z o.o.,A,qualified,,91.5,24,7,False,ae_b2b_saas|customer_service|generic_sales|high_ticket_b2c|telesales_callcenter,Konsultant ds. sprzedaży - infolinia wychodząca [k/n/m],https://rocketjobs.pl/oferta-pracy/unique-people-sp-z-o-o--konsultant-ds-sprzedazy---infolinia-wychodzaca-k-n-m--zielona-gora-sales-it-i-telekomunikacja,Gdynia|Gliwice|Katowice|Kielce|Kraków|Mokronos Dolny|Warszawa|Wrocław|Zielona Góra|Łódź,rocketjobs.pl,,,False,,,,,,
Polentis Energy,A,qualified,,90.8,6,1,False,high_ticket_b2c|sales_specialist|sdr_bdr_inside,Doradca Klienta / Specjalista ds. sprzedaży OZE (k/m),https://rocketjobs.pl/oferta-pracy/polentis-energy-doradca-klienta-specjalista-ds-sprzedazy-oze-k-m--gdynia-sales-energia-srodowisko,Gdańsk|Gdynia,rocketjobs.pl,https://polentisenergy.pl/,1-10,False,,,,,,
Cyclad,A,qualified,,90.8,6,1,False,ae_b2b_saas|customer_service|sdr_bdr_inside,Business Development Representative (cybersecurity),https://rocketjobs.pl/oferta-pracy/cyclad-business-development-representative-cybersecurity--warszawa-sales-it-i-telekomunikacja,Katowice|Kraków|Warszawa,rocketjobs.pl,,,False,,,,,,
TechTree,A,qualified,,90.8,6,1,False,ae_b2b_saas|customer_service|sales_specialist|sdr_bdr_inside,Business Development Manager,https://rocketjobs.pl/oferta-pracy/techtree-business-development-manager-krakow-sales-inne-ff0ac4ab,Kraków|Warsaw|Warszawa,rocketjobs.pl,,,False,,,,,,
LeadTok sp. z o.o.,A,qualified,,90.8,3,2,True,sales_leadership|sdr_bdr_inside,Junior Sales Development Representative (cold calling),https://rocketjobs.pl/oferta-pracy/leadtok-sp-z-o-o--junior-sales-development-representative-cold-calling--warszawa-sales-marketing-reklama-media,Warszawa,rocketjobs.pl,https://leadtok.com/,11-25,False,,,,,,
SUPREME ENERGY,A,qualified,,90.6,9,1,False,high_ticket_b2c|telesales_callcenter,Konsultant telefoniczny,https://rocketjobs.pl/oferta-pracy/supreme-energy-konsultant-telefoniczny-rzeszow-sales-energia-srodowisko,Ciechanów|Gostyń|Grodzisk Mazowiecki|Góra|Głogów|Jarocin|Kościan|Krotoszyn|Kutno|Legionowo|Legnica|Lubin|Marki|Mińsk Maz,rocketjobs.pl,https://supremeenergy.pl,51-100,False,,,,,,
MATLO SPÓŁKA Z OGRANICZONĄ ODPOWIEDZIALNOŚCIĄ,A,qualified,,90.5,11,1,False,customer_service|high_ticket_b2c|sales_specialist|sdr_bdr_inside,Junior Sales Representative – EduTech (100% Remote),https://rocketjobs.pl/oferta-pracy/matlo-spolka-z-ograniczona-odpowiedzialnoscia-junior-sales-representative---edutech-100-remote--warszawa-sales-uslugi-profesjonalne,Poznań|Warszawa,rocketjobs.pl,,,False,,,,,,
Nexbe Sp. z o.o.,A,qualified,,90.5,5,3,False,sales_specialist|sdr_bdr_inside|telesales_callcenter,Junior Sales Specialist,https://rocketjobs.pl/oferta-pracy/nexbe-sp-z-o-o--junior-sales-specialist-warszawa-sales-energia-srodowisko,Warszawa,rocketjobs.pl,,,False,,,,,,
Verano Estate Maciej Olejnik,A,qualified,,90.3,17,1,False,high_ticket_b2c|telesales_callcenter,Specjalista ds. Call Center ( branża nieruchomości | praca zdalna),https://rocketjobs.pl/oferta-pracy/verano-estate-maciej-olejnik-specjalista-ds-call-center-branza-nieruchomosci-praca-zdalna--warszawa-sales-nieruchomosci-budownictwo-9d828651,Bydgoszcz|Częstochowa|Grudziądz|Kielce|Koszalin|Kutno|Legionowo|Mielec|Mława|Ostrowiec Świętokrzyski|Ostrów Wielkopolski,rocketjobs.pl,,,False,,,,,,
ECO RUN,A,qualified,,90.1,68,1,False,generic_sales|high_ticket_b2c|sdr_bdr_inside,Specjalista ds. Pozyskiwania Klientów,https://rocketjobs.pl/oferta-pracy/eco-run-specjalista-ds-pozyskiwania-klientow-rzeszow-sales-energia-srodowisko,Bochnia|Brzesko|Ciechanów|Dębica|Garwolin|Gorzów Wielkopolski|Gostyń|Grodzisk Mazowiecki|Góra|Głogów|Janów Lubelski|Jaro,rocketjobs.pl,https://www.ecorun.pl/,51-100,False,,,,,,
OVB Allfinanz Polska sp. z o.o.,A,qualified,,90.0,38,0,False,customer_service|high_ticket_b2c,Opiekun / Opiekunka Klienta,https://rocketjobs.pl/oferta-pracy/ovb-allfinanz-polska-sp-z-o-o--opiekun-opiekunka-klienta-szczecin-sales-finanse-bankowosc-ubezpieczenia-a8828f49,Białystok|Bielsko-Biała|Bydgoszcz|Gdańsk|Gdynia|Katowice|Kielce|Kraków|Lublin|Olsztyn|Opole|Poznań|Rzeszów|Sopot|Szczeci,rocketjobs.pl,,,False,,,,,,
Promotraffic Sp. z o.o.,A,qualified,,90.0,8,0,False,account_mgmt|ae_b2b_saas|customer_service|generic_sales,Business Development Specialist (Marketplace),https://rocketjobs.pl/oferta-pracy/promotraffic-business-development-specialist-marketplace--krakow-sales-marketing-reklama-media,Kraków,praca.pl|rocketjobs.pl,,,False,,,,,,
Tekton Poperty,A,qualified,,90.0,7,0,False,high_ticket_b2c,Agent/ka Nieruchomości,https://rocketjobs.pl/oferta-pracy/tekton-poperty-agent-ka-nieruchomosci-gdansk-sales-nieruchomosci-budownictwo,Gdańsk|Gdynia|Katowice|Opole|Płock|Toruń|Warszawa,rocketjobs.pl,,,False,,,,,,
digitalk,A,qualified,,90.0,4,4,False,sdr_bdr_inside,New Business Manager - Praca zdalna,https://rocketjobs.pl/oferta-pracy/digitalk-new-business-manager---praca-zdalna-czestochowa-sales-marketing-reklama-media,Bydgoszcz|Częstochowa|Gdańsk|Remote,nofluffjobs.com|rocketjobs.pl,,,False,,,,,,
uPacjenta,A,qualified,,89.2,3,1,True,ae_b2b_saas|sales_leadership|sdr_bdr_inside,Marketing Partnerships Manager,https://rocketjobs.pl/oferta-pracy/upacjenta-marketing-partnerships-manager-warszawa-sales-uslugi-profesjonalne,Warszawa,rocketjobs.pl,http://www.upacjenta.pl,101-500,False,,,,,,
E-commerce Berlin Expo,A,qualified,,89.2,3,1,True,account_mgmt|sales_leadership|sdr_bdr_inside,German Speaking Business Development Manager (New Business),https://rocketjobs.pl/oferta-pracy/e-commerce-berlin-expo-german-speaking-business-development-manager-new-business--poznan-sales-marketing-reklama-media-852172f5,Poznań,rocketjobs.pl,,,False,,,,,,
Surveily,A,qualified,,88.8,4,3,False,account_mgmt|telesales_callcenter,Business Development Representative (B2B International Outbound) | Surveily AI,https://rocketjobs.pl/oferta-pracy/surveily-business-development-representative-b2b-international-outbound-surveily-ai-wroclaw-sales-it-i-telekomunikacja,Wrocław,rocketjobs.pl,,,False,,,,,,
Forum Media Polska,A,qualified,,88.5,5,1,False,customer_service|generic_sales|sales_specialist|telesales_callcenter,Specjalista / Specjalistka ds. Sprzedaży Telefonicznej,https://rocketjobs.pl/oferta-pracy/forum-media-polska-specjalista-specjalistka-ds-sprzedazy-telefonicznej-lublin-sales-marketing-reklama-media,Lublin|Poznań,rocketjobs.pl,,,False,,,,,,
Digital Broker,A,qualified,,87.5,5,0,False,high_ticket_b2c,Agent nieruchomości,https://rocketjobs.pl/oferta-pracy/digital-broker-agent-nieruchomosci-katowice-sales-nieruchomosci-budownictwo-a5558604,Bydgoszcz|Katowice|Kraków|Szczecin|Warszawa,rocketjobs.pl,https://www.digitalbroker.pl/,26-50,False,,,,,,
Espeo Software Sp. z o.o.,A,qualified,,87.5,4,2,False,account_mgmt|generic_sales|sdr_bdr_inside|telesales_callcenter,Sales Development Representative,https://rocketjobs.pl/oferta-pracy/espeo-software-sp-z-o-o--sales-development-representative-poznan-sales-it-i-telekomunikacja,Poznań,rocketjobs.pl,,,False,,,,,,
Grupa VIST,A,qualified,,87.5,4,2,False,account_mgmt|sales_specialist|sdr_bdr_inside|telesales_callcenter,Outbound Specialist,https://rocketjobs.pl/oferta-pracy/grupa-vist-outbound-specialist-wroclaw-sales-marketing-reklama-media-5c617c61,Wrocław,rocketjobs.pl,,,False,,,,,,
SINGU,A,qualified,,87.5,3,3,False,sdr_bdr_inside,Sales Representative,https://rocketjobs.pl/oferta-pracy/singu-sales-representative-krakow-sales-it-i-telekomunikacja,Kraków,rocketjobs.pl,,,False,,,,,,
TELTONIKA POLAND sp. z o.o.,A,qualified,,87.5,3,3,False,sdr_bdr_inside,B2B Sales Representative • Telematics,https://rocketjobs.pl/oferta-pracy/teltonika-poland-sp-z-o-o--b2b-sales-representative-telematics-warszawa-sales-it-i-telekomunikacja-5cf97289,Warszawa,rocketjobs.pl,,,False,,,,,,
Rublon,A,qualified,,87.5,3,3,False,sdr_bdr_inside,Sales Development Representative (SDR) – Spain & LATAM,https://rocketjobs.pl/oferta-pracy/rublon-sales-development-representative-sdr---spain-latam-krakow-sales-it-i-telekomunikacja,Kraków,rocketjobs.pl,,,False,,,,,,
Pikseo Rafał Łapka Sp. k.,A,qualified,,87.5,2,1,True,sales_leadership|sdr_bdr_inside,Junior Sales Specialist (digital marketing),https://rocketjobs.pl/oferta-pracy/pikseo-rafal-lapka-sp-k--junior-sales-specialist-digital-marketing--warszawa-sales-marketing-reklama-media-d8242d9d,Poznań|Warszawa,rocketjobs.pl,,,False,,,,,,
DoubleData,A,qualified,,87.5,2,1,True,sales_leadership|sdr_bdr_inside,Sales Development & Support Specialist,https://rocketjobs.pl/oferta-pracy/doubledata-sales-development-support-specialist-warszawa-sales-it-i-telekomunikacja-237b83c4,Warszawa,rocketjobs.pl,,,False,,,,,,
Unum,A,qualified,,87.0,17,0,False,high_ticket_b2c,Doradca/Doradczyni Klienta | Szczecin,https://rocketjobs.pl/oferta-pracy/unum-doradca-doradczyni-klienta-szczecin-szczecin-sales-finanse-bankowosc-ubezpieczenia-e876514e,Białystok|Bielsko-Biała|Bydgoszcz|Gdańsk|Gdynia|Gliwice|Katowice|Kraków|Lublin|Olsztyn|Poznań|Rzeszów|Szczecin|Warszawa|,rocketjobs.pl,https://www.unum.pl/,26-50,False,,,,,,
Silent Eight,A,qualified,,86.8,8,0,True,sales_leadership,Enterprise Sales Director with French – Europe (Poland),https://rocketjobs.pl/oferta-pracy/silent-eight-enterprise-sales-director-with-french---europe-poland--warszawa-sales-it-i-telekomunikacja,Białystok|Gdynia|Kraków|Poznań|Remote|Rzeszów|Warszawa|Wrocław,nofluffjobs.com|rocketjobs.pl,https://www.silenteight.com/,51-100,False,,,,,,
Proxi.cloud Sp.z.o.o,A,qualified,,86.8,3,0,True,ae_b2b_saas|sales_leadership,Business Development Manager,https://rocketjobs.pl/oferta-pracy/proxi-cloud-sp-z-o-o-business-development-manager-warszawa-sales-marketing-reklama-media,Warszawa,rocketjobs.pl,,,False,,,,,,
FTP PL sp. z o.o.,A,qualified,,86.8,3,0,True,ae_b2b_saas|sales_leadership,Koordynator / Koordynatorka ds. Rozwoju Sprzedaży B2B,https://www.praca.pl/koordynator-koordynatorka-ds-rozwoju-sprzedazy-b2b_11526094.html,Marki,praca.pl,,,False,,,,,,
MODIVO PLATFORM,A,qualified,,86.0,15,0,True,ae_b2b_saas|generic_sales|sales_leadership,Specjalista ds. obsługi klienta B2B (k/m),https://rocketjobs.pl/oferta-pracy/modivo-platform-specjalista-ds-obslugi-klienta-b2b-k-m--polkowice-support-marketing-reklama-media,Białystok|Bolesławiec|Bydgoszcz|Chróstnik|Gorzów Wielkopolski|Janki|Jelenia Góra|Katowice|Kędzierzyn-Koźle|Legnica|Olkus,rocketjobs.pl,,,False,,,,,,
FO Group Sp. z o.o.,A,qualified,,85.8,3,2,False,ae_b2b_saas|telesales_callcenter,Lead Generation s/m (outbound),https://rocketjobs.pl/oferta-pracy/fo-group-lead-generation-s-m-outbound--poznan-sales-marketing-reklama-media,Poznań,rocketjobs.pl,,,False,,,,,,
Dobry Plan sp. z o.o.,A,qualified,,85.8,3,2,False,ae_b2b_saas|sdr_bdr_inside,Senior Sales Development Representative (SDR),https://rocketjobs.pl/oferta-pracy/dobry-plan-sp-z-o-o--senior-sales-development-representative-sdr--wroclaw-sales-it-i-telekomunikacja,Wrocław,rocketjobs.pl,,,False,,,,,,
MEWA Textil-Service Sp. z o.o.,A,qualified,,85.8,3,2,False,generic_sales|telesales_callcenter,Asystent (m/k) ds. wsparcia sprzedaży - telefoniczne umawianie spotkań,https://www.praca.pl/asystent-m-k-ds-wsparcia-sprzedazy-telefoniczne-umawianie-spotkan_11458894.html,Opacz Mała,praca.pl,,,False,,,,,,
UTH Damian Utecht,A,qualified,,85.5,20,0,False,ae_b2b_saas|generic_sales,Specjalista/-ka B2B ds. Sprzedaży Usług Telekomunikacyjnych w PLAY | Mazowieckie,https://rocketjobs.pl/oferta-pracy/uth-damian-utecht-specjalista--ka-b2b-ds-sprzedazy-uslug-telekomunikacyjnych-w-play-mazowieckie-warszawa-sales-it-i-telekomunikacja,Białystok|Bydgoszcz|Gdańsk|Katowice|Kielce|Kraków|Lublin|Olsztyn|Opole|Poznań|Rzeszów|Szczecin|Warszawa|Wałbrzych|Zielon,rocketjobs.pl,,,False,,,,,,
SAYFLU SPÓŁKA Z OGRANICZONĄ ODPOWIEDZIALNOŚCIĄ,A,qualified,,85.5,4,1,False,ae_b2b_saas|sdr_bdr_inside,Senior Business Development Manager (Influencer Marketing),https://rocketjobs.pl/oferta-pracy/sayflu-spolka-z-ograniczona-odpowiedzialnoscia-senior-business-development-manager-influencer-marketing--warszawa-sales-marketing-reklama-media,Warszawa,rocketjobs.pl,,,False,,,,,,
SIG,A,qualified,,85.0,4,0,False,high_ticket_b2c|sales_specialist,Doradca Techniczny (K/M/X),https://rocketjobs.pl/oferta-pracy/sig-doradca-techniczny-k-m-x--olsztyn-sales-nieruchomosci-budownictwo,Inowrocław|Kraków|Olsztyn|Płock|Siedlce|Szczecin|Toruń|Warszawa|Włocławek|Łomianki,rocketjobs.pl,,,False,,,,,,
MDM NT Sp z o.o.,A,qualified,,85.0,4,0,False,ae_b2b_saas|customer_service|high_ticket_b2c,Specjalista /tka ds. Wdrożeń i Wsparcia Klienta / SaaS Support Specialist,https://rocketjobs.pl/oferta-pracy/mdm-nt-sp-z-o-o--specjalista-tka-ds-wdrozen-i-wsparcia-klienta-saas-support-specialist-bazanowice-support-it-i-telekomunikacja-d32da164,Bażanowice|Bielsko-Biała,rocketjobs.pl,https://mdmnt.com/,101-500,False,,,,,,
SmartLunch,A,qualified,,85.0,2,2,False,sdr_bdr_inside,Sales Development Representative,https://rocketjobs.pl/oferta-pracy/smartlunch-sales-development-representative-wroclaw-sales-turystyka-hotelarstwo-catering-3b6a3cfb,Brno|Wrocław,rocketjobs.pl,,,False,,,,,,
INVETTE HOLDING GROUP,A,qualified,,85.0,2,2,False,sdr_bdr_inside,Handlowiec / Inside Sales - VeloMarketplace,https://rocketjobs.pl/oferta-pracy/invette-holding-group-handlowiec-inside-sales---velomarketplace-krakow-sales-marketing-reklama-media,Kraków,rocketjobs.pl,,,False,,,,,,
Premium Digital,A,qualified,,85.0,2,2,False,sdr_bdr_inside,Senior New Business Manager - SEO/Digital Marketing,https://rocketjobs.pl/oferta-pracy/premium-digital-senior-new-business-manager---seo-digital-marketing-lodz-sales-uslugi-profesjonalne,Łódź,rocketjobs.pl,,,False,,,,,,
Instream Sp. z o.o.,A,qualified,,85.0,2,0,True,generic_sales|sales_leadership,Sales Manager 🏆,https://rocketjobs.pl/oferta-pracy/instream-sp-z-o-o--sales-manager--poznan-sales-uslugi-profesjonalne-d21c994c,Poznań,rocketjobs.pl,,,False,,,,,,
KUBO,A,qualified,,85.0,2,0,True,sales_leadership|sales_specialist,Product & Sales Manager,https://rocketjobs.pl/oferta-pracy/kubo-product-sales-manager-piaseczno-sales-farmacja-medycyna,Piaseczno,rocketjobs.pl,,,False,,,,,,
Whatever.gg,A,qualified,,85.0,2,0,True,ae_b2b_saas|sales_leadership,Junior Account Executive,https://rocketjobs.pl/oferta-pracy/whatever-gg-junior-account-executive-warszawa-sales-marketing-reklama-media,Warszawa|Wrocław,rocketjobs.pl,,,False,,,,,,
Space Ads Sp. z o.o.,A,qualified,,85.0,2,2,False,sdr_bdr_inside,Sales Development / Closer (Digital Marketing) – Part-time / Freelance,https://rocketjobs.pl/oferta-pracy/space-ads-sp-z-o-o--sales-development-closer-digital-marketing---part-time-freelance-krakow-sales-marketing-reklama-media,Kraków,rocketjobs.pl,,,False,,,,,,
Centrum Medyczne Puławska,A,qualified,,85.0,2,2,False,telesales_callcenter,Konsultant ds. Obsługi Telefonicznej Pacjenta (K/M) - Piaseczno,https://rocketjobs.pl/oferta-pracy/centrum-medyczne-pulawska-konsultant-ds-obslugi-telefonicznej-pacjenta-k-m---piaseczno-piaseczno-support-inne,Piaseczno|Płock|Ursus|Warszawa,rocketjobs.pl,,,False,,,,,,
PARETTi,A,qualified,,85.0,2,2,False,telesales_callcenter,Pracownik ds. telefonicznej obsługi klienta z j. niemieckim (k/m),https://nofluffjobs.com/pl/job/pracownik-ds-telefonicznej-obslugi-klienta-z-j-niemieckim-k-m-paretti-remote-1,Opole|Remote,nofluffjobs.com,,,False,,,,,,
4 GRANTS Sp. z o. o.,A,qualified,,85.0,2,2,False,telesales_callcenter,Konsultant / Konsultantka ds. Sprzedaży Telefonicznej,https://www.praca.pl/konsultant-konsultantka-ds-sprzedazy-telefonicznej_11468503.html,Ostrów Wielkopolski,praca.pl,,,False,,,,,,
4Value Business Consulting,A,qualified,,85.0,2,2,False,telesales_callcenter,Specjalista / Specjalistka ds. Sprzedaży Telefonicznej,https://www.praca.pl/specjalista-specjalistka-ds-sprzedazy-telefonicznej_11502910.html,Warszawa,praca.pl,,,False,,,,,,
Consulting Solutions Łukasz Walter,A,qualified,,85.0,2,2,False,telesales_callcenter,Konsultant / Konsultantka ds. Sprzedaży Telefonicznej,https://www.praca.pl/konsultant-konsultantka-ds-sprzedazy-telefonicznej_11443543.html,Warszawa,praca.pl,,,False,,,,,,
Power Media,A,qualified,,84.8,7,0,False,account_mgmt|generic_sales|sales_specialist,Specjalista ds. Sprzedaży (m/k),https://rocketjobs.pl/oferta-pracy/power-media-specjalista-ds-sprzedazy-m-k--swierklaniec-sales-it-i-telekomunikacja,Katowice|Kraków|Poznań|Warszawa|Wrocław|Świerklaniec,rocketjobs.pl,,,False,,,,,,
OMEVO EVA Dywaniki,A,qualified,,84.8,6,0,False,generic_sales|sales_specialist,Sales Specialist / Specialista ds. Sprzedaży B2C (K/M),https://rocketjobs.pl/oferta-pracy/omevo-eva-dywaniki-sales-specialist-specialista-ds-sprzedazy-b2c-k-m--kielce-sales-motoryzacja-transport-437a518f,Cieszyn|Gdańsk|Kielce|Kraków|Warszawa,rocketjobs.pl,,,False,,,,,,
Cartrack Polska  Sp. z o.o.,A,qualified,,84.2,3,1,False,high_ticket_b2c|sales_specialist|sdr_bdr_inside,Doradca ds. sprzedaży,https://rocketjobs.pl/oferta-pracy/cartrack-polska-doradca-ds-sprzedazy-warszawa-sales-motoryzacja-transport,Szadłowice|Szczecin|Warszawa,rocketjobs.pl,,,False,,,,,,
Selmo,A,qualified,,84.2,3,1,False,account_mgmt|sales_specialist|sdr_bdr_inside,Sales Representative (Lithuanian Market),https://rocketjobs.pl/oferta-pracy/selmo-sales-representative-lithuanian-market--krakow-sales-inne,Kraków,rocketjobs.pl,,,False,,,,,,
YANGO Sp. z o.o.,A,qualified,,84.2,3,1,False,account_mgmt|telesales_callcenter,Konsultant ds. sprzedaży (k/m/n),https://rocketjobs.pl/oferta-pracy/yango-sp-z-o-o--konsultant-ds-sprzedazy-k-m-n--warszawa-sales-farmacja-medycyna,Warszawa,aplikuj.pl|rocketjobs.pl,,,False,,,,,,
TAX JOBS LEGAL POLSKA sp. z o.o.,A,qualified,,84.2,3,1,False,sales_specialist|sdr_bdr_inside,Specjalista / Specjalistka ds. Sprzedaży B2B i Lead Generation,https://www.praca.pl/specjalista-specjalistka-ds-sprzedazy-b2b-i-lead-generation_11497624.html,Wrocław,praca.pl,,,False,,,,,,
Vecten,A,qualified,,84.2,2,2,False,sdr_bdr_inside,Business Development Representative,https://nofluffjobs.com/pl/job/business-development-representative-vecten-remote,Remote|Warszawa,nofluffjobs.com,,,False,,,,,,
TRANSGOURMET POLSKA,A,qualified,,84.0,16,0,False,generic_sales|high_ticket_b2c,Doradca Klienta ds. HoReCa,https://rocketjobs.pl/oferta-pracy/transgourmet-polska-doradca-klienta-ds-horeca-gdansk-sales-turystyka-hotelarstwo-catering,Białystok|Bydgoszcz|Bytom|Długołęka|Gdańsk|Katowice|Kraków|Lubin|Lublin|Ożarów Mazowiecki|Poznań|Radom|Siedlce|Szczecin|,praca.pl|rocketjobs.pl,,,False,,,,,,
eService Sp. z o.o,A,qualified,,82.5,3,0,False,customer_service|high_ticket_b2c,Doradca/Doradczyni ds. Sprzedaży i Utrzymania Klienta,https://rocketjobs.pl/oferta-pracy/eservice-sp-z-o-o-doradca-doradczyni-ds-sprzedazy-i-utrzymania-klienta-warszawa-sales-finanse-bankowosc-ubezpieczenia,Katowice|Warszawa,rocketjobs.pl,,,False,,,,,,
Rodak & Napiórkowski Consulting Sp zoo,A,qualified,,82.5,3,0,False,ae_b2b_saas,Partner do obsługi leadów B2B – rynek angielski (zdalnie),https://rocketjobs.pl/oferta-pracy/rodak-napiorkowski-consulting-sp-zoo-partner-do-obslugi-leadow-b2b---rynek-angielski-zdalnie--warszawa-sales-finanse-bankowosc-ubezpieczenia,Warszawa,rocketjobs.pl,,,False,,,,,,
EuroCert,A,qualified,,82.5,2,1,False,generic_sales|sdr_bdr_inside,Specjalista/specjalistka ds. pozyskiwania klientów B2B,https://rocketjobs.pl/oferta-pracy/eurocert-specjalista-specjalistka-ds-pozyskiwania-klientow-b2b-warszawa-sales-uslugi-profesjonalne,Warszawa,rocketjobs.pl,,,False,,,,,,
Property Group Sp. z o.o.,A,qualified,,82.5,2,1,False,high_ticket_b2c|telesales_callcenter,Doradca Klienta / Doradczyni Klienta,https://rocketjobs.pl/oferta-pracy/property-group-sp-z-o-o--doradca-klienta-doradczyni-klienta-warszawa-sales-it-i-telekomunikacja,Warszawa,rocketjobs.pl,,,False,,,,,,
PsiBufet,A,qualified,,82.5,2,1,False,generic_sales|sdr_bdr_inside,Sales Representative PsiBufet - Centrum Handlowe,https://rocketjobs.pl/oferta-pracy/psibufet-sales-representative-psibufet---centrum-handlowe-warszawa-sales-sieci-handlowe,Warszawa|Wrocław,rocketjobs.pl,,,False,,,,,,
They Digital,A,qualified,,82.5,2,1,False,account_mgmt|sdr_bdr_inside,New Business Manager,https://rocketjobs.pl/oferta-pracy/they-digital-new-business-manager-warszawa-sales-marketing-reklama-media-602db718,Warszawa,rocketjobs.pl,,,False,,,,,,
LiveKid,A,qualified,,82.5,2,1,False,account_mgmt|sdr_bdr_inside,Junior Sales Development Representative,https://rocketjobs.pl/oferta-pracy/livekid-junior-sales-development-representative-krakow-sales-it-i-telekomunikacja,Kraków,rocketjobs.pl,,,False,,,,,,
Big Four Group | bfagencja,A,qualified,,82.5,2,1,False,account_mgmt|sdr_bdr_inside,"Key Account Manager B2B | rozwój klientów, bez cold calli",https://rocketjobs.pl/oferta-pracy/big-four-group-bfagencja-key-account-manager-b2b-rozwoj-klientow-bez-cold-calli-warszawa-sales-marketing-reklama-media-c9246b38,Warszawa,rocketjobs.pl,,,False,,,,,,
Papukurier,A,qualified,,82.5,2,1,False,ae_b2b_saas|sdr_bdr_inside,Specjalista/Specjalistka ds. Generowania Leadów B2B (SDR) / Cold Calling Ninja,https://rocketjobs.pl/oferta-pracy/papukurier-specjalista-specjalistka-ds-generowania-leadow-b2b-sdr-cold-calling-ninja-poznan-sales-it-i-telekomunikacja,Poznań,rocketjobs.pl,,,False,,,,,,
Positive (User),A,qualified,,82.5,2,1,False,ae_b2b_saas|sdr_bdr_inside,Sales Dev. Representative (SDR),https://rocketjobs.pl/oferta-pracy/positive-user--sales-dev-representative-sdr--warszawa-sales-marketing-reklama-media,Warszawa,rocketjobs.pl,,,False,,,,,,
cloudatus,A,qualified,,82.5,1,1,False,sdr_bdr_inside,Inside Sales & Procurement Specialist,https://rocketjobs.pl/oferta-pracy/cloudatus-inside-sales-procurement-manager---it-hardware-microsoft-licensing-rzeszow-sales-it-i-telekomunikacja,Rzeszów,rocketjobs.pl,,,False,,,,,,
Ambro Express,A,qualified,,82.5,1,1,False,telesales_callcenter,Specjalista / Specjalistka ds. Sprzedaży B2B - Telefoniczne pozyskiwanie klientów,https://rocketjobs.pl/oferta-pracy/ambro-express-specjalista-specjalistka-ds-sprzedazy-b2b---telefoniczne-pozyskiwanie-klientow-zeroniczki-sales-motoryzacja-transport,Żeroniczki,rocketjobs.pl,,,False,,,,,,
Surfer,A,qualified,,82.5,1,1,False,sdr_bdr_inside,New Business Manager,https://rocketjobs.pl/oferta-pracy/surfer-new-business-manager-wroclaw-sales-marketing-reklama-media,Wrocław,rocketjobs.pl,,,False,,,,,,
Restaumatic S.A.,A,qualified,,82.5,1,1,False,telesales_callcenter,Konsultant / Konsultantka ds. sprzedaży produktów IT,https://rocketjobs.pl/oferta-pracy/restaumatic-s-a--konsultant-konsultantka-ds-sprzedazy-produktow-it-zabrze-sales-it-i-telekomunikacja,Zabrze,rocketjobs.pl,https://career.restaumatic.com/,101-500,False,,,,,,
Tebim,A,qualified,,82.5,1,1,False,sdr_bdr_inside,Specjalista ds. Rozwoju Sprzedaży (SDR),https://rocketjobs.pl/oferta-pracy/tebim-specjalista-ds-rozwoju-sprzedazy-sdr--kalisz-sales-it-i-telekomunikacja,Kalisz,rocketjobs.pl,,,False,,,,,,
Digital Broker Nieruchomości,A,qualified,,82.5,1,1,False,telesales_callcenter,Specjalista ds. telemarketingu,https://rocketjobs.pl/oferta-pracy/digital-broker-nieruchomosci-specjalista-ds-telemarketingu-warszawa-sales-nieruchomosci-budownictwo-17ba83df,Warszawa,rocketjobs.pl,https://www.digitalbroker.pl/,26-50,False,,,,,,
Fieldworker,A,qualified,,82.5,1,1,False,sdr_bdr_inside,New Business Manager,https://rocketjobs.pl/oferta-pracy/fieldworker-new-business-manager-poznan-sales-it-i-telekomunikacja-de138a72,Poznań,rocketjobs.pl,,,False,,,,,,
PROENERGIA,A,qualified,,82.5,1,0,True,sales_leadership,Dyrektor Sprzedaży OZE / Head of Sales (Handel Sprzętem PV & Kontenery B2B / PL / Europa),https://rocketjobs.pl/oferta-pracy/proenergia-dyrektor-sprzedazy-oze-head-of-sales-handel-sprzetem-pv-kontenery-b2b-pl-europa--warszawa-sales-energia-srodowisko,Warszawa,rocketjobs.pl,,,False,,,,,,
Zdrowa Sylwetka,A,qualified,,82.5,1,0,True,sales_leadership,Sales manager,https://rocketjobs.pl/oferta-pracy/zdrowa-sylwetka-sales-manager-warszawa-sales-uslugi-profesjonalne,Warszawa,rocketjobs.pl,,,False,,,,,,
Leser,A,qualified,,82.5,1,1,False,sdr_bdr_inside,Sales Representative & Client Acquisition,https://rocketjobs.pl/oferta-pracy/leser-sales-representative-client-acquisition-katowice-sales-inzynieria-technika-produkcja,Katowice,rocketjobs.pl,,,False,,,,,,
CREATIVE WAVE SPÓŁKA Z O.O.,A,qualified,,82.5,1,1,False,sdr_bdr_inside,Handlowiec / New Business Manager,https://rocketjobs.pl/oferta-pracy/creative-wave-spolka-z-o-o--handlowiec-new-business-manager-warszawa-sales-marketing-reklama-media,Warszawa,rocketjobs.pl,,,False,,,,,,
Talkersi,A,qualified,,82.5,1,1,False,sdr_bdr_inside,New Business Specialist (sprzedaż doradcza),https://rocketjobs.pl/oferta-pracy/talkersi-new-business-specialist-sprzedaz-doradcza--gdynia-sales-uslugi-profesjonalne,Gdynia,rocketjobs.pl,,,False,,,,,,
vamospay,A,qualified,,82.5,1,1,False,sdr_bdr_inside,Junior Sales Representative,https://rocketjobs.pl/oferta-pracy/vamospay-junior-sales-representative-warszawa-sales-finanse-bankowosc-ubezpieczenia,Warszawa,rocketjobs.pl,,,False,,,,,,
Wemolo,A,qualified,,82.5,1,1,False,sdr_bdr_inside,Sales Development Representative,https://rocketjobs.pl/oferta-pracy/wemolo-sales-development-representative-wroclaw-sales-inne,Wrocław,rocketjobs.pl,,,False,,,,,,
FinanSys Solutions Ltd,A,qualified,,82.5,1,1,False,sdr_bdr_inside,Business Development Representative,https://rocketjobs.pl/oferta-pracy/finansys-solutions-ltd-business-development-representative-london-sales-finanse-bankowosc-ubezpieczenia,London,rocketjobs.pl,,,False,,,,,,
Zdrowa Sylwetka Bieńko Zarębska Spółka Komandytowa,A,qualified,,82.5,1,1,False,telesales_callcenter,"Specjalista/ specjalistka ds. sprzedaży telefonicznej | 100 % zdalnie, cała Polska",https://rocketjobs.pl/oferta-pracy/zdrowa-sylwetka-bienko-zarebska-spolka-komandytowa-specjalista-specjalistka-ds-sprzedazy-telefonicznej-100-zdalnie-cala-polska-warszawa-sales-uslugi-profesjonalne-51b17291,Warszawa,rocketjobs.pl,,,False,,,,,,
Supra Brokers S.A.,A,qualified,,82.5,1,1,False,telesales_callcenter,Konsultant telefoniczny ds. pozyskiwania i obsługi klientów (K/M/X),https://rocketjobs.pl/oferta-pracy/supra-brokers-s-a--konsultant-telefoniczny-ds-pozyskiwania-i-obslugi-klientow-k-m-x--wroclaw-sales-finanse-bankowosc-ubezpieczenia,Wrocław,rocketjobs.pl,,,False,,,,,,
Ringostat,A,qualified,,82.5,1,1,False,sdr_bdr_inside,Specjalista/ka ds. rozwoju sprzedaży (SDR),https://rocketjobs.pl/oferta-pracy/ringostat-specjalista-ka-ds-rozwoju-sprzedazy-sdr--warsaw-sales-it-i-telekomunikacja-fd8d71e9,Warsaw,rocketjobs.pl,,,False,,,,,,
Bitdefender Polska,A,qualified,,82.5,1,1,False,sdr_bdr_inside,Sales Representative,https://rocketjobs.pl/oferta-pracy/bitdefender-polska-sales-representative-gdynia-sales-it-i-telekomunikacja,Gdynia,rocketjobs.pl,,,False,,,,,,
Upvanta,A,qualified,,82.5,1,1,False,sdr_bdr_inside,Business Development Manager / New Business Manager – IT Outsourcing,https://rocketjobs.pl/oferta-pracy/upvanta-business-development-manager-new-business-manager---it-outsourcing-lodz-sales-it-i-telekomunikacja,Łódź,rocketjobs.pl,https://upvanta.com/,26-50,False,,,,,,
Mate academy Polska,A,qualified,,82.5,1,1,False,sdr_bdr_inside,Sales Representative,https://rocketjobs.pl/oferta-pracy/mate-academy-polska-sales-representative-lublin-sales-it-i-telekomunikacja-a23748b9,Lublin,rocketjobs.pl,,,False,,,,,,
RTB House,A,qualified,,82.5,1,1,False,sdr_bdr_inside,Sales Development Representative,https://rocketjobs.pl/oferta-pracy/rtb-house-sales-development-representative-warszawa-sales-marketing-reklama-media-b7c8cd21,Warszawa,rocketjobs.pl,,,False,,,,,,
INTUM SPÓŁKA Z OGRANICZONĄ ODPOWIEDZIALNOŚCIĄ,A,qualified,,82.5,1,1,False,sdr_bdr_inside,"Analityk ds. produktu, sprzedaży i pozyskiwania klientów",https://rocketjobs.pl/oferta-pracy/intum-spolka-z-ograniczona-odpowiedzialnoscia-analityk-ds-produktu-sprzedazy-i-pozyskiwania-klientow-warszawa-sales-it-i-telekomunikacja,Warszawa,rocketjobs.pl,,,False,,,,,,
Avalio,A,qualified,,82.5,1,1,False,sdr_bdr_inside,Sales Development Representative (UoP / B2B | Pełny etat),https://rocketjobs.pl/oferta-pracy/avalio-sales-development-representative-uop-b2b-pelny-etat--warszawa-sales-farmacja-medycyna,Warszawa,rocketjobs.pl,,,False,,,,,,
Jacobs,A,qualified,,82.5,1,1,False,sdr_bdr_inside,Inside Sales Coordinator/Manager (Bid Coordinator),https://rocketjobs.pl/oferta-pracy/jacobs-inside-sales-coordinator-manager-bid-coordinator--krakow-sales-inzynieria-technika-produkcja,Kraków,rocketjobs.pl,,,False,,,,,,
Saute Nails Sp. z o.o.,A,qualified,,82.5,1,1,False,sdr_bdr_inside,Handlowiec B2B (K/M) - Pozyskiwanie Klientów Zagranicznych,https://rocketjobs.pl/oferta-pracy/saute-nails-sp-z-o-o--handlowiec-b2b-k-m---pozyskiwanie-klientow-zagranicznych-radom-sales-kosmetyki-chemia,Radom,rocketjobs.pl,http://sautenails.pl,11-25,False,,,,,,
Kadromierz,A,qualified,,82.5,1,1,False,telesales_callcenter,Specjalista ds. Outbound Lead Generation,https://rocketjobs.pl/oferta-pracy/kadromierz-specjalista-ds-outbound-lead-generation-wroclaw-sales-it-i-telekomunikacja,Wrocław,rocketjobs.pl,,,False,,,,,,
InfinityHR,A,qualified,,82.5,1,1,False,sdr_bdr_inside,specjalista ds. pozyskiwania klientów,https://rocketjobs.pl/oferta-pracy/infinityhr-specjalista-ds-pozyskiwania-klientow-warszawa-sales-finanse-bankowosc-ubezpieczenia,Warszawa,rocketjobs.pl,,,False,,,,,,
Kompan.pl Sp. z o.o.,A,qualified,,82.5,1,1,False,sdr_bdr_inside,Specjalista/ka ds. umawiania spotkań B2B / Appointment Setter,https://rocketjobs.pl/oferta-pracy/kompan-pl-sp-z-o-o--specjalista-ka-ds-umawiania-spotkan-b2b-appointment-setter-warszawa-sales-uslugi-profesjonalne,Warszawa,rocketjobs.pl,,,False,,,,,,
HIRE A HEAD JOANNA WRÓBLEWSKA,A,qualified,,82.5,1,1,False,sdr_bdr_inside,Sales Representative,https://rocketjobs.pl/oferta-pracy/hire-a-head-joanna-wroblewska-sales-representative-lodz-sales-odziez-i-akcesoria,Łódź,rocketjobs.pl,,,False,,,,,,
Kcalmar,A,qualified,,82.5,1,1,False,sdr_bdr_inside,Sales Representative,https://rocketjobs.pl/oferta-pracy/kcalmar-sales-representative-lublin-sales-farmacja-medycyna,Lublin,rocketjobs.pl,,,False,,,,,,
0101MARKETING,A,qualified,,82.5,1,1,False,sdr_bdr_inside,Sales Development Representative,https://rocketjobs.pl/oferta-pracy/0101marketing-sales-development-representative-krakow-sales-it-i-telekomunikacja,Kraków,rocketjobs.pl,,,False,,,,,,
EMBARGO,A,qualified,,82.5,1,1,False,sdr_bdr_inside,Sales Representative,https://rocketjobs.pl/oferta-pracy/embargo-sales-representative-warszawa-sales-turystyka-hotelarstwo-catering-cfdf3b2d,Warszawa,rocketjobs.pl,,,False,,,,,,
Tekton Property,A,qualified,,82.5,1,1,False,telesales_callcenter,Specjalista ds. telefonicznej obsługi klienta i pozyskiwania klientów k/m,https://rocketjobs.pl/oferta-pracy/tekton-property-specjalista-ds-telefonicznej-obslugi-klienta-i-pozyskiwania-klientow-k-m-gdynia-support-inne,Gdynia,praca.pl|rocketjobs.pl,,,False,,,,,,
Wagas S.A.,A,qualified,,82.5,1,1,False,telesales_callcenter,Młodsza Specjalistka / Młodszy Specjalista ds. Obsługi Klienta w Dziale Call Center,https://rocketjobs.pl/oferta-pracy/wagas-s-a--mlodsza-specjalistka-mlodszy-specjalista-ds-obslugi-klienta-w-dziale-call-center-warszawa-support-inne,Warszawa,rocketjobs.pl,,,False,,,,,,
Ptak SA,A,qualified,,82.5,1,1,False,telesales_callcenter,Młodszy Specjalista ds. Telefonicznej Obsługi Klienta Zagranicznego,https://rocketjobs.pl/oferta-pracy/ptak-sa-mlodszy-specjalista-ds-telefonicznej-obslugi-klienta-zagranicznego-rzgow-support-inne,Rzgów,rocketjobs.pl,,,False,,,,,,
Workhouse4you,A,qualified,,82.5,1,1,False,telesales_callcenter,Super dla Studenta! Telefoniczna obsługa klienta!,https://rocketjobs.pl/oferta-pracy/workhouse4you-super-dla-studenta-telefoniczna-obsluga-klienta--stalowa-wola-support-it-i-telekomunikacja-fb127b89,Stalowa Wola,rocketjobs.pl,,,False,,,,,,
Netcredit,A,qualified,,82.5,1,1,False,telesales_callcenter,Młodsza/y Specjalista/tka ds. Windykacji Telefonicznej w branży finansowej,https://rocketjobs.pl/oferta-pracy/netcredit-mlodsza-y-specjalista-tka-ds-windykacji-telefonicznej-w-branzy-finansowej-warszawa-support-finanse-bankowosc-ubezpieczenia,Warszawa,rocketjobs.pl,,,False,,,,,,
SpotOn,A,qualified,,82.5,1,1,False,telesales_callcenter,Customer Service Agent - Call Center -Night Shift,https://rocketjobs.pl/oferta-pracy/spoton-customer-service-agent---call-center--night-shift-krakow-support-it-i-telekomunikacja-47184e0e,Kraków,rocketjobs.pl,,,False,,,,,,
Berner Polska sp. z o.o.,A,qualified,,82.5,1,1,False,telesales_callcenter,Młodszy Specjalista/Młodsza Specjalistka ds. sprzedaży telefonicznej,https://rocketjobs.pl/oferta-pracy/berner-polska-sp-z-o-o--mlodszy-specjalista-mlodsza-specjalistka-ds-sprzedazy-telefonicznej-krakow-support-sprzedawcy,Kraków,rocketjobs.pl,,,False,,,,,,
Milo Solutions OÜ,A,qualified,,82.5,1,1,False,sdr_bdr_inside,Business Development Representative – Software Services (remote) ,https://nofluffjobs.com/pl/job/business-development-representative-software-services-remote-milo-solutions-ou-1,Remote,nofluffjobs.com,,,False,,,,,,
"Holiday Travel Resorts sp, z o.o.",A,qualified,,82.5,1,1,False,telesales_callcenter,Ankieter Telefoniczny / Ankieterka Telefoniczna (możliwość przyuczenia),https://www.praca.pl/ankieter-telefoniczny-ankieterka-telefoniczna-mozliwosc-przyuczenia_11509054.html,Warszawa,praca.pl,,,False,,,,,,
EWT Truck & Trailer Polska Sp. z o.o.,A,qualified,,82.5,1,1,False,telesales_callcenter,Konsultant Call Center Działu Business Development (m/k),https://www.praca.pl/konsultant-call-center-dzialu-business-development-m-k_11449249.html,Ołtarzew,praca.pl,,,False,,,,,,
MOJSIUK SPÓŁKA Z OGRANICZONĄ ODPOWIEDZIALNOŚCIĄ,A,qualified,,82.5,1,1,False,telesales_callcenter,Specjalista / Specjalistka ds. telefonicznej obsługi Klienta,https://www.aplikuj.pl/oferta/3309521/specjalista-specjalistka-ds-telefonicznej-obslugi-klienta-umowa-o-prace-mojsiuk-spolka-z-ograniczona-odpowiedzialnoscia,Koszalin,aplikuj.pl,,,False,,,,,,
LocalZen,A,qualified,,81.8,3,0,False,account_mgmt|ae_b2b_saas|sales_specialist,Enterprise Account Manager - SaaS (Marketing / IT),https://rocketjobs.pl/oferta-pracy/localzen-enterprise-account-manager---saas-marketing-it--poznan-support-marketing-reklama-media,Poznań,rocketjobs.pl,,,False,,,,,,
DEKA SPÓŁKA Z OGRANICZONĄ ODPOWIEDZIALNOŚCIĄ,A,qualified,,81.0,3,0,False,account_mgmt|ae_b2b_saas,Business Development Specialist,https://rocketjobs.pl/oferta-pracy/deka-spolka-z-ograniczona-odpowiedzialnoscia-business-development-specialist-kielce-sales-marketing-reklama-media,Kielce,rocketjobs.pl,,,False,,,,,,
Web Impact,A,qualified,,81.0,1,1,False,sdr_bdr_inside,Sales Representative,https://rocketjobs.pl/oferta-pracy/web-impact-sales-representative-krakow-sales-it-i-telekomunikacja,Kraków,rocketjobs.pl,,,False,,,,,,
Tylko,A,qualified,,80.5,2,0,True,customer_service|sales_leadership,Sales Manager (Retail),https://rocketjobs.pl/oferta-pracy/tylko-sales-manager-retail--warszawa-sales-wyposazenie-domu,Warsaw|Warszawa,rocketjobs.pl,,,False,,,,,,
Pyszne.pl,A,qualified,,80.5,2,0,True,account_mgmt|sales_leadership,Regional Sales Manager SMB (m/k/os),https://rocketjobs.pl/oferta-pracy/pyszne-pl-regional-sales-manager-smb-m-k-os--wroclaw-sales-it-i-telekomunikacja,Gdańsk|Warszawa|Wrocław,rocketjobs.pl,,,False,,,,,,
ManyHr,A,qualified,,80.5,2,0,True,ae_b2b_saas|sales_leadership,Menedżer / Menedżerka ds. Sprzedaży B2B,https://www.praca.pl/menedzer-menedzerka-ds-sprzedazy-b2b_11475652.html,Warszawa,praca.pl,,,False,,,,,,
Nexio Management Sp. z o. o.,A,qualified,,80.2,3,0,False,account_mgmt|ae_b2b_saas,IT Business Development Manager - outsourcing IT,https://rocketjobs.pl/oferta-pracy/nexio-management-sp-z-o-o--it-business-development-manager---outsourcing-it-warszawa-sales-it-i-telekomunikacja,Warszawa,rocketjobs.pl,,,False,,,,,,
PEOPLE-HUB POLAND,A,qualified,,80.0,5,0,False,sales_specialist,Handlowiec (branża energetyczna) m/k/n,https://rocketjobs.pl/oferta-pracy/people-hub-poland-handlowiec-branza-energetyczna-m-k-n-warszawa-sales-energia-srodowisko-ddc87440,Gdańsk|Lublin|Stargard|Warszawa|Zielona Góra,rocketjobs.pl,,,False,,,,,,
Rodak Group Sp zoo,A,qualified,,80.0,3,0,True,sales_leadership,Dyrektor Sprzedaży,https://rocketjobs.pl/oferta-pracy/rodak-group-sp-zoo-dyrektor-sprzedazy-wroclaw-sales-farmacja-medycyna-25b931b7,Warszawa|Wrocław,rocketjobs.pl,https://linktr.ee/pawelrodak,11-25,False,,,,,,
GRH Group,A,qualified,,80.0,2,0,False,high_ticket_b2c|sales_specialist,Doradca Techniczno-Handlowy (k/m),https://rocketjobs.pl/oferta-pracy/grh-group-doradca-techniczno-handlowy-k-m--rzeszow-sales-inzynieria-technika-produkcja,Clusaz|Kolbuszowa|Lublin|Rzeszów,rocketjobs.pl,,,False,,,,,,
HANDS grupa reklamowa dla Marki Magic Pack,A,qualified,,80.0,2,0,False,ae_b2b_saas,Handlowiec B2B (wynagrodzenie prowizyjne),https://rocketjobs.pl/oferta-pracy/hands-grupa-reklamowa-dla-marki-magic-pack-handlowiec-b2b-wynagrodzenie-prowizyjne--poznan-sales-inne,Poznań,rocketjobs.pl,,,False,,,,,,
MAKO TSL,A,qualified,,80.0,2,0,False,ae_b2b_saas,Business Development Manager - DE,https://rocketjobs.pl/oferta-pracy/mako-tsl-business-development-manager---de-gdansk-sales-motoryzacja-transport-a3506b08,Gdańsk,rocketjobs.pl,,,False,,,,,,
Oferteo.pl,A,qualified,,80.0,2,0,False,generic_sales|high_ticket_b2c,Młodszy Doradca Klienta Biznesowego,https://rocketjobs.pl/oferta-pracy/oferteo-pl-mlodszy-doradca-klienta-biznesowego-wroclaw-sales-inne-50a2ab55,Wrocław,rocketjobs.pl,,,False,,,,,,
Welyo,A,qualified,,80.0,2,0,False,account_mgmt|ae_b2b_saas,Business Development Manager,https://rocketjobs.pl/oferta-pracy/welyo-business-development-manager-warszawa-sales-it-i-telekomunikacja,Warszawa,rocketjobs.pl,,,False,,,,,,
DONE Deliveries,A,qualified,,80.0,2,0,False,ae_b2b_saas|customer_service,Business Development Specialist | Rynek Niemiecki / Włoski,https://rocketjobs.pl/oferta-pracy/done-deliveries-business-development-specialist-rynek-niemiecki-wloski-andrychow-sales-motoryzacja-transport,Andrychów,rocketjobs.pl,,,False,,,,,,
Prosper Polska,A,qualified,,80.0,2,0,False,generic_sales|high_ticket_b2c,Młodszy Doradca Klienta ds. Sprzedaży,https://rocketjobs.pl/oferta-pracy/prosper-polska-sp-z-o-o--mlodszy-doradca-klienta-ds-sprzedazy-warszawa-sales-uslugi-profesjonalne,Warszawa,rocketjobs.pl,,,False,,,,,,
ABC WORK Sp. z o.o Sp.k,A,qualified,,80.0,2,0,False,ae_b2b_saas|generic_sales,"Opiekun Klienta B2B, rozwój relacji i pozyskiwanie nowych klientów",https://rocketjobs.pl/oferta-pracy/abc-work-sp-z-o-o-sp-k-opiekun-klienta-b2b-rozwoj-relacji-i-pozyskiwanie-nowych-klientow-warszawa-sales-inne,Kraków|Warszawa,rocketjobs.pl,,,False,,,,,,
Creotech Instruments S.A.,A,qualified,,80.0,2,0,False,ae_b2b_saas,"Business Development Manager – Defence, Government & NATO Programmes",https://rocketjobs.pl/oferta-pracy/creotech-instruments-s-a--business-development-manager---defence-government-nato-programmes-warszawa-sales-uslugi-profesjonalne,Warszawa,rocketjobs.pl,https://creotech.pl/,101-500,False,,,,,,
MODERN-EXPO,A,qualified,,80.0,2,0,False,ae_b2b_saas,Senior Business Development Manager (m/k),https://rocketjobs.pl/oferta-pracy/modern-expo-senior-business-development-manager-m-k--warszawa-sales-inzynieria-technika-produkcja,Warszawa,rocketjobs.pl,,,False,,,,,,
EKOVOLTIS,A,qualified,,80.0,2,0,False,high_ticket_b2c,Doradca ds. Sprzedaży,https://rocketjobs.pl/oferta-pracy/ekovoltis-doradca-ds-sprzedazy-zielona-gora-sales-energia-srodowisko,Bielsko-Biała|Warszawa|Zielona Góra,rocketjobs.pl,,,False,,,,,,
Flyps Sp. z o.o.,A,qualified,,80.0,2,0,False,account_mgmt|ae_b2b_saas,IT Business Development Manager,https://rocketjobs.pl/oferta-pracy/flyps-sp-z-o-o--it-business-development-manager-poznan-sales-it-i-telekomunikacja-407777a1,Poznań,rocketjobs.pl,,,False,,,,,,
Trichopartner sp. z o.o.,A,qualified,,80.0,2,0,False,high_ticket_b2c|sales_specialist,Opiekun Klienta / Specjalista ds. Sprzedaży — rynek ukraiński,https://rocketjobs.pl/oferta-pracy/trichopartner-sp-z-o-o--opiekun-klienta-specjalista-ds-sprzedazy---rynek-ukrainski-warszawa-sales-uslugi-profesjonalne,Warszawa,rocketjobs.pl,,,False,,,,,,
Vercom S.A.,A,qualified,,80.0,2,0,False,account_mgmt|ae_b2b_saas,Industry Account Executive,https://rocketjobs.pl/oferta-pracy/vercom-s-a--industry-account-executive-poznan-sales-it-i-telekomunikacja,Poznań,rocketjobs.pl,,,False,,,,,,
Sherpath,A,qualified,,80.0,2,0,False,ae_b2b_saas|high_ticket_b2c,Doradca handlowy CNC,https://rocketjobs.pl/oferta-pracy/sherpath-doradca-handlowy-cnc-warszawa-sales-inzynieria-technika-produkcja,Warszawa|Łódź,rocketjobs.pl,,,False,,,,,,
New Wave International Cargo,A,qualified,,80.0,2,0,False,ae_b2b_saas,Business Development Manager,https://rocketjobs.pl/oferta-pracy/new-wave-international-cargo-business-development-manager-warszawa-sales-motoryzacja-transport,Warszawa|Wrocław,rocketjobs.pl,,,False,,,,,,
Phinance S.A.,A,qualified,,80.0,2,0,False,high_ticket_b2c,Doradca Finansowy / Doradczyni Finansowa,https://rocketjobs.pl/oferta-pracy/phinance-s-a--doradca-finansowy-doradczyni-finansowa-krakow-support-finanse-bankowosc-ubezpieczenia,Kraków,aplikuj.pl|rocketjobs.pl,,,False,,,,,,
Info Marine Sp. z o.o.,A,qualified,,80.0,2,0,False,ae_b2b_saas|generic_sales,Specjalista / Specjalistka ds. Sprzedaży B2B,https://www.praca.pl/specjalista-specjalistka-ds-sprzedazy-b2b_11471224.html,Gdynia,praca.pl,,,False,,,,,,
YELLOW OCTOPUS EU SPÓŁKA AKCYJNA,B,qualified,,79.8,2,0,True,sales_leadership,Head of Sales,https://rocketjobs.pl/oferta-pracy/yellow-octopus-eu-spolka-akcyjna-head-of-sales-sokolow-sales-odziez-i-akcesoria,Sokołów,rocketjobs.pl,,,False,,,,,,
Freedom Nieruchomości,B,qualified,,79.5,7,0,False,generic_sales|high_ticket_b2c,Agent Nieruchomości,https://www.praca.pl/agent-nieruchomosci_11425759.html,Częstochowa|Katowice|Kołobrzeg|Kraków|Olsztyn|Warszawa,praca.pl,,,False,,,,,,
FUNDACJA KATALYST EDUCATION,B,qualified,,79.5,2,1,False,generic_sales|sdr_bdr_inside,Digital Sales Representative - Ukrainian-English,https://rocketjobs.pl/oferta-pracy/fundacja-katalyst-education-digital-sales-representative---ukrainian-english-warszawa-sales-it-i-telekomunikacja,Kraków|Sulechów|Warszawa,rocketjobs.pl,,,False,,,,,,
FERONA POLSKA S.A.,B,qualified,,79.5,1,1,False,sdr_bdr_inside,Młodszy Specjalista / Młodsza Specjalistka ds. Pozyskiwania Klientów,https://www.praca.pl/mlodszy-specjalista-mlodsza-specjalistka-ds-pozyskiwania-klientow_11445445.html,Mysłowice,praca.pl,,,False,,,,,,
ANWIS Sp. z o.o.,B,qualified,,79.5,1,1,False,sdr_bdr_inside,Młodszy Specjalista / Młodsza Specjalistka ds. Sprzedaży (Junior Sales Specialist) w Dziale Sprzedaży Zagranicznej,https://www.praca.pl/mlodszy-specjalista-mlodsza-specjalistka-ds-sprzedazy-junior-sales-specialist-w-dziale-sprzedazy-zagranicznej_11412307.html,Włocławek,praca.pl,,,False,,,,,,
EVAMATS Sp. z o.o.,B,qualified,,79.2,2,0,False,generic_sales|sales_specialist,Specjalista ds. Sprzedaży,https://rocketjobs.pl/oferta-pracy/evamats-sp-z-o-o--specjalista-ds-sprzedazy-gdansk-sales-motoryzacja-transport-5f2ad444,Gdańsk,rocketjobs.pl,,,False,,,,,,
WeNet sp. z o.o.,B,qualified,,78.8,15,0,False,account_mgmt|generic_sales|sales_specialist,National Account Manager,https://rocketjobs.pl/oferta-pracy/wenet-sp-z-o-o--national-account-manager-gdansk-sales-marketing-reklama-media-46e20edd,Białystok|Gdańsk|Katowice|Kraków|Poznań|Warszawa|Łódź,rocketjobs.pl,,,False,,,,,,
KOMFORT,B,qualified,,78.8,3,0,False,high_ticket_b2c,(Młodszy) Projektant - opiekun Klienta,https://rocketjobs.pl/oferta-pracy/komfort--mlodszy-projektant---opiekun-klienta-gdansk-support-sprzedawcy,Gdańsk|Kraków|Warszawa,rocketjobs.pl,,,False,,,,,,
Cosibella,B,qualified,,78.8,1,0,True,sales_leadership,Team Leader/ka Hurtu zagranicznego i Ekspansji,https://rocketjobs.pl/oferta-pracy/cosibella-team-leader-ka-hurtu-zagranicznego-i-ekspansji-warszawa-sales-kosmetyki-chemia,Warszawa,rocketjobs.pl,,,False,,,,,,
TIDK Sp. z o.o.,B,qualified,,78.8,1,1,False,sdr_bdr_inside,IT Sales Development Representative,https://nofluffjobs.com/pl/job/it-sales-development-representative-tidk-poznan,Poznań,nofluffjobs.com,,,False,,,,,,
NORD CAPITAL SPÓŁKA JAWNA ADRIAN BYSZEWSKI I WSPÓLNICY,B,qualified,,78.8,1,1,False,telesales_callcenter,Specjalista do spraw telesprzedaży (k/m),https://www.aplikuj.pl/oferta/3289176/specjalista-do-spraw-telesprzedazy-k-m-umowa-o-prace-nord-capital-spolka-jawna-adrian-byszewski-i-wspolnicy,Kielce,aplikuj.pl,,,False,,,,,,
Klimas Wkręt-met,B,qualified,,78.2,2,0,True,high_ticket_b2c|sales_leadership,Specjalista ds. sprzedaży inwestycyjnej m/k- Kraków,https://rocketjobs.pl/oferta-pracy/klimas-wkret-met-specjalista-ds-sprzedazy-inwestycyjnej-m-k--krakow-krakow-sales-inzynieria-technika-produkcja,Kraków|Lubin|Łódź,rocketjobs.pl,,,False,,,,,,
Neswork Sp. z o.o.,B,qualified,,78.0,40,0,False,ae_b2b_saas,Praca dla ELEKTRYKA w Niemczech - kontrakt B2B,https://www.aplikuj.pl/oferta/3330680/praca-dla-elektryka-w-niemczech-kontrakt-b2b-umowa-o-prace-neswork-sp-z-o-o,Bielawa|Bolesławiec|Dzierżoniów|Gniezno|Gostyń|Głogów|Jarocin|Jawor|Jelenia Góra|Kalisz|Kamienna Góra|Konin|Koło|Kościan,aplikuj.pl,,,False,,,,,,
ELTROX SPÓŁKA Z OGRANICZONĄ ODPOWIEDZIALNOŚCIĄ,B,qualified,,78.0,7,0,False,sales_specialist,Specjalista/specjalistka ds. sprzedaży,https://rocketjobs.pl/oferta-pracy/eltrox-sp-z-o-o--specjalista-specjalistka-ds-sprzedazy-bielsko-biala-sales-rtv-agd-artykuly-przemyslowe,Bielsko-Biała|Bydgoszcz|Częstochowa|Gorzów Wielkopolski|Radom,rocketjobs.pl,https://www.eltrox.pl/,101-500,False,,,,,,
Praca.pl,B,qualified,,78.0,6,0,False,generic_sales|high_ticket_b2c|sales_specialist,Specjalista / Specjalistka ds. Sprzedaży,https://www.praca.pl/specjalista-specjalistka-ds-sprzedazy_11497696.html,Buk|Gdynia|Opole|Pniewy|Płock|Relokacja|Warszawa|Wrocław|Łódź,praca.pl,,,False,,,,,,
Halfing&Petersen,B,qualified,,78.0,4,0,True,sales_leadership,Dyrektor Sprzedaży / Dyrektorka Sprzedaży,https://rocketjobs.pl/oferta-pracy/halfing-petersen-dyrektor-sprzedazy-dyrektorka-sprzedazy-poznan-sales-rtv-agd-artykuly-przemyslowe,Nowy Dwór Mazowiecki|Poznań|Rzeszów|Sierpc,rocketjobs.pl,,,False,,,,,,
WhitePress,B,qualified,,78.0,3,0,False,sales_specialist,Specjalista ds. Sprzedaży z językiem Francuskim,https://rocketjobs.pl/oferta-pracy/whitepress-specjalista-ds-sprzedazy-z-jezykiem-francuskim-bielsko-biala-sales-marketing-reklama-media,Bielsko-Biała,rocketjobs.pl,,,False,,,,,,
Modus Sp. z o.o. sp. k.,B,qualified,,78.0,1,0,True,sales_leadership,Team Leader Zespołu Ambasadorów marki PLOOM w kanale Retail,https://rocketjobs.pl/oferta-pracy/modus-sp-z-o-o-sp-k--team-leader-zespolu-ambasadorow-marki-ploom-w-kanale-retail-gdynia-sales-inne,Gdynia,rocketjobs.pl,,,False,,,,,,
CarFree,B,qualified,,77.5,4,0,False,high_ticket_b2c,Agent / Agentka ds. Wynajmu Samochodów - Lotnisko Chopina,https://rocketjobs.pl/oferta-pracy/carfree-agent-agentka-ds-wynajmu-samochodow---lotnisko-chopina-warszawa-sales-motoryzacja-transport,Poznań|Warszawa|Zielona Góra,rocketjobs.pl,,,False,,,,,,
WearTech,B,qualified,,77.5,2,0,True,generic_sales|sales_leadership,Enterprise sales manager (retail),https://rocketjobs.pl/oferta-pracy/weartech-enterprise-sales-manager-retail--wroclaw-sales-it-i-telekomunikacja,Wrocław,rocketjobs.pl,,,False,,,,,,
Bricoman Polska Sp. z o.o.,B,qualified,,77.5,2,0,True,high_ticket_b2c|sales_leadership,Doradca Klienta/ Doradczyni Klienta,https://rocketjobs.pl/oferta-pracy/bricoman-polska-sp-z-o-o--doradca-klienta-doradczyni-klienta-kowale-sales-sieci-handlowe-4fd3b3f1,Kowale|Poznań,rocketjobs.pl,,,False,,,,,,
Kaliszuk sp.j. Staff Partners,B,qualified,,77.5,2,2,False,sdr_bdr_inside,Specjalista / Specjalistka ds. Pozyskiwania Nieruchomości,https://www.aplikuj.pl/oferta/3322375/specjalista-specjalistka-ds-pozyskiwania-nieruchomosci-umowa-o-prace-kaliszuk-sp-j-staff-partners,Białystok|Olsztyn,aplikuj.pl,,,False,,,,,,
AstraFox,B,qualified,,77.5,1,0,False,ae_b2b_saas,Sales Executive / Handlowiec — oprogramowanie BPM i obieg dokumentów (AMODIT),https://rocketjobs.pl/oferta-pracy/astrafox-sales-executive-handlowiec---oprogramowanie-bpm-i-obieg-dokumentow-amodit--warszawa-sales-it-i-telekomunikacja,Warszawa,rocketjobs.pl,,,False,,,,,,
KCharles Haulage,B,qualified,,77.5,1,0,False,ae_b2b_saas,Sales Executive,https://rocketjobs.pl/oferta-pracy/kcharles-haulage-sales-executive-warszawa-sales-motoryzacja-transport-a1dfa0b2,Warszawa,rocketjobs.pl,,,False,,,,,,
SNI Consulting,B,qualified,,77.5,1,0,False,ae_b2b_saas,Business Development Manager,https://rocketjobs.pl/oferta-pracy/sni-consulting-business-development-manager-warszawa-sales-uslugi-profesjonalne-080b465a,Warszawa,rocketjobs.pl,,,False,,,,,,
adsfox,B,qualified,,77.5,1,0,False,ae_b2b_saas,Specjalista ds. sprzedaży usług marketingowych w branży B2B 🚀,https://rocketjobs.pl/oferta-pracy/adsfox-specjalista-ds-sprzedazy-uslug-marketingowych-w-branzy-b2b--krakow-sales-inne-3461d0fc,Kraków,rocketjobs.pl,,,False,,,,,,
Miele Sp. z o.o.,B,qualified,,77.5,1,0,False,high_ticket_b2c,Doradca Klienta w Miele Experience Center,https://rocketjobs.pl/oferta-pracy/miele-sp-z-o-o--zastepca-kierownika-salonu-miele-experience-center-gdynia-sales-rtv-agd-artykuly-przemyslowe-29f619f7,Gdynia,rocketjobs.pl,,,False,,,,,,
Knacks sp. z o.o.,B,qualified,,77.5,1,0,False,ae_b2b_saas,Business Development Manager,https://rocketjobs.pl/oferta-pracy/knacks-sp-z-o-o--business-development-manager-wroclaw-sales-marketing-reklama-media,Wrocław,rocketjobs.pl,,,False,,,,,,
7N Sp. z o. o.,B,qualified,,77.5,1,0,False,ae_b2b_saas,Business Development and IT Account Manager,https://rocketjobs.pl/oferta-pracy/7n-sp-z-o-o--business-development-and-it-account-manager-gdansk-sales-inzynieria-technika-produkcja,Gdańsk,rocketjobs.pl,,,False,,,,,,
Beesafe,B,qualified,,77.5,1,0,False,high_ticket_b2c,Specjalista / Specjalistka ds. Sprzedaży Ubezpieczeń,https://rocketjobs.pl/oferta-pracy/beesafe-specjalista-specjalistka-ds-sprzedazy-ubezpieczen-warsaw-mazowieckie-poland-sales-finanse-bankowosc-ubezpieczenia-f77e754f,Warsaw,rocketjobs.pl,,,False,,,,,,
Greenkick Sp. z o.o.,B,qualified,,77.5,1,0,False,ae_b2b_saas,Specjalista ds. Sprzedaży B2B – Elektromobilność,https://rocketjobs.pl/oferta-pracy/greenkick-sp-z-o-o--specjalista-ds-sprzedazy-b2b---elektromobilnosc-wroclaw-sales-energia-srodowisko-5a461d34,Wrocław,rocketjobs.pl,,,False,,,,,,
Moraj Sp. z o.o. Sp.k.,B,qualified,,77.5,1,0,False,ae_b2b_saas,Specjalista ds. sprzedaży B2B (platforma cyfrowa) (k/m/x),https://rocketjobs.pl/oferta-pracy/moraj-sp-z-o-o-sp-k--specjalista-ds-sprzedazy-b2b-platforma-cyfrowa-k-m-x--zory-sales-marketing-reklama-media,Żory,rocketjobs.pl,,,False,,,,,,
Lobo Garage,B,qualified,,77.5,1,0,False,high_ticket_b2c,Handlowiec – sprzedaż folii PPF i szkoleń z aplikacji folii,https://rocketjobs.pl/oferta-pracy/lobo-garage-handlowiec---sprzedaz-folii-ppf-i-szkolen-z-aplikacji-folii-poznan-sales-motoryzacja-transport-e8cd4e9a,Poznań|Warszwa,rocketjobs.pl,,,False,,,,,,
LLInformatics,B,qualified,,77.5,1,0,False,ae_b2b_saas,Business Development Manager,https://rocketjobs.pl/oferta-pracy/llinformatics-business-development-manager-warszawa-sales-it-i-telekomunikacja,Warszawa,rocketjobs.pl,,,False,,,,,,
Platforma Mieszkaniowa,B,qualified,,77.5,1,0,False,high_ticket_b2c,Agent / Agentka Nieruchomości,https://rocketjobs.pl/oferta-pracy/platforma-mieszkaniowa-agent-agentka-nieruchomosci-warszawa-sales-nieruchomosci-budownictwo-3f9cd261,Warszawa,rocketjobs.pl,,,False,,,,,,
GEMINI SPÓŁKA Z OGRANICZONĄ ODPOWIEDZIALNOŚCIĄ,B,qualified,,77.5,1,0,False,high_ticket_b2c,Doradca handlowy,https://rocketjobs.pl/oferta-pracy/gemini-spolka-z-ograniczona-odpowiedzialnoscia-doradca-handlowy-chorzow-sales-farmacja-medycyna,Chorzów,rocketjobs.pl,,,False,,,,,,
Erkado sp. z o.o.,B,qualified,,77.5,1,0,False,high_ticket_b2c,Doradca techniczny ds. współpracy z architektami (K/M),https://rocketjobs.pl/oferta-pracy/erkado-sp-z-o-o--doradca-techniczny-ds-wspolpracy-z-architektami-k-m--warszawa-sales-wyposazenie-domu,Gościeradów-Folwark|Warszawa,rocketjobs.pl,,,False,,,,,,
Optim Human Sp. z o.o,B,qualified,,77.5,1,0,False,ae_b2b_saas,Handlowiec/ Handlowczyni B2B – Branża Wnętrzarska,https://rocketjobs.pl/oferta-pracy/optim-human-sp-z-o-o-handlowiec-handlowczyni-b2b---branza-wnetrzarska-warszawa-sales-wyposazenie-domu,Warszawa,rocketjobs.pl,,,False,,,,,,
Media4U,B,qualified,,77.5,1,0,False,ae_b2b_saas,Business Development Manager,https://rocketjobs.pl/oferta-pracy/media4u-business-development-manager-lodz-sales-it-i-telekomunikacja-58864563,Łódź,rocketjobs.pl,,,False,,,,,,
Solidstudio,B,qualified,,77.5,1,0,False,ae_b2b_saas,Senior Sales Executive,https://rocketjobs.pl/oferta-pracy/solidstudio-senior-sales-executive-krakow-sales-energia-srodowisko-cb22d788,Kraków,rocketjobs.pl,,,False,,,,,,
Social Elite,B,qualified,,77.5,1,0,False,ae_b2b_saas,Senior Specjalista/ka ds. Sprzedaży B2B (Digital/E-commerce),https://rocketjobs.pl/oferta-pracy/social-elite-senior-specjalista-ka-ds-sprzedazy-b2b-digital-e-commerce--wroclaw-sales-marketing-reklama-media,Wrocław,rocketjobs.pl,,,False,,,,,,
Connectmedica,B,qualified,,77.5,1,0,False,ae_b2b_saas,Mid Sales Executive,https://rocketjobs.pl/oferta-pracy/connectmedica-mid-sales-executive-warszawa-sales-inne,Warszawa,rocketjobs.pl,,,False,,,,,,
Mathema.me,B,qualified,,77.5,1,0,False,ae_b2b_saas,Video Sales Consultant,https://rocketjobs.pl/oferta-pracy/mathema-me-video-sales-consultant-warszawa-sales-inne,Warszawa,rocketjobs.pl,,,False,,,,,,
BTH Elstar Sp. z o.o.,B,qualified,,77.5,1,0,False,high_ticket_b2c,Doradca Techniczno-Handlowy (K/M),https://rocketjobs.pl/oferta-pracy/bth-elstar-sp-z-o-o--doradca-techniczno-handlowy-k-m--wroclaw-sales-inzynieria-technika-produkcja,Wrocław,rocketjobs.pl,https://elstar.com.pl/,51-100,False,,,,,,
MM AGENCJA MARKETINGU EKOLOGICZNEGO,B,qualified,,77.5,1,0,False,ae_b2b_saas,Specjalista / Specjalistka ds. Sprzedaży B2B,https://rocketjobs.pl/oferta-pracy/mm-agencja-marketingu-ekologicznego-specjalista-specjalistka-ds-sprzedazy-b2b-warszawa-sales-energia-srodowisko,Warszawa,rocketjobs.pl,,,False,,,,,,
Pstro sp. z o.o.,B,qualified,,77.5,1,0,False,ae_b2b_saas,Manager ds. klientów grupowych i B2B,https://rocketjobs.pl/oferta-pracy/pstro-sp-z-o-o--manager-ds-klientow-grupowych-i-b2b-warszawa-sales-inne-6412d4ab,Warszawa,rocketjobs.pl,,,False,,,,,,
ESTATEPARK AGENCJA NIERUCHOMOŚCI PREMIUM,B,qualified,,77.5,1,0,False,high_ticket_b2c,Agent(ka) nieruchomości Warszawa,https://rocketjobs.pl/oferta-pracy/estatepark-agencja-nieruchomosci-premium-agent-ka-nieruchomosci-warszawa-warszawa-sales-nieruchomosci-budownictwo,Warszawa,rocketjobs.pl,,,False,,,,,,
NPROFIT,B,qualified,,77.5,1,0,False,high_ticket_b2c,Doradca klienta/handlowiec w branży marketingowej - praca stacjonarna,https://rocketjobs.pl/oferta-pracy/nprofit-doradca-klienta-handlowiec-w-branzy-marketingowej---praca-stacjonarna-kielce-sales-marketing-reklama-media-dc2c661a,Kielce,rocketjobs.pl,,,False,,,,,,
LPW CONSULTING SP. Z O.O.,B,qualified,,77.5,1,0,False,ae_b2b_saas,Specjalistkę / Specjalistę ds. sprzedaży B2G / B2B.,https://rocketjobs.pl/oferta-pracy/lpw-consulting-sp-z-o-o--specjalistka-specjalista-ds-sprzedazy-dofinansowan-i-projektow-katowice-sales-inne,Katowice,rocketjobs.pl,,,False,,,,,,
Hostamo,B,qualified,,77.5,1,0,False,ae_b2b_saas,Trener / Szkoleniowiec sprzedaży (B2B | szkolenia stacjonarne) trener,https://rocketjobs.pl/oferta-pracy/hostamo-sp-z-o-o--trener-szkoleniowiec-sprzedazy-b2b-szkolenia-stacjonarne-trener-wroclaw-sales-inne-fd886309,Biłgoraj|Bytom|Będzin|Czechowice-Dziedzice|Czeladź|Dobra Szczecińska|Dzierżoniów|Dąbrowa Górnicza|Gliwice|Golczewo|Golen,rocketjobs.pl,,,False,,,,,,
Green Parrot,B,qualified,,77.5,1,0,False,ae_b2b_saas,Business Development Manager - B2B SaaS (widoczność marek w AI),https://rocketjobs.pl/oferta-pracy/green-parrot-business-development-manager---b2b-saas-widocznosc-marek-w-ai--warszawa-sales-marketing-reklama-media,Warszawa,rocketjobs.pl,,,False,,,,,,
Xopero Software,B,qualified,,77.5,1,0,False,ae_b2b_saas,Channel Business Development Manager,https://rocketjobs.pl/oferta-pracy/xopero-software-channel-business-development-manager-warszawa-sales-it-i-telekomunikacja-d3c59e24,Warszawa,rocketjobs.pl,,,False,,,,,,
Bean&Buddies Sp. z o.o.,B,qualified,,77.5,1,0,False,ae_b2b_saas,Specjalista/ka ds. aktywnej sprzedaży B2B (k/m),https://rocketjobs.pl/oferta-pracy/bean-buddies-sp-z-o-o--specjalista-ka-ds-aktywnej-sprzedazy-b2b-k-m--warszawa-sales-inne,Warszawa,rocketjobs.pl,http://www.beanbuddies.eu,1-10,False,,,,,,
fonio.ai,B,qualified,,77.5,1,0,False,ae_b2b_saas,AE – Doradca Sprzedaży B2B (SaaS / AI),https://rocketjobs.pl/oferta-pracy/fonio-ai-doradca-doradczyni-ds-sprzedazy-b2b-ae--warszawa-sales-it-i-telekomunikacja,Warszawa,rocketjobs.pl,,,False,,,,,,
JOANNA GRUDKOWSKA UBEZPIECZENIA,B,qualified,,77.5,1,0,False,high_ticket_b2c,Doradca Finansowy,https://rocketjobs.pl/oferta-pracy/joanna-grudkowska-ubezpieczenia-doradca-finansowy-olsztyn-sales-finanse-bankowosc-ubezpieczenia,Olsztyn,rocketjobs.pl,,,False,,,,,,
IVF Media Ltd,B,qualified,,77.5,1,0,False,ae_b2b_saas,B2B Sales / Business Development Manager Europe — IVF Media Marketplace,https://rocketjobs.pl/oferta-pracy/ivf-media-ltd-b2b-sales-business-development-manager-europe---ivf-media-marketplace-gdansk-sales-farmacja-medycyna-180d35c6,Gdańsk,rocketjobs.pl,,,False,,,,,,
NIERUCHOMOŚCI4YOU,B,qualified,,77.5,1,0,False,high_ticket_b2c,Agent/ Agentka nieruchomości,https://rocketjobs.pl/oferta-pracy/nieruchomosci4you-agent-agentka-nieruchomosci-wroclaw-sales-nieruchomosci-budownictwo,Wrocław,rocketjobs.pl,,,False,,,,,,
Agencja LIONS,B,qualified,,77.5,1,0,False,ae_b2b_saas,Handlowiec B2B - Prowizja,https://rocketjobs.pl/oferta-pracy/agencja-lions-handlowiec-b2b---prowizja-warszawa-sales-marketing-reklama-media,Warszawa,rocketjobs.pl,,,False,,,,,,
VoiceLab.AI,B,qualified,,77.5,1,0,False,ae_b2b_saas,Specjalista ds. rozwoju sprzedaży SaaS – Lead & Demand Generation,https://rocketjobs.pl/oferta-pracy/voicelab-ai-specjalista-ds-rozwoju-sprzedazy-saas---lead-demand-generation-gdansk-sales-it-i-telekomunikacja,Gdańsk,rocketjobs.pl,,,False,,,,,,
Autoplac Sp. z o.o.,B,qualified,,77.5,1,0,False,ae_b2b_saas,Specjalista ds. rozwoju klientów B2B,https://rocketjobs.pl/oferta-pracy/autoplac-sp-z-o-o--specjalista-ds-rozwoju-klientow-b2b-poznan-sales-motoryzacja-transport,Poznań,rocketjobs.pl,,,False,,,,,,
Properly Sp. z o.o.,B,qualified,,77.5,1,0,False,ae_b2b_saas,Business Development Manager,https://rocketjobs.pl/oferta-pracy/properly-sp-z-o-o--business-development-manager-warszawa-sales-uslugi-profesjonalne-a2ba5524,Warszawa,rocketjobs.pl,,,False,,,,,,
HUMANVERSE SPÓŁKA Z OGRANICZONĄ ODPOWIEDZIALNOŚCIĄ,B,qualified,,77.5,1,0,False,ae_b2b_saas,Business Development Manager,https://rocketjobs.pl/oferta-pracy/humanverse-spolka-z-ograniczona-odpowiedzialnoscia-business-development-manager-warszawa-sales-marketing-reklama-media-d2f2002d,Warszawa,rocketjobs.pl,,,False,,,,,,
Architektura Sprzedaży,B,qualified,,77.5,1,0,False,ae_b2b_saas,Doradca finansowy (Sprzedaż B2C&B2B),https://rocketjobs.pl/oferta-pracy/architektura-sprzedazy-doradca-finansowy-sprzedaz-b2c-b2b--wroclaw-sales-finanse-bankowosc-ubezpieczenia-052641af,Wrocław,rocketjobs.pl,,,False,,,,,,
Prenovi,B,qualified,,77.5,1,0,False,high_ticket_b2c,Doradca ds. Sprzedaży Domów Jednorodzinnych,https://rocketjobs.pl/oferta-pracy/prenovi-doradca-ds-sprzedazy-domow-jednorodzinnych-warszawa-support-sprzedawcy,Warszawa,rocketjobs.pl,,,False,,,,,,
Tekton Capital sp. z o.o.,B,qualified,,77.5,1,0,False,high_ticket_b2c,Opiekun klienta kupującego,https://rocketjobs.pl/oferta-pracy/tekton-capital-sp-z-o-o--opiekun-klienta-kupujacego-gdynia-support-inne-b1455ea1,Gdynia,rocketjobs.pl,,,False,,,,,,
KRISPOL Sp. z o.o.,B,qualified,,77.5,1,0,False,high_ticket_b2c,Doradca Handlowy / Doradczyni Handlowa z jęz. niemieckim,https://rocketjobs.pl/oferta-pracy/krispol-sp-z-o-o--doradca-handlowy-doradczyni-handlowa-z-jez-niemieckim-wrzesnia-support-inzynieria-technika-produkcja-035e5005,Września,rocketjobs.pl,,,False,,,,,,
Medyc,B,qualified,,77.5,1,0,False,ae_b2b_saas,Specjalista / Specjalistka ds. obsługi klienta B2B - 100% Zdalnie,https://rocketjobs.pl/oferta-pracy/medyc-specjalista-specjalistka-ds-obslugi-klienta-b2b---100-zdalnie-gdansk-support-it-i-telekomunikacja,Gdańsk,rocketjobs.pl,,,False,,,,,,
Boxmarket,B,qualified,,77.5,1,0,False,ae_b2b_saas,Specjalista / Specjalistka ds. Obsługi Klienta B2B (Customer Service Specialist),https://rocketjobs.pl/oferta-pracy/boxmarket-specjalista-specjalistka-ds-obslugi-klienta-b2b-customer-service-specialist--brwinow-support-inne,Brwinów,rocketjobs.pl,,,False,,,,,,
Flotman Sp. z o.o.,B,qualified,,77.2,1,0,True,sales_leadership,Sales Team Leader,https://rocketjobs.pl/oferta-pracy/flotman-sp-z-o-o--sales-team-leader-warszawa-sales-it-i-telekomunikacja-2435a39e,Warszawa,rocketjobs.pl,,,False,,,,,,
Catalogic Polska,B,qualified,,77.2,1,0,True,sales_leadership,Sales Manager DACH & CEE,https://rocketjobs.pl/oferta-pracy/catalogic-polska-sales-manager-dach-cee-warszawa-sales-it-i-telekomunikacja-cb67d3b6,Warszawa,rocketjobs.pl,,,False,,,,,,
Lemarpol Wózki Widłowe sp. z o.o.,B,qualified,,76.8,2,0,True,account_mgmt|sales_leadership,Dyrektor Sprzedaży,https://rocketjobs.pl/oferta-pracy/lemarpol-wozki-widlowe-sp-z-o-o--dyrektor-sprzedazy-zator-sales-inne,Wrocław|Zator,rocketjobs.pl,,,False,,,,,,
Wizerunek Plus Sp. z o.o.,B,qualified,,76.8,1,0,False,sales_specialist,Specjalista ds. sprzedaży,https://rocketjobs.pl/oferta-pracy/wizerunek-plus-sp-z-o-o--specjalista-ds-sprzedazy-warszawa-sales-marketing-reklama-media,Warszawa,rocketjobs.pl,,,False,,,,,,
SOFLAB TECHNOLOGY,B,qualified,,76.8,1,0,False,ae_b2b_saas,Business Development Manager,https://rocketjobs.pl/oferta-pracy/soflab-technology-business-development-manager-warszawa-sales-it-i-telekomunikacja-5bbdb735,Warszawa,rocketjobs.pl,,,False,,,,,,
Car Lease Polska sp. z o.o.,B,qualified,,76.8,1,0,False,high_ticket_b2c,Doradca/Doradczyni klienta ds. wyboru samochodu i finansowania,https://rocketjobs.pl/oferta-pracy/car-lease-polska-sp-z-o-o--doradca-doradczyni-klienta-ds-wyboru-samochodu-i-finansowania-katowice-sales-motoryzacja-transport-56e21de2,Gdańsk|Gdynia|Katowice,rocketjobs.pl,,,False,,,,,,
Code and Pepper,B,qualified,,76.8,1,0,False,ae_b2b_saas,Business Development Manager,https://rocketjobs.pl/oferta-pracy/code-and-pepper-business-development-manager-warszawa-sales-it-i-telekomunikacja,Warszawa,rocketjobs.pl,,,False,,,,,,
Stawowy Group Sp. z o.o. Sp. k.,B,qualified,,76.7,3,1,False,high_ticket_b2c|sdr_bdr_inside,Specjalista/Specjalistka ds. pozyskiwania i odkupu samochodów używanych,https://www.aplikuj.pl/oferta/3309791/specjalista-specjalistka-ds-pozyskiwania-i-odkupu-samochodow-uzywanych-kontrakt-b2b-stawowy-group-sp-z-o-o-sp-k,Częstochowa|Rybnik,aplikuj.pl,,,False,,,,,,
GRUPA AUTO FORUM,B,qualified,,76.2,2,0,False,customer_service|high_ticket_b2c,Doradca handlowy / Doradczyni handlowa,https://rocketjobs.pl/oferta-pracy/grupa-auto-forum-doradca-handlowy-doradczyni-handlowa-warszawa-sales-motoryzacja-transport,Płock|Warszawa,rocketjobs.pl,,,False,,,,,,
Orange partner - Impro Sp.k,B,qualified,,76.0,1,0,False,ae_b2b_saas,Orange  - praca zdalna sprzedaż b2b,https://rocketjobs.pl/oferta-pracy/orange-partner---impro-sp-k-orange---praca-zdalna-sprzedaz-b2b-gdansk-sales-it-i-telekomunikacja,Gdańsk|Kalisz|Kielce|Kraków|Zamość,rocketjobs.pl,,,False,,,,,,
wall printers⁺,B,qualified,,76.0,1,0,False,ae_b2b_saas,International Sales Executive,https://rocketjobs.pl/oferta-pracy/wall-printers--konsekwentny-i-empatyczny-international-sales-executive-szczecin-sales-uslugi-profesjonalne-18723f96,Szczecin,rocketjobs.pl,,,False,,,,,,
Tomczak Stanisławski,B,qualified,,76.0,1,0,False,ae_b2b_saas,Business Development Manager / Doradca Klienta (B2B) (k/m/n),https://rocketjobs.pl/oferta-pracy/tomczak-stanislawski-business-development-manager-doradca-klienta-b2b-k-m-n--poznan-sales-marketing-reklama-media,Poznań,rocketjobs.pl,,,False,,,,,,
FootballTeamGame,B,qualified,,76.0,1,0,False,ae_b2b_saas,Business Development Partner – Affiliate Partnerships,https://rocketjobs.pl/oferta-pracy/footballteamgame-business-development-partner---affiliate-partnerships-warszawa-sales-marketing-reklama-media-e1e15893,Warszawa,rocketjobs.pl,,,False,,,,,,
Szkoła języka angielskiego On the Spot,B,qualified,,76.0,1,0,False,high_ticket_b2c,Specjalista ds. Sprzedaży w Szkole Językowej,https://rocketjobs.pl/oferta-pracy/szkola-jezyka-angielskiego-on-the-spot-specjalista-ds-sprzedazy-w-szkole-jezykowej-krakow-sales-inne,Kraków,rocketjobs.pl,,,False,,,,,,
Locatick,B,qualified,,76.0,1,0,False,ae_b2b_saas,Specjalista/Specjalistka ds. Sprzedaży (SaaS B2B),https://rocketjobs.pl/oferta-pracy/locatick-specjalista-specjalistka-ds-sprzedazy-saas-b2b--katowice-sales-it-i-telekomunikacja-4cb0af92,Katowice,rocketjobs.pl,,,False,,,,,,
Pekabex,B,qualified,,75.5,5,0,False,generic_sales|high_ticket_b2c|sales_specialist,Opiekun klienta deweloperskiego (m/k),https://rocketjobs.pl/oferta-pracy/pekabex-opiekun-klienta-deweloperskiego-m-k--warszawa-sales-nieruchomosci-budownictwo,Poznań|Warszawa,rocketjobs.pl,,,False,,,,,,
Addepto,B,qualified,,75.5,2,0,False,account_mgmt|ae_b2b_saas,"Strategic Partnerships Manager (Databricks, AWS)",https://rocketjobs.pl/oferta-pracy/addepto-strategic-partnerships-manager-databricks-aws--warszawa-sales-it-i-telekomunikacja-fb109bc0,Warszawa,rocketjobs.pl,,,False,,,,,,
Alkam Security,B,qualified,,75.5,2,0,False,generic_sales|sales_specialist,Specjalista / Specjalistka ds. Sprzedaży,https://rocketjobs.pl/oferta-pracy/alkam-security-specjalista-specjalistka-ds-sprzedazy-torun-sales-inzynieria-technika-produkcja-6dd604b0,Toruń,rocketjobs.pl,,,False,,,,,,
SAW-TRAK ZDYB Spółka komandytowa,B,qualified,,75.0,6,0,False,generic_sales|high_ticket_b2c,Starszy Doradca Handlowy / Starsza Doradczyni Handlowa,https://www.praca.pl/starszy-doradca-handlowy-starsza-doradczyni-handlowa_11534629.html,Kraków|Warszawa|śląskie,praca.pl,,,False,,,,,,
Grunt to Mazury,B,qualified,,75.0,3,0,False,account_mgmt|sales_specialist,Specjalista/Specjalistka ds. sprzedaży gruntów,https://rocketjobs.pl/oferta-pracy/grunt-to-mazury-specjalista-specjalistka-ds-sprzedazy-gruntow-olsztyn-sales-nieruchomosci-budownictwo-6f2e6b01,Olsztyn,rocketjobs.pl,,,False,,,,,,
TBS Consulting,B,qualified,,75.0,3,0,False,ae_b2b_saas|generic_sales,Specjalista / Specjalistka ds. Sprzedaży Technicznej B2B,https://www.praca.pl/specjalista-specjalistka-ds-sprzedazy-technicznej-b2b_11482399.html,Warszawa,aplikuj.pl|praca.pl,,,False,,,,,,
HERKULES SPÓŁKA AKCYJNA,B,qualified,,75.0,1,1,False,sdr_bdr_inside,Sales Representative - Road Construction Equipment,https://www.praca.pl/sales-representative-road-construction-equipment_11500951.html,mazowieckie,praca.pl,,,False,,,,,,
Jarltech Europe GmbH,B,qualified,,75.0,1,1,False,sdr_bdr_inside,"Specjalista ds. sprzedaży wewnętrznej / Inside Sales Specialist - Czech, Slovak&Polish markets (k/m)",https://www.aplikuj.pl/oferta/3326755/specjalista-ds-sprzedazy-wewnetrznej-inside-sales-specialist-czech-slovakpolish-markets-k-m-umowa-o-prace-jarltech-europe-gmbh,Warszawa,aplikuj.pl,,,False,,,,,,
BULTEN POLSKA S.A.,B,qualified,,75.0,1,1,False,sdr_bdr_inside,Manager ds. rozwoju rynku / New Business Development Manager (K/M),https://www.aplikuj.pl/oferta/3313388/manager-ds-rozwoju-rynku-new-business-development-manager-k-m-umowa-o-prace-bulten-polska-s-a,Bielsko-Biała,aplikuj.pl,,,False,,,,,,
B2Bnetwork,B,qualified,,74.8,2,0,False,ae_b2b_saas|sales_specialist,Business Development Manager,https://rocketjobs.pl/oferta-pracy/b2bnetwork-business-development-manager-warszawa-sales-it-i-telekomunikacja,Warszawa,rocketjobs.pl,https://b2bnetwork.pl/,101-500,False,,,,,,
HUGO BOSS AG Oddział w Polsce,B,qualified,,74.5,1,0,False,high_ticket_b2c,Doradca Klienta - BOSS Outlet Ursus (3/4 etatu) (k/m/n),https://rocketjobs.pl/oferta-pracy/hugo-boss-ag-oddzial-w-polsce-doradca-klienta---boss-outlet-ursus-3-4-etatu-k-m-n--warszawa-sales-odziez-i-akcesoria,Warszawa,rocketjobs.pl,,,False,,,,,,
AP SOLANO SOBCZAK SPÓŁKA KOMANDYTOWA,B,qualified,,74.5,1,0,False,high_ticket_b2c,"Doradca Klienta - Specjalista ds. legalizacji z j. angielskim, j. rosyjskim i j.polskim (k/m)",https://rocketjobs.pl/oferta-pracy/ap-solano-sobczak-spolka-komandytowa-doradca-klienta---specjalista-ds-legalizacji-z-j-angielskim-j-rosyjskim-i-j-polskim-k-m--warszawa-support-uslugi-profesjonalne,Warszawa,rocketjobs.pl,,,False,,,,,,
VERTIGO GLOBAL,B,qualified,,74.2,1,0,True,sales_leadership,Account Manager / Sales Manager - Defense & UAS,https://rocketjobs.pl/oferta-pracy/vertigo-global-account-manager-sales-manager---defense-uas-warszawa-sales-inzynieria-technika-produkcja,Warszawa,rocketjobs.pl,,,False,,,,,,
Supremo,B,qualified,,74.2,1,0,True,sales_leadership,Head of Sales,https://rocketjobs.pl/oferta-pracy/supremo-head-of-sales-poznan-sales-it-i-telekomunikacja,Poznań,rocketjobs.pl,,,False,,,,,,
FORTUNA,B,qualified,,74.0,2,0,False,high_ticket_b2c,Osoba na stanowisko Doradcy Klienta/Poznań,https://rocketjobs.pl/oferta-pracy/fortuna-osoba-na-stanowisko-doradcy-klienta-poznan-poznan-sales-inne,Poznań|Żary,rocketjobs.pl,,,False,,,,,,
4 Ściany Biuro Nieruchomości,B,qualified,,74.0,2,0,False,high_ticket_b2c,Agent / Agentka - Pośrednik / Pośredniczka nieruchomości,https://www.praca.pl/agent-agentka-posrednik-posredniczka-nieruchomosci_11483563.html,Warszawa,praca.pl,,,False,,,,,,
BMW Premium Arena Łódź,B,qualified,,73.8,1,0,False,high_ticket_b2c,Doradca ds. sprzedaży samochodów nowych (m/k) BMW Premium Arena Łódź,https://rocketjobs.pl/oferta-pracy/bmw-premium-arena-lodz-doradca-ds-sprzedazy-samochodow-nowych-m-k-bmw-premium-arena-lodz-lodz-sales-motoryzacja-transport-5199d83a,Łódź,rocketjobs.pl,,,False,,,,,,
Nilen sp. z o. o.,B,qualified,,73.8,1,0,False,sales_specialist,Specjalista/Specjalistka ds. sprzedaży,https://rocketjobs.pl/oferta-pracy/nilen-sp-z-o-o--specjalista-specjalistka-ds-sprzedazy-krakow-sales-wyposazenie-domu,Kraków,rocketjobs.pl,,,False,,,,,,
Skoda Dobroń,B,qualified,,73.8,1,0,False,high_ticket_b2c,Doradca ds. sprzedaży samochodów nowych (m/k) Skoda Dobroń,https://rocketjobs.pl/oferta-pracy/skoda-dobron-doradca-ds-sprzedazy-samochodow-nowych-m-k-skoda-dobron-dobron-sales-motoryzacja-transport,Dobroń,rocketjobs.pl,,,False,,,,,,
Grupa Bednarek,B,qualified,,73.8,1,0,False,high_ticket_b2c,Doradca/Doradczyni ds. sprzedaży samochodów nowych BMW Premium Arena Dobroń,https://rocketjobs.pl/oferta-pracy/grupa-bednarek-doradca-doradczyni-ds-sprzedazy-samochodow-nowych-bmw-premium-arena-dobron-dobron-sales-motoryzacja-transport,Dobroń|Łódź,rocketjobs.pl,,,False,,,,,,
Mettler Toledo,B,qualified,,73.5,6,0,False,customer_service|generic_sales,Inżynier/ka Sprzedaży (Wagi Przemysłowe),https://rocketjobs.pl/oferta-pracy/mettler-toledo-inzynier-ka-sprzedazy-wagi-przemyslowe--warszawa-sales-inzynieria-technika-produkcja,Warszawa,rocketjobs.pl,,,False,,,,,,
Energomix Sp. z o. o.,B,qualified,,73.0,4,0,False,generic_sales|high_ticket_b2c,"Przedstawiciel Handlowy ds. Energii, Gazu i OZE",https://rocketjobs.pl/oferta-pracy/energomix-s-a-przedstawiciel-handlowy-ds-energii-gazu-i-oze-warszawa-sales-energia-srodowisko-48f9467e,Olsztyn|Warszawa,rocketjobs.pl,,,False,,,,,,
Bank BPS S.A.,B,qualified,,73.0,4,0,False,generic_sales|high_ticket_b2c,Doradca / Doradczyni Klienta Detalicznego (ze sprzedażą produktów hipotecznych),https://rocketjobs.pl/oferta-pracy/bank-bps-s-a--doradca-doradczyni-klienta-detalicznego-ze-sprzedaza-produktow-hipotecznych--lublin-sales-finanse-bankowosc-ubezpieczenia,Lublin|Olsztyn|Rzeszów|Warszawa|Wrocław,rocketjobs.pl,,,False,,,,,,
Grape Up,B,qualified,,73.0,4,0,False,ae_b2b_saas,Business Development Manager - AIboostr,https://nofluffjobs.com/pl/job/business-development-manager-aiboostr-grape-up-remote,Białystok|Kraków|Remote|Wrocław,nofluffjobs.com,,,False,,,,,,
PAX LOGISTIC PL sp. z o.o.,B,qualified,,73.0,2,0,True,ae_b2b_saas|sales_leadership,Specjalista / Specjalistka ds. Sprzedaży B2B,https://www.praca.pl/specjalista-specjalistka-ds-sprzedazy-b2b_11493451.html,Gdańsk,praca.pl,,,False,,,,,,
Jan Konończuk INSURANCE,B,qualified,,73.0,1,0,False,high_ticket_b2c,Doradca finansowy,https://rocketjobs.pl/oferta-pracy/jan-kononczuk-insurance-doradca-finansowy-bialystok-sales-finanse-bankowosc-ubezpieczenia,Białystok,rocketjobs.pl,,,False,,,,,,
Link Group,B,qualified,,73.0,1,0,False,ae_b2b_saas,Business Development Manager (IT),https://rocketjobs.pl/oferta-pracy/link-group-business-development-manager-it--gdansk-sales-it-i-telekomunikacja,Gdańsk|Poznań,rocketjobs.pl,,,False,,,,,,
FUTURE IS NOW HOLDING,B,qualified,,73.0,1,0,False,account_mgmt,Account manager,https://rocketjobs.pl/oferta-pracy/future-is-now-holding-account-manager-wroclaw-sales-marketing-reklama-media,Wrocław,rocketjobs.pl,,,False,,,,,,
MODERN DESIGN CONCEPTS,B,qualified,,73.0,1,0,False,ae_b2b_saas,Handlowiec B2B/B2C w branży dóbr luksusowych - Pasjonat włoskiego designu,https://rocketjobs.pl/oferta-pracy/modern-design-concepts-handlowiec-b2b-b2c-w-branzy-dobr-luksusowych---pasjonat-wloskiego-designu-warszawa-sales-uslugi-profesjonalne,Warszawa,rocketjobs.pl,,,False,,,,,,
Kanał ZERO,B,qualified,,73.0,1,0,False,ae_b2b_saas,Digital Ad Sales Executive,https://rocketjobs.pl/oferta-pracy/kanal-zero-digital-ad-sales-executive-warszawa-sales-marketing-reklama-media-2ab11e42,Warszawa,rocketjobs.pl,,,False,,,,,,
Survicate,B,qualified,,73.0,1,0,False,ae_b2b_saas,Account Executive,https://rocketjobs.pl/oferta-pracy/survicate-account-executive-warsaw-sales-it-i-telekomunikacja-72856bd0,Warsaw,rocketjobs.pl,,,False,,,,,,
Lunchspot,B,qualified,,73.0,1,0,False,account_mgmt,Key Account Manager,https://rocketjobs.pl/oferta-pracy/lunchspot-key-account-manager-warszawa-sales-uslugi-profesjonalne-d530b3d4,Warszawa,rocketjobs.pl,,,False,,,,,,
AUSTRIA ENERGY SPÓŁKA Z.O.O,B,qualified,,73.0,1,0,False,ae_b2b_saas,Handlowiec B2B,https://rocketjobs.pl/oferta-pracy/austria-energy-spolka-z-o-o-handlowiec-b2b-olsztyn-sales-inne,Olsztyn,rocketjobs.pl,,,False,,,,,,
Founders,B,qualified,,72.8,1,0,True,sales_leadership,Sales managers / Doradca ds. klienta,https://rocketjobs.pl/oferta-pracy/founders-sales-managers-doradca-ds-klienta-warszawa-sales-marketing-reklama-media-64c17d6d,Warszawa,rocketjobs.pl,,,False,,,,,,
Centrum Nauki i Biznesu Żak,B,qualified,,72.5,8,0,True,customer_service|sales_leadership,Regionalny Kierownik Sprzedaży (k/m),https://www.aplikuj.pl/oferta/3329693/regionalny-kierownik-sprzedazy-k-m-umowa-o-prace-centrum-nauki-i-biznesu-zak,Bełchatów|Bydgoszcz|Chełm|Częstochowa|Ostrołęka|Ostrów Wielkopolski|Piła|Zabrze|praca regionalna,aplikuj.pl|praca.pl|rocketjobs.pl,https://zak.edu.pl,101-500,False,,,,,,
Promotorzy Trading,B,qualified,,72.5,2,0,False,high_ticket_b2c|sales_specialist,"Doradca Handlowy (k/m) - praca biurowa, procesowanie sprzedaży, UP, benefity",https://rocketjobs.pl/oferta-pracy/promotorzy-trading-doradca-handlowy-doradczyni-handlowa-warszawa-support-uslugi-profesjonalne,Olsztyn|Warszawa,rocketjobs.pl,http://promotorzy.pl,101-500,False,,,,,,
Bergerat Monnoyeur Sp. z o.o.,B,qualified,,72.5,2,0,False,customer_service|high_ticket_b2c,Doradca Techniczno-Handlowy  (K/M),https://rocketjobs.pl/oferta-pracy/bergerat-monnoyeur-sp-z-o-o--doradca-techniczno-handlowy-k-m--warszawa-sales-inzynieria-technika-produkcja,Izabelin-Dziekanówek|Warszawa,rocketjobs.pl,,,False,,,,,,
SLODKIE sp. z o.o.,B,qualified,,72.5,2,0,False,high_ticket_b2c,Doradczyni / Doradca klienta biznesowego,https://www.praca.pl/doradczyni-doradca-klienta-biznesowego_11459650.html,Warszawa,praca.pl,,,False,,,,,,
Biesiada Invest,B,qualified,,72.2,1,0,False,ae_b2b_saas,Business Development Manager,https://rocketjobs.pl/oferta-pracy/biesiada-invest-business-development-manager-warszawa-sales-inne-bb638ff5,Warszawa,rocketjobs.pl,,,False,,,,,,
Trineo Sp. z o. o.,B,qualified,,72.2,1,0,False,ae_b2b_saas,Business Development Specialist - HR Tech ,https://rocketjobs.pl/oferta-pracy/trineo-sp-z-o-o--business-development-specialist-gdynia-sales-inne,Gdynia,rocketjobs.pl,,,False,,,,,,
Agencja Reklamowa ROXART,B,qualified,,72.2,1,0,False,ae_b2b_saas,B2B Sales Consultant,https://rocketjobs.pl/oferta-pracy/agencja-reklamowa-roxart-b2b-sale-consultant-rzeszow-sales-marketing-reklama-media,Rzeszów,rocketjobs.pl,,,False,,,,,,
Altego Agency,B,qualified,,72.2,1,0,False,high_ticket_b2c,Doradca handlowy,https://rocketjobs.pl/oferta-pracy/altego-agency-doradca-handlowy-gdansk-sales-inne,Gdańsk,rocketjobs.pl,,,False,,,,,,
MPP | Memory Paper Print,B,qualified,,71.8,5,0,False,sales_specialist,Specjalista ds. sprzedaży z j.niemieckim (m/k),https://rocketjobs.pl/oferta-pracy/mpp-memory-paper-print-specjalista-ds-sprzedazy-z-j-niemieckim-m-k--rzeszow-sales-uslugi-profesjonalne,Rzeszów,rocketjobs.pl,,,False,,,,,,
LSI Software S.A.,B,qualified,,71.8,3,0,True,account_mgmt|generic_sales|sales_leadership,Channel Sales Manager (f/m),https://rocketjobs.pl/oferta-pracy/lsi-software-s-a--channel-sales-manager-f-m--lodz-sales-it-i-telekomunikacja,Łódź,rocketjobs.pl,https://www.lsisoftware.pl/,101-500,False,,,,,,
Sky-Shop.pl,B,qualified,,71.8,2,0,False,account_mgmt,Młodszy Specjalista / Specjalistka ds. Wsparcia i Wdrożeń Klienta (Technical Customer Success) ,https://rocketjobs.pl/oferta-pracy/sky-shop-pl-mlodszy-specjalista-specjalistka-ds-wsparcia-i-wdrozen-klienta-support-customer-success--krakow-support-it-i-telekomunikacja,Kraków,rocketjobs.pl,,,False,,,,,,
Electric Entropy,B,qualified,,71.5,1,0,False,ae_b2b_saas,Partner Sprzedaż B2B / AI - 10% lifetime prowizji,https://rocketjobs.pl/oferta-pracy/electric-entropy-partner-sprzedaz-b2b-ai---10-lifetime-prowizji-warszawa-sales-it-i-telekomunikacja,Warszawa,rocketjobs.pl,,,False,,,,,,
DCG,B,qualified,,71.2,10,0,False,account_mgmt|customer_service|generic_sales,Senior Key Account Manager,https://rocketjobs.pl/oferta-pracy/dcg-senior-key-account-manager-sadkowa-gora-sales-inne,Elbląg|Ełk|Gdańsk|Iława|Kraków|Olsztyn|Poznań|Sadkowa Góra|Suwałki|Wrocław|Łomża,nofluffjobs.com|rocketjobs.pl,,,False,,,,,,
PIVEXIN TECHNOLOGY Sp. z o. o.,B,qualified,,71.2,7,0,False,generic_sales,Stanowisko ds. sprzedaży i doradztwa technicznego,https://rocketjobs.pl/oferta-pracy/pivexin-technology-sp-z-o-o--stanowisko-ds-sprzedazy-i-doradztwa-technicznego-bydgoszcz-sales-inzynieria-technika-produkcja,Babice (pow. raciborski|Białystok|Bydgoszcz|Gdańsk|Olsztyn|Szczecin|Warszawa,praca.pl|rocketjobs.pl,,,False,,,,,,
Eternis,B,qualified,,71.2,6,0,False,account_mgmt|customer_service,Sales & Customer Success Specialist,https://rocketjobs.pl/oferta-pracy/eternis-sales-customer-success-specialist-warszawa-sales-motoryzacja-transport,Poznań|Warszawa,rocketjobs.pl,,,False,,,,,,
Media Choice,B,qualified,,71.2,1,0,True,sales_leadership,Sales Team Leader,https://rocketjobs.pl/oferta-pracy/media-choice-sales-team-leader-wroclaw-sales-marketing-reklama-media,Wrocław,rocketjobs.pl,,,False,,,,,,
Aleph,B,qualified,,71.2,1,0,True,sales_leadership,Sales Manager (Digital Advertising),https://rocketjobs.pl/oferta-pracy/aleph-sales-manager-digital-advertising--warszawa-sales-marketing-reklama-media-d82f7359,Warszawa,rocketjobs.pl,,,False,,,,,,
INEXTO POLAND,B,qualified,,71.2,1,0,True,sales_leadership,Sales Operations Coordinator,https://rocketjobs.pl/oferta-pracy/inexto-poland-sales-operations-coordinator-krakow-sales-it-i-telekomunikacja-cbbc121d,Kraków,rocketjobs.pl,,,False,,,,,,
ERGO Technology & Services,B,qualified,,71.0,3,0,True,generic_sales|sales_leadership,Business Services Team Lead with German | f/m/d,https://rocketjobs.pl/oferta-pracy/ergo-technology-services-business-services-team-lead-with-german-f-m-d-gdansk-support-finanse-bankowosc-ubezpieczenia,Gdańsk,rocketjobs.pl,,,False,,,,,,
Tomczak Stanisławski Marketing,B,qualified,,71.0,2,0,False,ae_b2b_saas,Business Development Manager / Doradca Klienta (B2B) (k/m/n),https://nofluffjobs.com/pl/job/business-development-manager-doradca-klienta-b2b-k-m-n-tomczak-stanislawski-marketing-remote,Poznań|Remote,nofluffjobs.com,,,False,,,,,,
Technosource,B,qualified,,71.0,2,0,False,ae_b2b_saas,B2B Értékesítő (épületvillamosság),https://nofluffjobs.com/pl/job/b2b-ertekesito-epuletvillamossag-technosource-remote,Budapest|Remote,nofluffjobs.com,,,False,,,,,,
rocketjobs.pl,B,qualified,,70.5,7,0,False,account_mgmt,Junior Account Manager - Katowice 🔱,https://rocketjobs.pl/oferta-pracy/rocketjobs-pl-junior-account-manager---katowice--katowice-sales-uslugi-profesjonalne-5beb0a58,Gdańsk|Katowice,rocketjobs.pl,https://rocketjobs.pl/,101-500,False,,,,,,
Aperam Stainless Services & Solutions Poland,B,qualified,,70.5,3,0,False,account_mgmt|generic_sales,Sales - Key Account Customers,https://rocketjobs.pl/oferta-pracy/aperam-stainless-services-solutions-poland-sales---key-account-customers-katowice-sales-rtv-agd-artykuly-przemyslowe,Katowice,rocketjobs.pl,,,False,,,,,,
AdsHero,B,qualified,,70.5,1,0,True,sales_leadership,Business Development Manager | Sales Manager,https://rocketjobs.pl/oferta-pracy/adshero-business-development-manager-sales-manager-warszawa-sales-marketing-reklama-media-b3dd04c8,Warszawa,rocketjobs.pl,,,False,,,,,,
Initivo Sp zo.o.,B,qualified,,70.5,1,0,True,sales_leadership,Sales Manager Food,https://rocketjobs.pl/oferta-pracy/initivo-sp-zo-o--sales-manager-food-warszawa-sales-turystyka-hotelarstwo-catering,Warszawa,rocketjobs.pl,https://initivo.com/,1-10,False,,,,,,
Supervista Poland Sp. z o.o.,B,qualified,,70.0,4,0,False,high_ticket_b2c,Doradca / Doradczyni klienta w salonie optycznym,https://www.aplikuj.pl/oferta/3328130/doradca-doradczyni-klienta-w-salonie-optycznym-umowa-o-prace-supervista-poland-sp-z-o-o,Bytom|Kielce|Suwałki|Świebodzin,aplikuj.pl,,,False,,,,,,
TREC NUTRITION,B,qualified,,70.0,2,0,True,customer_service|sales_leadership,Kierownik ds. sprzedaży eskportowej z językiem angielskim,https://rocketjobs.pl/oferta-pracy/trec-nutrition-kierownik-ds-sprzedazy-eskportowej-z-jezykiem-angielskim-gdynia-sales-uslugi-profesjonalne,Gdynia,rocketjobs.pl,,,False,,,,,,
CARPOL,B,qualified,,70.0,2,0,True,customer_service|sales_leadership,Export Sales Manager,https://rocketjobs.pl/oferta-pracy/carpol-export-sales-manager-grodzisk-mazowiecki-sales-motoryzacja-transport,Grodzisk Mazowiecki,rocketjobs.pl,,,False,,,,,,
NX Cargo-Partner Poland sp. z o.o.,B,qualified,,70.0,2,0,True,ae_b2b_saas|sales_leadership,Manager Business Development,https://www.praca.pl/manager-business-development_11521825.html,Gliwice|Żory,praca.pl,,,False,,,,,,
Lumicode Sp. z o.o. (Pentacomp Group),B,qualified,,70.0,1,0,False,ae_b2b_saas,Business Development Manager (Data & Analytics),https://rocketjobs.pl/oferta-pracy/lumicode-sp-z-o-o-pentacomp-group--business-development-manager-data-analytics--warszawa-sales-it-i-telekomunikacja,Warszawa,rocketjobs.pl,,,False,,,,,,
Payback,B,qualified,,70.0,1,0,False,ae_b2b_saas,Business Development Manager – Cashback as a Service (CaaS),https://rocketjobs.pl/oferta-pracy/payback-business-development-manager---cashback-as-a-service-caas--warszawa-sales-it-i-telekomunikacja-3404cf50,Warszawa,rocketjobs.pl,https://www.payback.pl/witamy,101-500,False,,,,,,
Sii,B,qualified,,70.0,1,0,False,ae_b2b_saas,Business Development Manager with German - Business Services (f/m/x),https://rocketjobs.pl/oferta-pracy/sii-business-development-manager-with-german---business-services-f-m-x--gdansk-sales-it-i-telekomunikacja-cdeaf5fa,Gdańsk|Łódź,rocketjobs.pl,,,False,,,,,,
SEKA S.A.,B,qualified,,70.0,1,0,False,high_ticket_b2c,Specjalista/ka ds. szkoleń i sprzedaży,https://rocketjobs.pl/oferta-pracy/seka-s-a--specjalista-ka-ds-szkolen-i-sprzedazy-katowice-sales-uslugi-profesjonalne,Katowice,rocketjobs.pl,,,False,,,,,,
Delante Marketing Sp. z o.o.,B,qualified,,70.0,1,0,False,ae_b2b_saas,Key Account & Partnership Manager,https://rocketjobs.pl/oferta-pracy/delante-marketing-sp-z-o-o--key-account-partnership-manager-krakow-sales-marketing-reklama-media,Kraków,rocketjobs.pl,,,False,,,,,,
CallPage,B,qualified,,70.0,1,0,False,account_mgmt,Junior Customer Success Specialist,https://rocketjobs.pl/oferta-pracy/callpage-junior-customer-success-specialist-krakow-support-it-i-telekomunikacja,Kraków,rocketjobs.pl,,,False,,,,,,
Twojemeble.pl,B,qualified,,70.0,1,0,False,high_ticket_b2c,Doradca Klienta - Infolinia e-commerce (K/M),https://rocketjobs.pl/oferta-pracy/twojemeble-pl-doradca-klienta---infolinia-e-commerce-k-m--wieliczka-support-sprzedawcy,Wieliczka,rocketjobs.pl,,,False,,,,,,
RIDER GROUP Sp. z o.o.,B,qualified,,70.0,1,0,False,ae_b2b_saas,Handlowiec (K/M) B2B – Hurtownia Części i Akcesoriów Motocyklowych oraz Rowerowych,https://www.praca.pl/handlowiec-k-m-b2b-hurtownia-czesci-i-akcesoriow-motocyklowych-oraz-rowerowych_11431402.html,Kraków,praca.pl,,,False,,,,,,
Homen,C,qualified,,69.5,2,0,False,high_ticket_b2c,Agentka / Agent Nieruchomości,https://www.praca.pl/agentka-agent-nieruchomosci_11453578.html,Wrocław,praca.pl,,,False,,,,,,
Pośrednictwo Ubezpieczeniowe,C,qualified,,69.5,2,0,False,high_ticket_b2c,Doradczyni / Doradca ds. Sprzedaży,https://www.praca.pl/doradczyni-doradca-ds-sprzedazy_11471473.html,Gliwice,praca.pl,,,False,,,,,,
MEdiarecovery,C,qualified,,69.2,2,0,True,sales_leadership|sales_specialist,Sales Operations Manager,https://rocketjobs.pl/oferta-pracy/mediarecovery-sales-operations-manager-katowice-sales-it-i-telekomunikacja,Katowice,rocketjobs.pl,,,False,,,,,,
MARTI FOX CONSULTANCY - FZCO,C,qualified,,69.2,1,0,False,sales_specialist,Specjalista ds. Sprzedaży,https://rocketjobs.pl/oferta-pracy/marti-fox-consultancy---fzco-specjalista-ds-sprzedazy-warszawa-sales-marketing-reklama-media-2204dd14,Warszawa,rocketjobs.pl,,,False,,,,,,
Archimedes sp. z o.o.,C,qualified,,69.2,1,0,False,sales_specialist,Specjalista/Specjalistka ds. Sprzedaży - Systemy Transportu Wewnętrznego,https://rocketjobs.pl/oferta-pracy/archimedes-sp-z-o-o--specjalista-specjalistka-ds-sprzedazy---systemy-transportu-wewnetrznego-dabrowa-gornicza-sales-inzynieria-technika-produkcja,Dąbrowa Górnicza,rocketjobs.pl,,,False,,,,,,
Lemon Software,C,qualified,,69.2,1,0,False,generic_sales,Sales Expert,https://rocketjobs.pl/oferta-pracy/lemon-software-sales-expert-warszawa-sales-uslugi-profesjonalne,Warszawa,rocketjobs.pl,,,False,,,,,,
CREO SYNERGHY sp. z o.o.,C,qualified,,69.2,1,0,False,generic_sales,Menedżer Sprzedaży,https://rocketjobs.pl/oferta-pracy/creo-synerghy-sp-z-o-o--menedzer-sprzedazy-warszawa-sales-it-i-telekomunikacja,Warszawa,rocketjobs.pl,,,False,,,,,,
SMAY SPÓŁKA Z OGRANICZONĄ ODPOWIEDZIALNOŚCIĄ,C,qualified,,69.0,1,0,True,sales_leadership,Sales Manager Germany – HVAC/Fire Safety Solutions (m/w),https://rocketjobs.pl/oferta-pracy/smay-spolka-z-ograniczona-odpowiedzialnoscia-sales-manager-germany---hvac-fire-safety-solutions-m-w--hamburg-sales-inzynieria-technika-produkcja,Hamburg|Podłęże|Warszawa,aplikuj.pl|rocketjobs.pl,,,False,,,,,,
Bea Beleza Polska Sp. k.,C,qualified,,68.8,2,0,False,account_mgmt,Opiekun Handlowy,https://rocketjobs.pl/oferta-pracy/bea-beleza-polska-sp-k--opiekun-handlowy-poznan-sales-kosmetyki-chemia,Poznań|Wrocław,rocketjobs.pl,https://beabeleza.pl/content/11-o-nas,51-100,False,,,,,,
Grupa iCEA S.A.,C,qualified,,68.8,2,0,False,customer_service|sales_specialist,Marketplace Sales Specialist / Specjalista/ka ds. wsparcia sprzedaży,https://rocketjobs.pl/oferta-pracy/grupa-icea-s-a--marketplace-sales-specialist-specjalista-ka-ds-wsparcia-sprzedazy-poznan-sales-marketing-reklama-media,Poznań,rocketjobs.pl,,,False,,,,,,
AUTENTI sp.  z o.o.,C,qualified,,68.8,2,0,False,account_mgmt,Customer Success Specialist,https://rocketjobs.pl/oferta-pracy/autenti-sp-z-o-o--customer-success-specialist-krakow-support-it-i-telekomunikacja,Kraków|Warszawa,rocketjobs.pl,,,False,,,,,,
Print Systems Sp. z o o Sp.k,C,qualified,,68.5,2,0,True,generic_sales|sales_leadership,Sales Manager - Chemia Przemysłowa,https://rocketjobs.pl/oferta-pracy/print-systems-sp-z-o-o-sp-k-business-development-manager---chemia-przemyslowa-rokietnica-sales-kosmetyki-chemia,Rokietnica,rocketjobs.pl,http://.printsystems.pl,26-50,False,,,,,,
Ocean Poké,C,qualified,,68.5,1,0,False,ae_b2b_saas,Business Development and Marketing Manager,https://rocketjobs.pl/oferta-pracy/ocean-poke-business-development-and-marketing-manager-warszawa-sales-marketing-reklama-media,Warszawa,rocketjobs.pl,,,False,,,,,,
The Software House,C,qualified,,68.5,1,0,False,ae_b2b_saas,Senior Business Development Manager,https://rocketjobs.pl/oferta-pracy/the-software-house-senior-business-development-manager-warszawa-sales-it-i-telekomunikacja-45c76810,Warszawa,rocketjobs.pl,,,False,,,,,,
Connectis,C,qualified,,68.5,1,0,False,ae_b2b_saas,Client Technical Partner (B2B),https://rocketjobs.pl/oferta-pracy/connectis-client-technical-partner-b2b--warszawa-sales-it-i-telekomunikacja,Warszawa,rocketjobs.pl,,,False,,,,,,
Kompas Inwestycji sp. z o.o.,C,qualified,,68.5,1,0,False,ae_b2b_saas,Customer Success & Care Specialist B2B,https://www.aplikuj.pl/oferta/3314959/customer-success-care-specialist-b2b-umowa-o-prace-kompas-inwestycji-sp-z-o-o,Gliwice,aplikuj.pl,,,False,,,,,,
Centralna Agencja Bezpieczeństwa Biznesu,C,qualified,,68.0,2,0,False,sales_specialist,Specjalista ds. sprzedaży,https://rocketjobs.pl/oferta-pracy/centralna-agencja-bezpieczenstwa-biznesu-specjalista-ds-sprzedazy-wroclaw-sales-uslugi-profesjonalne,Wrocław,rocketjobs.pl,https://cabb.pl,26-50,False,,,,,,
SiDLY Sp. z o.o.,C,qualified,,68.0,2,0,False,account_mgmt|customer_service,Account Manager (branża medtech),https://rocketjobs.pl/oferta-pracy/sidly-sp-z-o-o--account-manager-branza-medtech--szczecin-sales-it-i-telekomunikacja,Szczecin|Warszawa,rocketjobs.pl,,,False,,,,,,
Interactive Workspace Sp. z o.o.,C,qualified,,68.0,2,0,False,ae_b2b_saas,Account Executive,https://nofluffjobs.com/pl/job/account-executive-interactive-workspace-remote,Poznań|Remote,nofluffjobs.com,,,False,,,,,,
Elanders Polska Sp. z o.o.,C,qualified,,68.0,2,0,False,account_mgmt|ae_b2b_saas,Specjalista / Specjalistka ds. Sprzedaży B2B – Branża Poligraficzna,https://www.praca.pl/specjalista-specjalistka-ds-sprzedazy-b2b-branza-poligraficzna_11472028.html,Płońsk,praca.pl,,,False,,,,,,
Redeye Group Sp. z o.o.,C,qualified,,68.0,2,0,False,ae_b2b_saas|high_ticket_b2c,Specjalista / Specjalistka ds. Sprzedaży i Realizacji Projektów B2B,https://www.aplikuj.pl/oferta/3316153/specjalista-specjalistka-ds-sprzedazy-i-realizacji-projektow-b2b-umowa-o-prace-redeye-group-sp-z-o-o,Piekary Śląskie,aplikuj.pl,,,False,,,,,,
SellIntegro,C,qualified,,67.8,1,0,False,sales_specialist,Specjalista ds. Sprzedaży eCommerce / OMS,https://rocketjobs.pl/oferta-pracy/sellintegro-specjalista-ds-sprzedazy-ecommerce-oms-wroclaw-sales-it-i-telekomunikacja,Wrocław,rocketjobs.pl,,,False,,,,,,
Liberty Poland S.A.,C,qualified,,67.5,15,0,False,generic_sales,Specjalista Sprzedaży (k/m) - Wisła,https://rocketjobs.pl/oferta-pracy/liberty-poland-s-a--specjalista-sprzedazy-k-m---wisla-wisla-sales-it-i-telekomunikacja,Biskupiec|Bydgoszcz|Dąbrowa Białostocka|Gniezno|Gorzów Wielkopolski|Głubczyce|Jarocin|Krosno Odrzańskie|Ostrowiec Święto,rocketjobs.pl,https://liberty.eu/,101-500,False,,,,,,
Capita,C,qualified,,67.5,12,0,False,customer_service|generic_sales,Technical Support & Sales Agent with German (m/f/d),https://rocketjobs.pl/oferta-pracy/capita-technical-support-sales-agent-with-german-m-f-d--opole-support-it-i-telekomunikacja-a119cb02,Kraków|Opole,rocketjobs.pl,,,False,,,,,,
PROGRESS OUTSOURCING SPÓŁKA Z OGRANICZONĄ ODPOWIEDZIALNOŚCIĄ,C,qualified,,67.5,4,0,True,sales_leadership,Team Lider / Lider Zespołu,https://www.aplikuj.pl/oferta/3314769/team-lider-lider-zespolu-umowa-o-prace-progress-outsourcing-spolka-z-ograniczona-odpowiedzialnoscia,Kąty Wrocławskie|Wałbrzych|Świdnica|Świebodzice,aplikuj.pl,,,False,,,,,,
ARCOS FM PL SALLER POLBAU Sp. z o.o. Sp. K,C,qualified,,67.5,3,0,False,high_ticket_b2c,Specjalista / Specjalistka ds. Wynajmu Nieruchomości Handlowych,https://www.praca.pl/specjalista-specjalistka-ds-wynajmu-nieruchomosci-handlowych_11514835.html,Wrocław,praca.pl,,,False,,,,,,
Optineo,C,qualified,,67.5,1,0,True,sales_leadership,International Sales Manager USA,https://rocketjobs.pl/oferta-pracy/optineo-international-sales-manager-usa-gdansk-sales-inzynieria-technika-produkcja,Gdańsk|Gdynia,rocketjobs.pl,,,False,,,,,,
BESTCAREERSHUB,C,qualified,,67.2,2,0,False,account_mgmt|generic_sales,Export Account Manager z niemieckim lub francuskim (m/k),https://rocketjobs.pl/oferta-pracy/bestcareershub-export-account-manager-z-niemieckim-lub-francuskim-m-k--krakow-sales-wyposazenie-domu,Kraków|Rzeszów,rocketjobs.pl,,,False,,,,,,
Zjednoczone Przedsiębiorstwa Rozrywkowe S.A.,C,qualified,,67.0,1,0,False,high_ticket_b2c,Doradca / Doradczyni Klienta / Kasyno,https://rocketjobs.pl/oferta-pracy/zjednoczone-przedsiebiorstwa-rozrywkowe-s-a--doradca-doradczyni-klienta-kasyno-poznan-support-uslugi-profesjonalne,Poznań|Warszawa,rocketjobs.pl,,,False,,,,,,
NIERUCHOMOŚCI – ZAGÓRSKA Sp. Z.O.O,C,qualified,,67.0,1,0,False,high_ticket_b2c,Agent Nieruchomości,https://rocketjobs.pl/oferta-pracy/nieruchomosci---zagorska-sp-z-o-o-agent-nieruchomosci-krakow-sales-nieruchomosci-budownictwo-ac46fc9e,Kraków,rocketjobs.pl,https://www.remax-polska.pl/duo,26-50,False,,,,,,
Eastate Prosta S.A.,C,qualified,,67.0,1,0,False,high_ticket_b2c,"Agent nieruchomości / Agentka nieruchomości - Sopot, Warszawa",https://www.aplikuj.pl/oferta/3313393/agent-nieruchomosci-agentka-nieruchomosci-sopot-warszawa-umowa-zlecenie-eastate-prosta-spolka-akcyjna,Sopot,aplikuj.pl|praca.pl,,,False,,,,,,
Pelart Laboratory Pol Sp. z o. o.,C,qualified,,67.0,1,0,False,high_ticket_b2c,Opiekun klienta,https://www.praca.pl/opiekun-klienta_11507686.html,Warszawa,praca.pl,,,False,,,,,,
Instytut Rachunkowości i Podatków Sp. z o.o.,C,qualified,,67.0,1,0,False,high_ticket_b2c,Specjalista / Specjalistka ds. organizacji i sprzedaży szkoleń,https://www.praca.pl/specjalista-specjalistka-ds-organizacji-i-sprzedazy-szkolen_11438599.html,Warszawa,praca.pl,,,False,,,,,,
Home Asset Sp. z o.o.,C,qualified,,67.0,1,0,False,high_ticket_b2c,Doradca ds. nieruchomości / Pośrednik nieruchomości (K/M),https://www.aplikuj.pl/oferta/3306757/doradca-ds-nieruchomosci-posrednik-nieruchomosci-k-m-kontrakt-b2b-home-asset-sp-z-o-o,Gdańsk,aplikuj.pl,,,False,,,,,,
VIDIS Spółka Akcyjna,C,qualified,,66.8,1,0,True,sales_leadership,Lider/Liderka Zespołu Sprzedaży (Team Leader),https://rocketjobs.pl/oferta-pracy/vidis-spolka-akcyjna-lider-liderka-zespolu-sprzedazy-team-leader--bielany-wroclawskie-sales-uslugi-profesjonalne,Bielany Wrocławskie,rocketjobs.pl,,,False,,,,,,
Pocketsquare sp. z o.o.,C,qualified,,66.5,2,0,False,customer_service|sales_specialist,Specjalista / Specjalistka ds. sprzedaży,https://rocketjobs.pl/oferta-pracy/pocketsquare-sp-z-o-o--specjalista-specjalistka-ds-sprzedazy-warszawa-sales-energia-srodowisko-600f2549,Warszawa,rocketjobs.pl,https://www.pocketsquare.pl/,1-10,False,,,,,,
Skysnap Sp. z o.o.,C,qualified,,66.2,1,0,False,sales_specialist,Specjalista / Specjalistka ds. sprzedaży,https://rocketjobs.pl/oferta-pracy/skysnap-sp-z-o-o--specjalista-specjalistka-ds-sprzedazy-warszawa-sales-nieruchomosci-budownictwo,Warszawa,rocketjobs.pl,,,False,,,,,,
Agencja Wrocławska,C,qualified,,66.2,1,0,False,account_mgmt,Customer Success Specialist / Project Manager,https://rocketjobs.pl/oferta-pracy/agencja-wroclawska-customer-success-specialist-project-manager-wroclaw-support-marketing-reklama-media-c7bf0b61,Wrocław,rocketjobs.pl,,,False,,,,,,
Fastline Advertising,C,qualified,,66.0,1,0,True,sales_leadership,Sales Manager,https://rocketjobs.pl/oferta-pracy/fastline-advertising-sales-manager-warszawa-sales-motoryzacja-transport,Warszawa,rocketjobs.pl,,,False,,,,,,
SM-PROJECT Sp. z o.o.,C,qualified,,65.5,2,0,True,sales_leadership,Sales Manager w Dziale B2B - C&I,https://www.aplikuj.pl/oferta/3318570/sales-manager-w-dziale-b2b-ci-umowa-o-prace-sm-project-sp-z-o-o,Rzeszów|Warszawa,aplikuj.pl,,,False,,,,,,
OTCF S.A.,C,qualified,,65.5,1,0,False,ae_b2b_saas,Senior B2B Sales Specialist,https://rocketjobs.pl/oferta-pracy/otcf-s-a--senior-b2b-sales-specialist-krakow-sales-odziez-i-akcesoria,Kraków|Warszawa|Świebodzin,rocketjobs.pl,,,False,,,,,,
ER Group,C,qualified,,65.5,1,0,False,account_mgmt,Key Account Manager (Cybersecurity),https://rocketjobs.pl/oferta-pracy/er-group-key-account-manager-cybersecurity--warszawa-sales-it-i-telekomunikacja-02b7f579,Gdańsk|Warszawa,rocketjobs.pl,,,False,,,,,,
1843.pl,C,qualified,,65.5,1,0,False,sales_specialist,Specjalistka / Specjalista ds. sprzedaży i wsparcia Klienta,https://rocketjobs.pl/oferta-pracy/1843-pl-specjalistka-specjalista-ds-sprzedazy-i-wsparcia-klienta-krakow-sales-inne,Kraków,rocketjobs.pl,,,False,,,,,,
Procivis AG,C,qualified,,65.5,1,0,False,ae_b2b_saas,Business Development Manager CEE - Public Sector (remote in Eastern Europe),https://nofluffjobs.com/pl/job/business-development-manager-cee-public-sector-remote-in-eastern-europe-procivis,Remote,nofluffjobs.com,,,False,,,,,,
Centrum Rozwoju Szkół Wyższych Merito Sp. z o.o.,C,qualified,,65.5,1,0,False,ae_b2b_saas,Kierownik / Kierowniczka ds. marketingu B2B i projektów rozwojowych,https://www.praca.pl/kierownik-kierowniczka-ds-marketingu-b2b-i-projektow-rozwojowych_11443189.html,Poznań,praca.pl,,,False,,,,,,
QMS Sp. z o.o.,C,qualified,,65.5,1,0,False,ae_b2b_saas,Specjalista / Specjalistka ds. Sprzedaży B2B,https://www.praca.pl/specjalista-specjalistka-ds-sprzedazy-b2b_11531785.html,Warszawa,praca.pl,,,False,,,,,,
GOMEZ S.A.,C,qualified,,65.5,1,0,False,high_ticket_b2c,Doradca / Doradczyni Klienta w Salonie Premium,https://www.praca.pl/doradca-doradczyni-klienta-w-salonie-premium_11470030.html,Poznań,aplikuj.pl|praca.pl,,,False,,,,,,
Firma Ubezpieczeniowo-Finansowa Jacek Kania,C,qualified,,65.5,1,0,False,high_ticket_b2c,Doradca klienta Premium,https://www.praca.pl/doradca-klienta-premium_11420080.html,Gliwice,praca.pl,,,False,,,,,,
INOXA sp. z o.o.,C,qualified,,65.5,1,0,False,ae_b2b_saas,Specjalista/ka ds. sprzedaży B2B ( branża techniczna ),https://www.aplikuj.pl/oferta/3311850/specjalista-ka-ds-sprzedazy-b2b-branza-techniczna-umowa-o-prace-inoxa-sp-z-o-o,Jaworzno,aplikuj.pl,,,False,,,,,,
CREO JAN DOBOSZ,C,qualified,,65.5,1,0,False,ae_b2b_saas,Przedstawiciel/ka handlowy/a b2b,https://www.aplikuj.pl/oferta/3328863/przedstawiciel-ka-handlowy-a-b2b-umowa-o-prace-creo-jan-dobosz,Gdańsk,aplikuj.pl,,,False,,,,,,
Zakłady Mięsne „H.A.M.” Cichoń i Wspólnicy Sp. z o.o.,C,qualified,,65.0,3,0,True,generic_sales|sales_leadership,Dyrektor / Dyrektorka Sprzedaży – Branża Spożywcza,https://www.praca.pl/dyrektor-dyrektorka-sprzedazy-branza-spozywcza_11508400.html,Radzionków,aplikuj.pl|praca.pl,,,False,,,,,,
AUDIOSTACJA Sp z o o,C,qualified,,65.0,2,0,False,account_mgmt|sales_specialist,Handlowiec,https://rocketjobs.pl/oferta-pracy/audiostacja-sp-z-o-o-handlowiec-warszawa-sales-rtv-agd-artykuly-przemyslowe,Warszawa,rocketjobs.pl,,,False,,,,,,
VISITO.pl,C,qualified,,65.0,2,0,False,high_ticket_b2c,Opiekun Klienta - Osoba odpow. za kluczowych kontrahentów ,https://nofluffjobs.com/pl/job/opiekun-klienta-osoba-odpow-za-kluczowych-kontrahentow-visito-pl-swinoujscie,Dzielnica Nadmorska|Świnoujście,nofluffjobs.com,,,False,,,,,,
Vasco Bohemia Sp. z o.o.,C,qualified,,65.0,2,0,False,ae_b2b_saas,Sales Executive,https://www.praca.pl/sales-executive_11522296.html,Łódź,praca.pl,,,False,,,,,,
POLPLAN POLSKIE WYDAWNICTWO KARTOGRAFICZNE EMILIA GĘBALA ANDRZEJ GĘBALA s.c.,C,qualified,,65.0,2,0,False,generic_sales|high_ticket_b2c,Specjalista ds. Sprzedaży / Doradca Handlowy,https://www.praca.pl/specjalista-ds-sprzedazy-doradca-handlowy_11479756.html,Bielsko-Biała,praca.pl,,,False,,,,,,
APT Inter Perspektywa Sp. z o.o.,C,qualified,,65.0,2,0,False,high_ticket_b2c|sales_specialist,Doradca klienta biznesowego ds. pracy tymczasowej (k/m),https://www.praca.pl/doradca-klienta-biznesowego-ds-pracy-tymczasowej-k-m_11529160.html,Olsztyn,praca.pl,,,False,,,,,,
Armax Sp. z o.o. Sp.k.,C,qualified,,65.0,2,0,False,high_ticket_b2c,Doradca/Doradczyni Techniczno-Handlowy - Ciągniki Kubota,https://www.aplikuj.pl/oferta/3311715/doradca-doradczyni-techniczno-handlowy-ciagniki-kubota-umowa-o-prace-armax-sp-z-o-o-sp-k,Bielsko-Biała,aplikuj.pl,,,False,,,,,,
Hydrokrak Sp. z o.o.,C,qualified,,65.0,2,0,False,generic_sales|high_ticket_b2c,Handlowiec / Doradca Techniczno-Handlowy – Hydraulika Siłowa (m/k),https://www.aplikuj.pl/oferta/3313453/handlowiec-doradca-techniczno-handlowy-hydraulika-silowa-m-k-umowa-o-prace-hydrokrak-sp-z-o-o,Bielsko-Biała,aplikuj.pl,,,False,,,,,,
Flowmore sp. z o.o.,C,qualified,,64.8,1,0,False,generic_sales,Pre-sales Engineer,https://rocketjobs.pl/oferta-pracy/flowmore-sp-z-o-o--pre-sales-engineer-krakow-sales-uslugi-profesjonalne-4fe366ea,Kraków,rocketjobs.pl,,,False,,,,,,
Tidio,C,qualified,,64.8,1,0,False,account_mgmt,Customer Success Manager,https://rocketjobs.pl/oferta-pracy/tidio-customer-success-manager-warszawa-support-sprzedawcy,Warszawa,rocketjobs.pl,,,False,,,,,,
Adampol S.A.,C,qualified,,64.5,3,0,False,customer_service|sales_specialist,Starszy Specjalista/ Starsza Specjalistka ds. sprzedaży usług logistycznych cargo,https://rocketjobs.pl/oferta-pracy/adampol-s-a--starszy-specjalista-starsza-specjalistka-ds-sprzedazy-uslug-logistycznych-cargo-warszawa-sales-motoryzacja-transport,Małaszewicze|Warszawa|Zaścianki,rocketjobs.pl,,,False,,,,,,
ALUMIC S.A.,C,qualified,,64.5,1,0,True,sales_leadership,Dyrektor / Dyrektorka ds. Sprzedaży / Handlowy / Handlowa,https://www.praca.pl/dyrektor-dyrektorka-ds-sprzedazy-handlowy-handlowa_11521444.html,Bielsk Podlaski,praca.pl,,,False,,,,,,
Autobidmaster,C,qualified,,63.8,3,0,False,account_mgmt|customer_service,Customer Success Agent,https://rocketjobs.pl/oferta-pracy/autobidmaster-customer-success-agent-warszawa-support-motoryzacja-transport-b07676dd,Warszawa,rocketjobs.pl,,,False,,,,,,
Illustro,C,qualified,,63.8,3,0,False,account_mgmt|customer_service|generic_sales,Key Account Manager ds. Rynku Nowoczesnego (Modern Trade) - Duże Sieci Handlowe (M/K),https://rocketjobs.pl/oferta-pracy/illustro-key-account-manager-ds-rynku-nowoczesnego-modern-trade---duze-sieci-handlowe-m-k--zabrze-sales-sieci-handlowe,Katowice|Zabrze,rocketjobs.pl,,,False,,,,,,
TaxCoach,C,qualified,,63.2,1,0,False,generic_sales,Staż w dziale sprzedaży,https://rocketjobs.pl/oferta-pracy/taxcoach-staz-w-dziale-sprzedazy-poznan-sales-finanse-bankowosc-ubezpieczenia-9d87fbc5,Poznań,aplikuj.pl|rocketjobs.pl,,,False,,,,,,
Salestube,C,qualified,,63.2,1,0,False,sales_specialist,Junior Growth & Sales Specialist,https://rocketjobs.pl/oferta-pracy/salestube-junior-growth-sales-specialist-warszawa-sales-marketing-reklama-media-3bbbd20d,Warszawa,rocketjobs.pl,,,False,,,,,,
EXEA SPÓŁKA Z OGRANICZONĄ ODPOWIEDZIALNOŚCIĄ,C,qualified,,63.2,1,0,False,account_mgmt,"Account Manager | Cloud, Data Center & Cybersecurity",https://rocketjobs.pl/oferta-pracy/exea-spolka-z-ograniczona-odpowiedzialnoscia-account-manager-cloud-data-center-cybersecurity-torun-sales-it-i-telekomunikacja-45f5d2aa,Toruń,rocketjobs.pl,,,False,,,,,,
Synergy sp. z o.o.,C,qualified,,63.0,85,0,False,generic_sales,Partner Handlowy Orange/Subagent Orange,https://rocketjobs.pl/oferta-pracy/synergy-sp-z-o-o--partner-handlowy-orange-subagent-orange-elblag-sales-it-i-telekomunikacja,Augustów|Bartoszyce|Bełchatów|Biała Podlaska|Białogard|Białystok|Bielawa|Bielsko-Biała|Bochnia|Brodnica|Brzeg|Bydgoszcz|,rocketjobs.pl,https://www.orange.pl/,51-100,False,,,,,,
AURUM CHEMICALS dystrybutor surowców chemicznych,C,qualified,,63.0,1,0,True,sales_leadership,Sales Manager,https://rocketjobs.pl/oferta-pracy/aurum-chemicals-dystrybutor-surowcow-chemicznych-sales-manager-katowice-sales-kosmetyki-chemia-475d564c,Katowice,rocketjobs.pl,,,False,,,,,,
APILO Sp. z o.o.,C,qualified,,63.0,1,0,True,sales_leadership,Team Leader Customer Support (m/f),https://www.aplikuj.pl/oferta/3329648/team-leader-customer-support-m-f-umowa-o-prace-apilo-sp-z-o-o,Kozy,aplikuj.pl,,,False,,,,,,
EKOPRIM,C,qualified,,63.0,1,0,True,sales_leadership,Team leader/ka,https://www.aplikuj.pl/oferta/3329695/team-leader-ka-umowa-o-prace-ekoprim,Wilkowice,aplikuj.pl,,,False,,,,,,
Restimo Sp. z o.o.,C,qualified,,62.8,2,0,False,account_mgmt|customer_service,Customer Success Specialist,https://rocketjobs.pl/oferta-pracy/restimo-sp-z-o-o--customer-success-specialist-warszawa-support-it-i-telekomunikacja-a8f55fbf,Warszawa,rocketjobs.pl,,,False,,,,,,
VHM Hotel Management,C,qualified,,62.5,2,0,True,sales_leadership,Dyrektor / Dyrektorka Sprzedaży,https://www.praca.pl/dyrektor-dyrektorka-sprzedazy_11473501.html,Kołobrzeg,praca.pl,,,False,,,,,,
Done Deliveries Spółkę z ograniczoną odpowiedzialnością,C,qualified,,62.5,2,0,True,customer_service|sales_leadership,Manager / Lider zespołu dyspozytorów,https://www.aplikuj.pl/oferta/3325011/manager-lider-zespolu-dyspozytorow-umowa-o-prace-done-deliveries-spolke-z-ograniczona-odpowiedzialnoscia,Andrychów,aplikuj.pl,,,False,,,,,,
NJORD SPÓŁKA Z OGRANICZONĄ ODPOWIEDZIALNOŚCIĄ,C,qualified,,62.5,1,0,False,generic_sales,Inżynier(ka) ds. sprzedaży,https://rocketjobs.pl/oferta-pracy/njord-spolka-z-ograniczona-odpowiedzialnoscia-inzynier-ka-ds-sprzedazy-wroclaw-sales-energia-srodowisko,Wrocław,rocketjobs.pl,https://taranis.space/,51-100,False,,,,,,
Globema Sp. z o.o.,C,qualified,,62.5,1,0,False,account_mgmt,Key Account Manager,https://rocketjobs.pl/oferta-pracy/globema-sp-z-o-o--key-account-manager-warszawa-sales-it-i-telekomunikacja,Warszawa,rocketjobs.pl,,,False,,,,,,
ARES SHIELD AI SPÓŁKA AKCYJNA,C,qualified,,62.5,1,0,False,ae_b2b_saas,Business Development Manager_Deep Tech Industry,https://rocketjobs.pl/oferta-pracy/ares-shield-ai-spolka-akcyjna-business-development-manager-deep-tech-industry-wroclaw-sales-it-i-telekomunikacja,Wrocław,rocketjobs.pl,,,False,,,,,,
MUSCAT,C,qualified,,62.5,1,0,False,high_ticket_b2c,Doradca | Doradczyni klienta,https://rocketjobs.pl/oferta-pracy/muscat-doradca-doradczyni-klienta-warszawa-sales-odziez-i-akcesoria,Warszawa,rocketjobs.pl,,,False,,,,,,
Nova Group,C,qualified,,62.5,1,0,False,sales_specialist,Specjalista ds. Sprzedaży,https://rocketjobs.pl/oferta-pracy/nova-group-specjalista-ds-sprzedazy-warszawa-sales-uslugi-profesjonalne,Warszawa,rocketjobs.pl,,,False,,,,,,
Impakt S.A.,C,qualified,,62.5,1,0,False,sales_specialist,Młodszy specjalista ds. sprzedaży rozwiązań IT (k/m),https://rocketjobs.pl/oferta-pracy/impakt-s-a--mlodszy-specjalista-ds-sprzedazy-rozwiazan-it-k-m--mosina-support-it-i-telekomunikacja,Mosina,rocketjobs.pl,,,False,,,,,,
SNI,C,qualified,,62.5,1,0,False,account_mgmt,Account Manager,https://rocketjobs.pl/oferta-pracy/sni-account-manager-warszawa-support-it-i-telekomunikacja-8e28c84a,Warszawa,rocketjobs.pl,,,False,,,,,,
Trustark Human Solutions,C,qualified,,62.5,1,0,False,high_ticket_b2c,Doradca Techniczno-Handlowy (m/k),https://nofluffjobs.com/pl/job/doradca-techniczno-handlowy-m-k-trustark-human-solutions-opole,Opole,nofluffjobs.com,,,False,,,,,,
AGS Engineering s.r.o.,C,qualified,,62.5,1,0,False,ae_b2b_saas,Menedżer ds. Rozwoju (Business Development Manager),https://www.praca.pl/menedzer-ds-rozwoju-business-development-manager_11498170.html,Warszawa,praca.pl,,,False,,,,,,
Firma Handlowa Auto-Center Spółka Z O.O.,C,qualified,,62.5,1,0,False,high_ticket_b2c,Doradca / Doradczyni Handlowa ds. Klientów Kluczowych (Branża Oponiarska),https://www.praca.pl/doradca-doradczyni-handlowa-ds-klientow-kluczowych-branza-oponiarska_11506486.html,Gdynia,praca.pl,,,False,,,,,,
Holcim Polska S.A,C,qualified,,62.5,1,0,False,high_ticket_b2c,Przedstawiciel techniczno-handlowy / Przedstawicielka techniczno-handlowa ds. inwestycji,https://www.praca.pl/przedstawiciel-techniczno-handlowy-przedstawicielka-techniczno-handlowa-ds-inwestycji_11476315.html,Warszawa,praca.pl,,,False,,,,,,
Bank Pocztowy S.A.,C,qualified,,62.5,1,0,False,high_ticket_b2c,Analityk Kredytowy / Analityczka Kredytowa Klienta MSP,https://www.praca.pl/analityk-kredytowy-analityczka-kredytowa-klienta-msp_11526217.html,Bydgoszcz,praca.pl,,,False,,,,,,
REMONDIS Północ Sp. z o.o.,C,qualified,,62.5,1,0,False,high_ticket_b2c,Doradca Handlowy,https://www.praca.pl/doradca-handlowy_11524603.html,Trójmiasto,praca.pl,,,False,,,,,,
Urząd Miasta Kołobrzeg,C,qualified,,62.5,1,0,False,high_ticket_b2c,Stanowisko ds. sprzedaży i regulacji stanów prawnych w wydziale gospodarki nieruchomościami,https://www.praca.pl/stanowisko-ds-sprzedazy-i-regulacji-stanow-prawnych-w-wydziale-gospodarki-nieruchomosciami_11518759.html,Kołobrzeg,praca.pl,,,False,,,,,,
"ELIZA TOMASZEWSKA ""KORELIZ""",C,qualified,,62.5,1,0,False,high_ticket_b2c,Doradca klienta/pracownik obsługi klienta instytucji finansowej (k/m),https://www.praca.pl/doradca-klienta-pracownik-obslugi-klienta-instytucji-finansowej-k-m_11518675.html,Przeźmierowo,praca.pl,,,False,,,,,,
KAROL LEŚKIEWICZ,C,qualified,,62.5,1,0,False,high_ticket_b2c,Agent ubezpieczeniowy k/m,https://www.praca.pl/agent-ubezpieczeniowy-k-m_11536099.html,Radom,praca.pl,,,False,,,,,,
Krzysztof Czechowicz,C,qualified,,62.5,1,0,False,high_ticket_b2c,Agent ubezpieczeniowy (kobieta/mężczyzna),https://www.praca.pl/agent-ubezpieczeniowy-kobieta-mezczyzna_11474377.html,Gorzów Wielkopolski,praca.pl,,,False,,,,,,
Karel 2 Sp. z o.o.,C,qualified,,62.5,1,0,False,high_ticket_b2c,Handlowiec/doradca techniczno – handlowy – branża elektrotechniczna i elektroinstalacyjna,https://www.aplikuj.pl/oferta/3326897/handlowiec-doradca-techniczno-handlowy-branza-elektrotechniczna-i-elektroinstalacyjna-umowa-o-prace-karel-2-sp-z-o-o,Bielsko-Biała,aplikuj.pl,,,False,,,,,,
Nawrot Sp. z o.o.,C,qualified,,62.5,1,0,False,high_ticket_b2c,Specjalista ds. Sprzedaży Samochodów Używanych | Grupa Nawrot Długołęka (k/m),https://www.aplikuj.pl/oferta/3292446/specjalista-ds-sprzedazy-samochodow-uzywanych-grupa-nawrot-dlugoleka-k-m-umowa-o-prace-nawrot-sp-z-o-o,Długołęka,aplikuj.pl,,,False,,,,,,
MRS Telecom Sp. z o.o.,C,qualified,,62.5,1,0,False,high_ticket_b2c,Doradca Klienta Biznesowego w Orange Polska,https://www.aplikuj.pl/oferta/3324906/doradca-klienta-biznesowego-w-orange-polska-umowa-o-prace-mrs-telecom-sp-z-o-o,Wrocław,aplikuj.pl,,,False,,,,,,
BAŁTYCKI BANK SPÓŁDZIELCZY z siedzibą w Darłowie,C,qualified,,62.5,1,0,False,high_ticket_b2c,Doradca klienta (k/m),https://www.aplikuj.pl/oferta/3290567/doradca-klienta-k-m-umowa-o-prace-baltycki-bank-spoldzielczy-z-siedziba-w-darlowie,Koszalin,aplikuj.pl,,,False,,,,,,
K.DENS Sp. z o.o.,C,qualified,,62.5,1,0,False,high_ticket_b2c,Agent/ka ubezpieczeniowy/a,https://www.aplikuj.pl/oferta/3317677/agent-ka-ubezpieczeniowy-a-umowa-o-prace-k-dens-sp-z-o-o,Łódź,aplikuj.pl,,,False,,,,,,
Fiberlink,C,qualified,,62.5,1,0,False,high_ticket_b2c,Doradca/ Doradczyni Techniczno-Handlowy/a ds. Fotowoltaiki,https://www.aplikuj.pl/oferta/3309751/doradca-doradczyni-techniczno-handlowy-a-ds-fotowoltaiki-umowa-zlecenie-fiberlink,Kraków,aplikuj.pl,,,False,,,,,,
GRUPA PROFBUD SPÓŁKA Z OGRANICZONĄ ODPOWIEDZIALNOŚCIĄ,C,qualified,,62.5,1,0,False,high_ticket_b2c,Doradca Klienta (k/m),https://www.aplikuj.pl/oferta/3328151/doradca-klienta-k-m-umowa-o-prace-grupa-profbud-spolka-z-ograniczona-odpowiedzialnoscia,Mysiadło,aplikuj.pl,,,False,,,,,,
Polskie Sklepy Odzieżowe Sp. z o.o.,C,qualified,,62.5,1,0,False,high_ticket_b2c,Doradca / Doradczyni Klienta,https://www.aplikuj.pl/oferta/3316148/doradca-doradczyni-klienta-umowa-o-prace-polskie-sklepy-odziezowe-sp-z-o-o,Piaseczno|Warszawa,aplikuj.pl,,,False,,,,,,
Nieruchomości Apartament Joanna Erszkowicz,C,qualified,,62.5,1,0,False,high_ticket_b2c,Doradca rynku nieruchomości-nie wymagamy doświadczenia,https://www.aplikuj.pl/oferta/3336213/doradca-rynku-nieruchomosci-nie-wymagamy-doswiadczenia-umowa-o-prace-nieruchomosci-apartament-joanna-erszkowicz,Iława,aplikuj.pl,,,False,,,,,,
G&G Auto Lublin Sp. z o.o.,C,qualified,,62.5,1,0,False,high_ticket_b2c,Doradca ds. sprzedaży samochodów używanych (m/k),https://www.aplikuj.pl/oferta/3326603/doradca-ds-sprzedazy-samochodow-uzywanych-m-k-umowa-o-prace-gg-auto-lublin-sp-z-o-o,Lublin,aplikuj.pl,,,False,,,,,,
Kaeser Kompressoren Sp. z o.o.,C,qualified,,62.0,5,0,False,generic_sales,Przedstawiciel Techniczno-Handlowy (K/M),https://rocketjobs.pl/oferta-pracy/kaeser-kompressoren-sp-z-o-o--przedstawiciel-techniczno-handlowy-k-m--lublin-sales-uslugi-profesjonalne,Częstochowa|Lublin|Radom|Rzeszów|Wrocław,rocketjobs.pl,,,False,,,,,,
PORTOS TR7 sp. z o.o.,C,qualified,,62.0,2,0,False,generic_sales|sales_specialist,Młodszy specjalista ds sprzedaży hurtowej (M/K/N),https://www.praca.pl/mlodszy-specjalista-ds-sprzedazy-hurtowej-m-k-n_11467969.html,Kuchary,praca.pl,,,False,,,,,,
ABAKON BD Sp. z o.o.,C,qualified,,62.0,2,0,False,sales_specialist,Specjalista / Specjalistka ds. sprzedaży domów,https://www.praca.pl/specjalista-specjalistka-ds-sprzedazy-domow_11449003.html,Poznań|Wrocław,praca.pl,,,False,,,,,,
Golden Serwis Sp. z o. o.,C,qualified,,61.8,4,0,False,account_mgmt|customer_service|sales_specialist,Customer Success Specialist,https://rocketjobs.pl/oferta-pracy/golden-serwis-sp-z-o-o--customer-success-specialist-warszawa-support-inne,Baniocha|Białka Tatrzańska|Bielany Wrocławskie|Bielsko-Biała|Boguchwała|Bojanów|Bolesław|Bydgoszcz|Chełm|Cieplewo|Drelów,aplikuj.pl|rocketjobs.pl,,,False,,,,,,
Scalac,C,qualified,,61.8,1,0,False,generic_sales,AI Sales Engineer,https://rocketjobs.pl/oferta-pracy/scalac-ai-sales-engineer-gdansk-sales-it-i-telekomunikacja,Gdańsk,rocketjobs.pl,,,False,,,,,,
PMT,C,qualified,,61.8,1,0,False,account_mgmt,Senior Account Manager,https://rocketjobs.pl/oferta-pracy/pmt-senior-account-manager-poznan-support-marketing-reklama-media,Kalisz|Konin|Kraków|Poznań|Warszawa,rocketjobs.pl,,,False,,,,,,
PilotGo,C,qualified,,61.8,1,0,False,generic_sales,Sales and Onboarding Specialist (praca tymczasowa),https://rocketjobs.pl/oferta-pracy/pilotgo-sales-and-onboarding-specialist-praca-tymczasowa--krakow-sales-it-i-telekomunikacja,Kraków,rocketjobs.pl,,,False,,,,,,
STRIVE Sp. z o.o.,C,qualified,,61.8,1,0,False,account_mgmt,Key Account Manager,https://rocketjobs.pl/oferta-pracy/strive-sp-z-o-o--key-account-manager-gdynia-sales-it-i-telekomunikacja-959ba734,Gdynia,rocketjobs.pl,,,False,,,,,,
IDEA COMMERCE S.A.,C,qualified,,61.8,1,0,False,generic_sales,Junior Pre-Sales,https://rocketjobs.pl/oferta-pracy/idea-commerce-s-a--pre-sales-specialist-bydgoszcz-sales-it-i-telekomunikacja-e2d2561d,Bydgoszcz,rocketjobs.pl,,,False,,,,,,
Fresh Office,C,qualified,,61.8,1,0,False,generic_sales,Specjalista ds. Rozwoju Sprzedaży 🚀,https://rocketjobs.pl/oferta-pracy/fresh-office-specjalista-ds-rozwoju-sprzedazy--krakow-sales-uslugi-profesjonalne,Kraków,rocketjobs.pl,https://freshoffice.eu/,51-100,False,,,,,,
ILLUSTRO Doradztwo S.C.,C,qualified,,61.2,2,0,False,account_mgmt,Key Account Manager / Managerka - sieci handlowe (Polska),https://rocketjobs.pl/oferta-pracy/illustro-doradztwo-s-c--key-account-manager-managerka---sieci-handlowe-polska--katowice-sales-inne,Katowice,rocketjobs.pl,,,False,,,,,,
CodeTwo - HRejterzy,C,qualified,,61.2,2,0,False,account_mgmt,IT Customer Success Specialist (język niemiecki),https://rocketjobs.pl/oferta-pracy/codetwo---hrejterzy-it-customer-success-specialist-jezyk-niemiecki--jelenia-gora-support-it-i-telekomunikacja-1d1d27bd,Jelenia Góra|Wrocław,rocketjobs.pl,,,False,,,,,,
VeloBank S.A.,C,qualified,,61.2,2,0,False,customer_service|generic_sales,Młodsza Doradczyni / Młodszy Doradca w Departamencie Sprzedaży Zdalnej,https://rocketjobs.pl/oferta-pracy/velobank-s-a--mlodsza-doradczyni-mlodszy-doradca-w-departamencie-sprzedazy-zdalnej-jastrzebie-zdroj-support-finanse-bankowosc-ubezpieczenia,Jastrzębie-Zdrój|Warszawa,rocketjobs.pl,,,False,,,,,,
Grupa Carcon,C,qualified,,61.0,1,0,False,sales_specialist,Specjalista/Specjalistka ds. sprzedaży,https://rocketjobs.pl/oferta-pracy/grupa-carcon-specjalista-specjalistka-ds-sprzedazy-jawczyce-sales-inzynieria-technika-produkcja,Jawczyce,rocketjobs.pl,,,False,,,,,,
NoBlue,C,qualified,,61.0,1,0,False,sales_specialist,Konsultant Handlowiec. Praca zdalna,https://rocketjobs.pl/oferta-pracy/noblue-konsultant-handlowiec-praca-zdalna-jaslo-sales-inne-3a661113,Jasło,rocketjobs.pl,,,False,,,,,,
Crestt,C,qualified,,61.0,1,0,False,generic_sales,IT Body leasing & Outsourcing (SAP | Data | AI) Sales Hunter,https://rocketjobs.pl/oferta-pracy/crestt-it-body-leasing-outsourcing-sap-data-ai-sales-hunter-warszawa-sales-uslugi-profesjonalne,Warszawa,rocketjobs.pl,,,False,,,,,,
Lobo recykling,C,qualified,,61.0,1,0,False,sales_specialist,Spedytor / Handlowiec – Transport Krajowy,https://rocketjobs.pl/oferta-pracy/lobo-recykling-spedytor-handlowiec---transport-krajowy-zwolen-sales-motoryzacja-transport-520806d4,Katowice|Warszawa|Zwoleń,rocketjobs.pl,,,False,,,,,,
"ZUH ""LOBO"" Grzegorz Paszkiewicz",C,qualified,,61.0,1,0,False,sales_specialist,Handlowiec ds. sprzedaży kontenerów i praso kontenerów | Praca mobilna / hybrydowa,https://rocketjobs.pl/oferta-pracy/zuh-lobo-grzegorz-paszkiewicz-handlowiec-ds-sprzedazy-kontenerow-i-praso-kontenerow-praca-mobilna-hybrydowa-radom-sales-nieruchomosci-budownictwo-8e42d12f,Radom,rocketjobs.pl,,,False,,,,,,
Packhelp,C,qualified,,61.0,1,0,False,account_mgmt,Account Manager,https://rocketjobs.pl/oferta-pracy/packhelp-account-manager-warszawa-sales-inzynieria-technika-produkcja,Warszawa,rocketjobs.pl,,,False,,,,,,
GlobKurier,C,qualified,,61.0,1,0,False,sales_specialist,Sales Specialist,https://rocketjobs.pl/oferta-pracy/globkurier-sales-specialist-katowice-sales-motoryzacja-transport,Katowice,rocketjobs.pl,,,False,,,,,,
ITH Sp. z o.o.,C,qualified,,60.5,2,0,False,account_mgmt|sales_specialist,Handlowiec,https://rocketjobs.pl/oferta-pracy/ith-sp-z-o-o--handlowiec-krakow-sales-it-i-telekomunikacja-1513ae66,Kraków,rocketjobs.pl,,,False,,,,,,
Formaster S.A.,C,qualified,,60.5,2,0,False,account_mgmt|sales_specialist,Key Account Manager (M/K),https://rocketjobs.pl/oferta-pracy/formaster-s-a--key-account-manager-bilcza-sales-sieci-handlowe,Bilcza|Kielce,rocketjobs.pl,,,False,,,,,,
ASENA Group,C,qualified,,60.5,2,0,False,sales_specialist,Handlowiec / Sprzedaż Usług Transportowych ,https://nofluffjobs.com/pl/job/handlowiec-sprzedaz-uslug-transportowych-asena-group-bialystok,Białystok,nofluffjobs.com,,,False,,,,,,
PAN VIKING SPÓŁKA Z OGRANICZONĄ ODPOWIEDZIALNOŚCIĄ,C,qualified,,60.0,3,0,False,generic_sales,Manager / Managerka Sprzedaży,https://rocketjobs.pl/oferta-pracy/pan-viking-spolka-z-ograniczona-odpowiedzialnoscia-manager-managerka-sprzedazy-lodz-sales-turystyka-hotelarstwo-catering,Białystok|Bronisze|Bydgoszcz|Bytom|Goleniów|Gorzów Wielkopolski|Inowrocław|Kalisz|Legionowo|Lubin|Lublin|Olsztyn|Opole|P,rocketjobs.pl,,,False,,,,,,
CGH Group Sp. z o.o.,C,qualified,,60.0,1,0,True,sales_leadership,Sales Manager ,https://rocketjobs.pl/oferta-pracy/cgh-group-sp-z-o-o--sales-manager--bydgoszcz-sales-inzynieria-technika-produkcja,Bydgoszcz,rocketjobs.pl,,,False,,,,,,
DSPL Sp. z o.o.,C,qualified,,60.0,1,0,True,sales_leadership,Kierownik Sprzedaży,https://www.praca.pl/kierownik-sprzedazy_11441494.html,Warszawa,praca.pl,,,False,,,,,,
INWEMER SYSTEM Sp. z o. o.,C,qualified,,60.0,1,0,True,sales_leadership,Regionalny kierownik ds. sprzedaży (k/m),https://www.aplikuj.pl/oferta/3293184/regionalny-kierownik-ds-sprzedazy-k-m-umowa-o-prace-inwemer-system-sp-z-o-o,Łódź,aplikuj.pl,,,False,,,,,,
Pinot,C,qualified,,60.0,1,0,True,sales_leadership,Sales Manager (FMCG / HoReCa),https://www.aplikuj.pl/oferta/3316147/sales-manager-fmcg-horeca-umowa-o-prace-pinot,Łódź,aplikuj.pl,,,False,,,,,,
La Rive S.A.,C,qualified,,60.0,1,0,True,sales_leadership,Export Manager | International Sales Manager,https://www.aplikuj.pl/oferta/3297947/export-manager-international-sales-manager-umowa-o-prace-la-rive-s-a,Warszawa,aplikuj.pl,,,False,,,,,,
RSTECHNOLOGY Adam Rachfał,C,qualified,,60.0,1,0,True,sales_leadership,Sales Manager,https://www.aplikuj.pl/oferta/3329542/sales-manager-umowa-o-prace-rstechnology-adam-rachfal,Gniewczyna Łańcucka,aplikuj.pl,,,False,,,,,,
KAMSOFT S.A.,D,qualified,,59.5,1,0,False,generic_sales,Konsultant/Konsultantka ds. Handlowych,https://rocketjobs.pl/oferta-pracy/kamsoft-s-a--konsultant-konsultantka-ds-handlowych-katowice-sales-it-i-telekomunikacja,Katowice,rocketjobs.pl,,,False,,,,,,
Inso Sp. z o.o.,D,qualified,,59.5,1,0,False,account_mgmt,Customer Success Growth Manager,https://rocketjobs.pl/oferta-pracy/inso-sp-z-o-o--customer-success-growth-manager-krakow-support-sprzedawcy,Kraków,rocketjobs.pl,,,False,,,,,,
Adtraction Poland Sp. z o.o.,D,qualified,,59.5,1,0,False,account_mgmt,Customer Success Manager,https://rocketjobs.pl/oferta-pracy/adtraction-poland-sp-z-o-o--customer-success-manager-warszawa-support-marketing-reklama-media,Warszawa,rocketjobs.pl,,,False,,,,,,
Arteria Customer Experience,D,qualified,,59.2,7,0,False,customer_service,Obsługa Klienta z językiem angielskim,https://rocketjobs.pl/oferta-pracy/arteria-customer-experience-obsluga-klienta-z-jezykiem-angielskim-wroclaw-support-motoryzacja-transport,Częstochowa|Ruda Śląska|Sosnowiec|Wrocław|Zabrze,rocketjobs.pl,,,False,,,,,,
Fastline Racing Academy,D,qualified,,58.8,1,0,False,generic_sales,Specjalista do spraw sprzedaży FRA,https://rocketjobs.pl/oferta-pracy/fastline-racing-academy-specjalista-do-spraw-sprzedazy-fra-warszawa-sales-motoryzacja-transport,Warszawa,rocketjobs.pl,,,False,,,,,,
Infakt,D,qualified,,58.8,1,0,False,generic_sales,Młodszy/a Specjalista/ka ds. Sprzedaży,https://rocketjobs.pl/oferta-pracy/infakt-mlodszy-a-specjalista-ka-ds-sprzedazy-krakow-sales-finanse-bankowosc-ubezpieczenia-7ff26e7e,Kraków,rocketjobs.pl,,,False,,,,,,
Primesoft Polska Sp. z o.o.,D,qualified,,58.8,1,0,False,account_mgmt,Key Account Manager,https://rocketjobs.pl/oferta-pracy/primesoft-polska-sp-z-o-o--key-account-manager-poznan-sales-it-i-telekomunikacja-32a44385,Poznań,rocketjobs.pl,,,False,,,,,,
Mandoria Sp. z o.o.,D,qualified,,58.8,1,0,False,generic_sales,Specjalista/-ka ds. Sprzedaży,https://rocketjobs.pl/oferta-pracy/mandoria-sp-z-o-o--specjalista--ka-ds-sprzedazy-rzgow-sales-marketing-reklama-media,Rzgów,rocketjobs.pl,https://mandoria.com,101-500,False,,,,,,
Indoor Media Sp. z o.o.,D,qualified,,58.8,1,0,False,account_mgmt,Senior Key Account Manager,https://rocketjobs.pl/oferta-pracy/indoor-media-sp-z-o-o--senior-key-account-manager-warszawa-sales-marketing-reklama-media-e621606f,Warszawa,rocketjobs.pl,,,False,,,,,,
Viktor.com,D,qualified,,58.8,1,0,False,account_mgmt,Customer Success Manager,https://rocketjobs.pl/oferta-pracy/viktor-com-customer-success-manager-warszawa-support-it-i-telekomunikacja,Warszawa,rocketjobs.pl,,,False,,,,,,
Dataplace.ai,D,qualified,,58.8,1,0,False,account_mgmt,Customer Success Manager,https://rocketjobs.pl/oferta-pracy/dataplace-ai-customer-success-manager-warszawa-support-it-i-telekomunikacja,Warszawa,rocketjobs.pl,,,False,,,,,,
Wazdan Services Limited,D,qualified,,58.2,2,0,False,account_mgmt,Technical Account Manager,https://rocketjobs.pl/oferta-pracy/wazdan-services-limited-technical-account-manager-opole-sales-it-i-telekomunikacja,Opole,rocketjobs.pl,,,False,,,,,,
Craftware,D,qualified,,58.0,1,0,False,account_mgmt,Account Manager,https://rocketjobs.pl/oferta-pracy/craftware-account-manager-warszawa-sales-it-i-telekomunikacja,Warszawa,rocketjobs.pl,,,False,,,,,,
SSC Górskie-Resorty.pl Sp. z o.o. Sp.k.,D,qualified,,58.0,1,0,False,generic_sales,Specjalista / Specjalistka ds. aktywnej sprzedaży w Parku Querion,https://rocketjobs.pl/oferta-pracy/ssc-gorskie-resorty-pl-sp-z-o-o-sp-k--specjalista-specjalistka-ds-aktywnej-sprzedazy-w-parku-querion-jelenia-gora-sales-turystyka-hotelarstwo-catering,Jelenia Góra|Szklarska Poręba,rocketjobs.pl,,,False,,,,,,
ALTEN Polska,D,qualified,,58.0,1,0,False,generic_sales,Sales & Development Manager I (Engineering),https://rocketjobs.pl/oferta-pracy/alten-polska-sales-development-manager-i-engineering--warszawa-sales-inzynieria-technika-produkcja,Warszawa,rocketjobs.pl,,,False,,,,,,
Hi5-LOGISTICS spółka z ograniczoną odpowiedzialnością,D,qualified,,57.5,5,0,False,sales_specialist,Osoba ds. handlowych (Handlowiec/Handlowczyni) z doświadczeniem w Dziale Spedycji Morskiej Hi5-SEA L,https://www.aplikuj.pl/oferta/3311591/osoba-ds-handlowych-handlowiec-handlowczyni-z-doswiadczeniem-w-dziale-spedycji-morskiej-hi5-sea-l-umowa-o-prace-hi5-logistics-spolka-z-ograniczona-odpowiedzialnoscia,Gdańsk|Gdynia|Kartuzy|Kraków|Niepołomice|Oświęcim|Pruszcz Gdański|Rumia|Sopot|Wieliczka|Żukowo,aplikuj.pl,,,False,,,,,,
Verseo,D,qualified,,57.5,2,0,False,account_mgmt|generic_sales,Customer Success & Growth Specialist (m/f/d),https://nofluffjobs.com/pl/job/customer-success-growth-specialist-m-f-d-verseo-poznan,Poznań,nofluffjobs.com,,,False,,,,,,
3D Estate sp. z o.o.,D,qualified,,57.2,1,0,False,generic_sales,Ekspert / Ekspertka ds. Sprzedaży - Rozwoju Biznesu,https://rocketjobs.pl/oferta-pracy/3d-estate-sp-z-o-o--ekspert-ekspertka-ds-sprzedazy---rozwoju-biznesu-warszawa-sales-inne-833f5d99,Warszawa,rocketjobs.pl,,,False,,,,,,
sourcingNOW Sp. z o.o.,D,qualified,,57.2,1,0,False,account_mgmt,Key Account Manager,https://rocketjobs.pl/oferta-pracy/sourcingnow-sp-z-o-o--key-account-manager-warszawa-sales-nieruchomosci-budownictwo-6fdfc427,Warszawa,rocketjobs.pl,,,False,,,,,,
Sprawny Najem,D,qualified,,57.2,1,0,False,account_mgmt,Customer Success Specialist,https://rocketjobs.pl/oferta-pracy/sprawny-najem-customer-success-specialist-warszawa-support-it-i-telekomunikacja,Warszawa,rocketjobs.pl,,,False,,,,,,
MarketerHub.com,D,qualified,,57.2,1,0,False,account_mgmt,Junior Account Manager,https://rocketjobs.pl/oferta-pracy/marketerhub-com-junior-account-manager-warszawa-support-marketing-reklama-media,Warszawa,rocketjobs.pl,,,False,,,,,,
ERLI S.A.,D,qualified,,57.0,3,0,False,customer_service|generic_sales|sales_specialist,Trade Marketing & Sales Specialist,https://rocketjobs.pl/oferta-pracy/erli-s-a--trade-marketing-specialist-poznan-sales-marketing-reklama-media,Poznań,rocketjobs.pl,,,False,,,,,,
Tubes International sp. z oo,D,qualified,,57.0,3,0,False,generic_sales,Asystent / Asystentka ds. handlowo–technicznych Łódź,https://rocketjobs.pl/oferta-pracy/tubes-international-sp-z-oo-asystent-asystentka-ds-handlowo-technicznych-lodz-lodz-sales-inzynieria-technika-produkcja,Gdynia|Gliwice|Łódź,rocketjobs.pl,,,False,,,,,,
Nice To Fit You,D,qualified,,56.0,2,0,False,customer_service|sales_specialist,"Specjalista ds. Sprzedaży ""Pan/Pani Kanapka""",https://rocketjobs.pl/oferta-pracy/nice-to-fit-you-specjalista-ds-sprzedazy-pan-pani-kanapka--warszawa-sales-turystyka-hotelarstwo-catering,Warszawa,rocketjobs.pl,,,False,,,,,,
Rodowita z Roztocza,D,qualified,,55.8,1,0,False,account_mgmt,Senior Key Account Manager (m/k),https://rocketjobs.pl/oferta-pracy/rodowita-z-roztocza-senior-key-account-manager-m-k--warszawa-sales-inne-d85fc670,Katowice|Kraków|Poznań|Szczecin|Warszawa,rocketjobs.pl,https://rodowita.pl/,51-100,False,,,,,,
Hotel Dworek Wapionka,D,qualified,,55.0,4,0,False,sales_specialist,Specjalista ds. Sprzedaży Konferencji i Eventów Firmowych (k/m),https://nofluffjobs.com/pl/job/specjalista-ds-sprzedazy-konferencji-i-eventow-firmowych-k-m-hotel-dworek-wapionka-gorzno,Brodnica|Działdowo|Górzno|Rypin,nofluffjobs.com,,,False,,,,,,
Asco Systemy Informatyczne,D,qualified,,55.0,1,0,False,sales_specialist,Handlowiec - Wdrożeniowiec,https://rocketjobs.pl/oferta-pracy/asco-systemy-informatyczne-handlowiec---wdrozeniowiec-krakow-sales-motoryzacja-transport,Kraków,rocketjobs.pl,,,False,,,,,,
SCORPIO Sp. zo.o.,D,qualified,,55.0,1,0,False,generic_sales,Młodszy Inżynier / Inżynier Sprzedaży Technicznej (2 osoby),https://rocketjobs.pl/oferta-pracy/scorpio-sp-zo-o--mlodszy-inzynier-inzynier-sprzedazy-technicznej-2-osoby--lodz-sales-inzynieria-technika-produkcja,Łódź,rocketjobs.pl,,,False,,,,,,
Chaos Gears,D,qualified,,55.0,1,0,False,account_mgmt,Account Manager IT& Healthcare,https://rocketjobs.pl/oferta-pracy/chaos-gears-account-manager-it-healthcare-warszawa-sales-it-i-telekomunikacja,Warszawa,rocketjobs.pl,,,False,,,,,,
E&A Agencja Zatrudnienia (nr KRAZ 385),D,qualified,,55.0,1,0,False,high_ticket_b2c,KIEROWCA SAMOCHODU CIĘŻAROWEGO KAT. C (M/K),https://www.aplikuj.pl/oferta/3334330/kierowca-samochodu-ciezarowego-kat-c-m-k-umowa-o-prace-ea-agencja-zatrudnienia,Holandia,aplikuj.pl,,,False,,,,,,
Less Mess Storage,D,qualified,,54.5,2,0,False,generic_sales,Asystent / Asystentka ds. sprzedaży - Włochy (Al. Krakowska 271),https://rocketjobs.pl/oferta-pracy/less-mess-storage-asystent-asystentka-ds-sprzedazy---wlochy-al-krakowska-271--warszawa-sales-inne-1a406336,Blizne Łaszczyńskiego|Warszawa,rocketjobs.pl,,,False,,,,,,
MEDISEPT,D,qualified,,54.2,1,0,False,generic_sales,Dyrektor Handlowy/ Dyrektorka Handlowa,https://rocketjobs.pl/oferta-pracy/medisept-dyrektor-handlowy-dyrektorka-handlowa-lublin-sales-kosmetyki-chemia,Lublin,rocketjobs.pl,,,False,,,,,,
Callstack,D,qualified,,54.2,1,0,False,account_mgmt,Head of Customer Success,https://rocketjobs.pl/oferta-pracy/callstack-head-of-customer-success-wroclaw-sales-it-i-telekomunikacja,Wrocław,rocketjobs.pl,,,False,,,,,,
Yanosik,D,qualified,,54.2,1,0,False,generic_sales,Staż w dziale handlowym,https://rocketjobs.pl/oferta-pracy/yanosik-staz-w-dziale-handlowym-poznan-sales-motoryzacja-transport-1e08fc13,Poznań,rocketjobs.pl,,,False,,,,,,
Flame Employment Polska Sp. z o.o.,D,qualified,,54.2,1,0,False,generic_sales,Dyrektor Handlowy,https://rocketjobs.pl/oferta-pracy/flame-employment-polska-sp-z-o-o--dyrektor-handlowy-torun-sales-uslugi-profesjonalne,Toruń,rocketjobs.pl,,,False,,,,,,
Foap,D,qualified,,54.2,1,0,False,account_mgmt,Account Manager with Italian,https://rocketjobs.pl/oferta-pracy/foap-account-manager-with-italian-warszawa-sales-marketing-reklama-media,Warszawa,rocketjobs.pl,,,False,,,,,,
Grenton,D,qualified,,54.2,1,0,False,account_mgmt,Key Account Manager – Export (International Sales),https://rocketjobs.pl/oferta-pracy/grenton-key-account-manager---export-international-sales--krakow-sales-inzynieria-technika-produkcja,Kraków,rocketjobs.pl,http://www.grenton.pl,51-100,False,,,,,,
Stella Nutrition Sp. z o.o.,D,qualified,,54.2,1,0,False,account_mgmt,Key Account Specialist,https://rocketjobs.pl/oferta-pracy/stella-nutrition-sp-z-o-o--key-account-specialist-warszawa-sales-farmacja-medycyna,Warszawa,rocketjobs.pl,,,False,,,,,,
HCLTech,D,qualified,,53.5,4,0,False,customer_service,Customer Service Representative with Dutch & English,https://rocketjobs.pl/oferta-pracy/hcltech-customer-service-representative-with-dutch-english-krakow-support-it-i-telekomunikacja,Kraków,rocketjobs.pl,,,False,,,,,,
WeSub,D,qualified,,53.5,1,0,False,customer_service,Specjalista ds. sprzedaży i obsługi klienta,https://rocketjobs.pl/oferta-pracy/wesub-specjalista-ds-sprzedazy-i-obslugi-klienta-warszawa-sales-uslugi-profesjonalne,Warszawa,rocketjobs.pl,,,False,,,,,,
HELLO GROUP Sp. z o.o.,D,qualified,,53.5,1,0,False,generic_sales,Ekspert/ekspertka ds sprzedaży SEO&ADS,https://rocketjobs.pl/oferta-pracy/hello-group-sp-z-o-o--ekspert-ekspertka-ds-sprzedazy-seo-ads-gdansk-sales-marketing-reklama-media,Gdańsk,rocketjobs.pl,,,False,,,,,,
Manufacturo,D,qualified,,53.5,1,0,False,account_mgmt,Customer Success Manager,https://rocketjobs.pl/oferta-pracy/manufacturo-customer-success-manager-krakow-support-uslugi-profesjonalne,Kraków,rocketjobs.pl,,,False,,,,,,
SUUS EXPERT SP. Z O.O.,D,qualified,,53.2,6,0,False,customer_service,Młodszy Specjalista ds. Obsługi Klienta (m/k),https://rocketjobs.pl/oferta-pracy/suus-expert-sp-z-o-o--mlodszy-specjalista-ds-obslugi-klienta-m-k--rumia-support-uslugi-profesjonalne,Gdańsk|Koszalin|Olsztyn|Rumia|Szczecin|Toruń,rocketjobs.pl,,,False,,,,,,
Votum Scale Agency S.A.,D,qualified,,53.0,2,0,False,generic_sales,Manager Sprzedaży (m/k),https://rocketjobs.pl/oferta-pracy/votum-scale-agency-s-a--manager-sprzedazy-m-k--szczecin-sales-finanse-bankowosc-ubezpieczenia-d8bf87cd,Szczecin|Łódź,rocketjobs.pl,,,False,,,,,,
Atende SA,D,qualified,,52.8,1,0,False,account_mgmt,Key Account Manager (Sektor Publiczny),https://rocketjobs.pl/oferta-pracy/atende-sa-key-account-manager-sektor-publiczny--warszawa-sales-it-i-telekomunikacja,Warszawa,rocketjobs.pl,,,False,,,,,,
SUNCODE,D,qualified,,52.8,1,0,False,account_mgmt,Business Account Manager,https://rocketjobs.pl/oferta-pracy/suncode-business-account-manager-poznan-sales-it-i-telekomunikacja-db55273c,Poznań,rocketjobs.pl,,,False,,,,,,
Dentsu Polska,D,qualified,,52.8,1,0,False,account_mgmt,Account Manager (K/M),https://rocketjobs.pl/oferta-pracy/dentsu-polska-account-manager-k-m--warszawa-sales-marketing-reklama-media,Warszawa,rocketjobs.pl,,,False,,,,,,
CityFit,D,qualified,,52.8,1,0,False,account_mgmt,Opiekun / Opiekunka Klubowicza  – CityFit,https://rocketjobs.pl/oferta-pracy/cityfit-opiekun-opiekunka-klubowicza---cityfit-krakow-support-inne-0d27fd52,Kraków,rocketjobs.pl,,,False,,,,,,
ITFS Sp. z o.o.,D,qualified,,52.8,1,0,False,account_mgmt,Key Account Assistant,https://nofluffjobs.com/pl/job/key-account-assistant-itfs-warszawa-1,Warszawa,nofluffjobs.com,,,False,,,,,,
Work&Profit sp. z o.o.,D,qualified,,52.5,77,0,False,customer_service|generic_sales,Wykładanie towaru lub sprzedaż w marketach spożywczych różne lokalizacje / Warszawa,https://www.aplikuj.pl/oferta/3323605/wykladanie-towaru-lub-sprzedaz-w-marketach-spozywczych-rozne-lokalizacje-warszawa-umowa-zlecenie-workprofit-sp-z-o-o,Augustów|Bełchatów|Bielsko-Biała|Blachownia|Boguchwała|Brwinów|Brzeszcze|Bydgoszcz|Bytom|Będzin|Błonie|Chorzów|Chrzanów|,aplikuj.pl,,,False,,,,,,
Totalizator Sportowy,D,qualified,,52.0,4,0,False,generic_sales,Specjalista / Specjalistka ds. wsparcia sprzedaży (analizy sprzedaży) Rzeszów,https://rocketjobs.pl/oferta-pracy/totalizator-sportowy-specjalista-specjalistka-ds-wsparcia-sprzedazy-analizy-sprzedazy-rzeszow-rzeszow-sales-uslugi-profesjonalne,Bytów|Chełm|Kluczbork|Koszalin|Nowy Targ|Oleśnica|Rzeszów|Starogard Gdański|Szczecin|Słupsk|Warszawa|Wrocław,rocketjobs.pl,,,False,,,,,,
TDJ S.A.,D,qualified,,52.0,1,0,False,sales_specialist,Specjalistka/Specjalista ds. Sprzedaży,https://rocketjobs.pl/oferta-pracy/tdj-s-a--specjalistka-specjalista-ds-sprzedazy-katowice-sales-nieruchomosci-budownictwo,Katowice,rocketjobs.pl,,,False,,,,,,
Pomorskie Centrum Stomatologii Kryspin-Dent,D,qualified,,52.0,1,0,False,sales_specialist,Specjalista ds. Kontaktu (Handlowiec),https://www.praca.pl/specjalista-ds-kontaktu-handlowiec_11507605.html,Gdańsk,praca.pl,,,False,,,,,,
Integrity Partners Sp. z o.o.,D,qualified,,51.2,1,0,False,account_mgmt,Senior Account Manager,https://rocketjobs.pl/oferta-pracy/integrity-partners-sp-z-o-o--senior-account-manager-warszawa-sales-finanse-bankowosc-ubezpieczenia,Warszawa,rocketjobs.pl,,,False,,,,,,
FM Logistic,D,qualified,,51.2,1,0,False,account_mgmt,Key Account Director- Contract Logistics,https://rocketjobs.pl/oferta-pracy/fm-logistic-key-account-director--contract-logistics-olszowa-sales-inne,Olszowa,rocketjobs.pl,,,False,,,,,,
WebTalk,D,qualified,,51.2,1,0,False,generic_sales,Sales & Marketing Support Specialist,https://rocketjobs.pl/oferta-pracy/webtalk-sales-marketing-support-specialist-warszawa-sales-marketing-reklama-media,Warszawa,rocketjobs.pl,,,False,,,,,,
IQFM,D,qualified,,51.2,1,0,False,customer_service,Asystent działu obsługi Klienta (M/K),https://rocketjobs.pl/oferta-pracy/iqfm-asystent-dzialu-obslugi-klienta-m-k--warszawa-support-marketing-reklama-media,Warszawa|Łódź,rocketjobs.pl,http://www.iqfm.pl/,11-25,False,,,,,,
FOX FITTINGS Sp. z o.o,D,qualified,,51.2,1,0,False,sales_specialist,Export Sales Specialist (Africa),https://rocketjobs.pl/oferta-pracy/fox-fittings-sp-z-o-o-export-sales-specialist-africa--wilamowice-sales-inzynieria-technika-produkcja,Wilamowice,rocketjobs.pl,,,False,,,,,,
Ready4S,D,qualified,,51.2,1,0,False,account_mgmt,Lead Account Manager,https://rocketjobs.pl/oferta-pracy/ready4s-lead-account-manager-krakow-sales-it-i-telekomunikacja,Kraków,rocketjobs.pl,,,False,,,,,,
Zlomnica.pl Sp. z o.o.,D,qualified,,51.2,1,0,False,generic_sales,Specjalista / Specjalistka ds. handlowo-logistycznych,https://rocketjobs.pl/oferta-pracy/zlomnica-pl-sp-z-o-o--specjalista-specjalistka-ds-handlowo-logistycznych-pszczyna-sales-uslugi-profesjonalne,Pszczyna,rocketjobs.pl,,,False,,,,,,
Diagnostyka S.A.,D,qualified,,50.5,1,0,False,generic_sales,Zastepca lub Zastępczyni Dyrektora Sprzedaży ds. B2C,https://rocketjobs.pl/oferta-pracy/diagnostyka-s-a--zastepca-lub-zastepczyni-dyrektora-sprzedazy-ds-b2c-krakow-sales-farmacja-medycyna,Katowice|Kraków,rocketjobs.pl,,,False,,,,,,
MTG S.A.,D,qualified,,50.5,1,0,False,generic_sales,Specjalista/ka ds. sprzedaży i obsługi wystawców,https://rocketjobs.pl/oferta-pracy/mtg-s-a--specjalista-ka-ds-sprzedazy-i-obslugi-wystawcow-gdansk-sales-uslugi-profesjonalne,Gdańsk,rocketjobs.pl,,,False,,,,,,
WEBDEV SPÓŁKA Z OGRANICZONĄ ODPOWIEDZIALNOŚCIĄ,D,qualified,,50.5,1,0,False,customer_service,Specjalista ds. Obsługi Klienta i Sprzedaży w branży eventowej / rental (BOK) K/M,https://rocketjobs.pl/oferta-pracy/webdev-spolka-z-ograniczona-odpowiedzialnoscia-specjalista-ds-obslugi-klienta-i-sprzedazy-bok-k-m-warszawa-support-it-i-telekomunikacja,Warszawa,rocketjobs.pl,,,False,,,,,,
Aerobits Sp. z o.o.,D,qualified,,50.5,1,0,False,sales_specialist,Specjalista ds. Sprzedaży – UAV i Lotnictwo (k/m),https://nofluffjobs.com/pl/job/specjalista-ds-sprzedazy-uav-i-lotnictwo-k-m-aerobits-szczecin,Szczecin,nofluffjobs.com,,,False,,,,,,
GET IT TOGETHER Sp. z o.o.,D,qualified,,50.0,2,0,False,generic_sales,Młodszy/-a Specjalista/-tka ds. Wsparcia Sprzedaży,https://rocketjobs.pl/oferta-pracy/get-it-together-sp-z-o-o--mlodszy--a-specjalista--tka-ds-wsparcia-sprzedazy-gliwice-sales-it-i-telekomunikacja,Gliwice,rocketjobs.pl,,,False,,,,,,
KGL S.A.,D,qualified,,50.0,2,0,False,generic_sales|sales_specialist,Specjalistka ds. Sprzedaży i Eksportu / Specjalista ds. Sprzedaży i Eksportu,https://www.praca.pl/specjalistka-ds-sprzedazy-i-eksportu-specjalista-ds-sprzedazy-i-eksportu_11469115.html,Niepruszewo,praca.pl,,,False,,,,,,
Elis Textile Service Sp. z o.o.,D,qualified,,50.0,2,0,False,customer_service|sales_specialist,Specjalista / Specjalistka ds. Sprzedaży,https://www.praca.pl/specjalista-specjalistka-ds-sprzedazy_11471536.html,Legnica|dolnośląskie,praca.pl,,,False,,,,,,
TRADE TRANS COMBI sp. z o.o.,D,qualified,,50.0,2,0,False,generic_sales|sales_specialist,Handlowiec,https://www.praca.pl/handlowiec_11499028.html,Warszawa,praca.pl,,,False,,,,,,
JAKMET Sp. z o.o.,D,qualified,,50.0,2,0,False,sales_specialist,Specjalista / Specjalistka ds. Sprzedaży Międzynarodowej,https://www.praca.pl/specjalista-specjalistka-ds-sprzedazy-miedzynarodowej_11449306.html,Sobienki,praca.pl,,,False,,,,,,
CARBOAUTOMATYKA SA,D,qualified,,50.0,2,0,False,generic_sales|sales_specialist,Specjalista ds. sprzedaży na rynki górnicze (K/M),https://www.aplikuj.pl/oferta/3332236/specjalista-ds-sprzedazy-na-rynki-gornicze-k-m-umowa-o-prace-carboautomatyka-sa,Tychy,aplikuj.pl,,,False,,,,,,
Diverse CG Sp. z o.o. Sp.k.,D,qualified,,49.2,2,0,False,generic_sales,Salesforce CPQ Consultant,https://nofluffjobs.com/pl/job/salesforce-cpq-consultant-diverse-cg-sp-k--remote,Remote|Warszawa,nofluffjobs.com,,,False,,,,,,
Winged IT,D,qualified,,49.0,1,0,False,generic_sales,Dyrektor Działu Sprzedaży,https://rocketjobs.pl/oferta-pracy/winged-it-dyrektor-dzialu-sprzedazy-warszawa-sales-it-i-telekomunikacja,Warszawa,rocketjobs.pl,,,False,,,,,,
iSpot Poland Sp. z o.o.,D,qualified,,49.0,1,0,False,generic_sales,Specjalista/-ka ds. sprzedaży (Education),https://rocketjobs.pl/oferta-pracy/ispot-poland-sp-z-o-o--specjalista--ka-ds-sprzedazy-education--gdansk-sales-inne,Gdańsk,rocketjobs.pl,,,False,,,,,,
Sushi&Food,D,qualified,,48.2,1,0,False,account_mgmt,International Key Account Manager (K/M),https://rocketjobs.pl/oferta-pracy/sushi-food-international-key-account-manager-k-m--robakowo-sales-sieci-handlowe-b6d03956,Robakowo,rocketjobs.pl,,,False,,,,,,
agencja reklamowa radna,D,qualified,,48.2,1,0,False,account_mgmt,account manager,https://rocketjobs.pl/oferta-pracy/agencja-reklamowa-radna-account-manager-warszawa-sales-marketing-reklama-media,Warszawa,rocketjobs.pl,,,False,,,,,,
Bosko.agency,D,qualified,,48.2,1,0,False,account_mgmt,Account Manager,https://rocketjobs.pl/oferta-pracy/bosko-agency-account-manager-warszawa-sales-marketing-reklama-media,Warszawa,rocketjobs.pl,,,False,,,,,,
Linkhouse,D,qualified,,48.2,1,0,False,customer_service,Specjalista ds. Obsługi Klienta,https://rocketjobs.pl/oferta-pracy/linkhouse-specjalista-ds-obslugi-klienta-katowice-support-marketing-reklama-media-09ca5b39,Katowice,rocketjobs.pl,,,False,,,,,,
edrone,D,qualified,,48.2,1,0,False,customer_service,Customer Service Specialist,https://rocketjobs.pl/oferta-pracy/edrone-customer-service-specialist-krakow-support-it-i-telekomunikacja-7f36d337,Kraków,rocketjobs.pl,,,False,,,,,,
Jobeu Sp. z o.o.,D,qualified,,48.2,1,0,False,account_mgmt,Key Account Manager (Branża gospodarki odpadami) (k/m),https://www.praca.pl/key-account-manager-branza-gospodarki-odpadami-k-m_11532430.html,Warszawa,praca.pl,,,False,,,,,,
Mediccentre Service Sp. z o.o.,D,qualified,,47.5,4,0,False,generic_sales,Specjalista/Specjalistka ds. Umawiania Spotkań Handlowych,https://www.aplikuj.pl/oferta/3335162/specjalista-specjalistka-ds-umawiania-spotkan-handlowych-umowa-o-prace-mediccentre-service-sp-z-o-o,Gdańsk|Lublin|Warszawa|Łódź,aplikuj.pl,,,False,,,,,,
Awaken Realms,D,qualified,,47.5,1,0,False,generic_sales,Manager Działu Sprzedaży (Gry Planszowe),https://rocketjobs.pl/oferta-pracy/awaken-realms-manager-dzialu-sprzedazy-gry-planszowe--wroclaw-sales-inne,Wrocław,rocketjobs.pl,,,False,,,,,,
JAS-FBG S.A.,D,qualified,,47.5,1,0,False,generic_sales,Specjalista ds. Handlowych Spedycji Krajowej (k/m),https://rocketjobs.pl/oferta-pracy/jas-fbg-s-a--specjalista-ds-handlowych-spedycji-krajowej-k-m--warszawa-sales-uslugi-profesjonalne,Warszawa,rocketjobs.pl,,,False,,,,,,
Transition Technologies MS,D,qualified,,47.5,1,0,False,generic_sales,Specjalista/ka ds. pozyskiwania leadów sprzedażowych,https://rocketjobs.pl/oferta-pracy/transition-technologies-ms-specjalista-ka-ds-pozyskiwania-leadow-sprzedazowych-lublin-sales-it-i-telekomunikacja,Kraków|Lublin,rocketjobs.pl,,,False,,,,,,
Buglo Play Sp. z o.o.,D,qualified,,47.5,1,0,False,sales_specialist,Specjalista ds. sprzedaży zagranicznej z j. niemieckim,https://rocketjobs.pl/oferta-pracy/buglo-play-sp-z-o-o--specjalista-ds-sprzedazy-zagranicznej-z-j-niemieckim-koszalin-sales-inzynieria-technika-produkcja,Koszalin,rocketjobs.pl,,,False,,,,,,
Centrum Respo,D,qualified,,47.5,1,0,False,customer_service,Specjalista ds. sprzedaży/ obsługi klienta,https://rocketjobs.pl/oferta-pracy/centrum-respo-specjalista-ds-sprzedazy-obslugi-klienta-warszawa-sales-inne-8f589a0e,Warszawa,rocketjobs.pl,,,False,,,,,,
Belma AS Sp. z o.o.,D,qualified,,47.5,1,0,False,generic_sales,Koordynator Biura Sprzedaży (k/m),https://rocketjobs.pl/oferta-pracy/belma-as-sp-z-o-o--koordynator-biura-sprzedazy-k-m--bydgoszcz-sales-inzynieria-technika-produkcja,Bydgoszcz,rocketjobs.pl,,,False,,,,,,
Dambat,D,qualified,,47.5,1,0,False,generic_sales,Przedstawiciel/ka Handlowy/a – Północna Polska,https://rocketjobs.pl/oferta-pracy/dambat-przedstawiciel-ka-handlowy-a---polnocna-polska-gdansk-sales-nieruchomosci-budownictwo-e89bde87,Gdańsk|Grodzisk Mazowiecki,rocketjobs.pl,https://www.dambat.pl/,51-100,False,,,,,,
KCharles,D,qualified,,47.5,1,0,False,customer_service,Sales & Customer Service Operations Specialist,https://rocketjobs.pl/oferta-pracy/kcharles-sales-customer-service-operations-specialist-warszawa-support-motoryzacja-transport,Warszawa,rocketjobs.pl,,,False,,,,,,
GEODIS Road Network Sp. z o.o.,D,qualified,,47.5,1,0,False,sales_specialist,Specjalista / Specjalistka ds. sprzedaży,https://www.praca.pl/specjalista-specjalistka-ds-sprzedazy_11525926.html,Warszawa,praca.pl,,,False,,,,,,
NET Service S.A.,D,qualified,,47.5,1,0,False,sales_specialist,Specjalista ds. sprzedaży usług serwisowych (k/m),https://www.praca.pl/specjalista-ds-sprzedazy-uslug-serwisowych-k-m_11471620.html,Warszawa,praca.pl,,,False,,,,,,
Tobea Sp. z o.o.,D,qualified,,47.5,1,0,False,sales_specialist,Specjalista ds. sprzedaży z językiem francuskim (K/M),https://www.praca.pl/specjalista-ds-sprzedazy-z-jezykiem-francuskim-k-m_11393308.html,Nowy Dwór Mazowiecki|Warszawa,aplikuj.pl|praca.pl,,,False,,,,,,
P.W. CENTROSTAL-WROCŁAW S.A.,D,qualified,,47.5,1,0,False,sales_specialist,Pracownik ds. Sprzedaży wyrobów hutniczych - Handlowiec,https://www.praca.pl/pracownik-ds-sprzedazy-wyrobow-hutniczych-handlowiec_11491549.html,Wrocław,praca.pl,,,False,,,,,,
"Przedsiębiorstwo Komunikacji Samochodowej ""POLONUS"" S.A",D,qualified,,47.5,1,0,False,sales_specialist,Specjalista ds. sprzedaży i marketingu,https://www.praca.pl/specjalista-ds-sprzedazy-i-marketingu_11484181.html,Warszawa,praca.pl,,,False,,,,,,
Wutkowski Sp. z o.o.,D,qualified,,47.5,1,0,False,sales_specialist,Specjalista/Specjalistka ds. sprzedaży (k/m),https://www.aplikuj.pl/oferta/3326814/specjalista-specjalistka-ds-sprzedazy-k-m-umowa-o-prace-wutkowski-sp-z-o-o,Śliwice,aplikuj.pl,,,False,,,,,,
TARTAK - GAŁKA SPÓŁKA Z OGRANICZONĄ ODPOWIEDZIALNOŚCIĄ,D,qualified,,47.5,1,0,False,sales_specialist,Handlowiec / specjalista do spraw sprzedaży,https://www.aplikuj.pl/oferta/3337157/handlowiec-specjalista-do-spraw-sprzedazy-umowa-o-prace-tartak-galka-spolka-z-ograniczona-odpowiedzialnoscia,Bystra Podhalańska,aplikuj.pl,,,False,,,,,,
OKB Sp. z o. o.,D,qualified,,47.5,1,0,False,sales_specialist,Specjalista / Specjalistka ds. sprzedaży,https://www.aplikuj.pl/oferta/3332244/specjalista-specjalistka-ds-sprzedazy-umowa-o-prace-okb-sp-z-o-o,Bukowiec,aplikuj.pl,,,False,,,,,,
GreenWays Logistyka Sp.z o.o. sp.k.,D,qualified,,47.5,1,0,False,sales_specialist,Specjalista / Specjalistka ds. sprzedaży usług transportowych,https://www.aplikuj.pl/oferta/3324917/specjalista-specjalistka-ds-sprzedazy-uslug-transportowych-umowa-o-prace-greenways-logistyka-sp-z-o-o-sp-k,Kostrzyn,aplikuj.pl,,,False,,,,,,
TEXPOL Sp. z o.o. Zakład Pracy Chronionej,D,qualified,,47.5,1,0,False,sales_specialist,Specjalista ds. sprzedaży m/k,https://www.aplikuj.pl/oferta/3323137/specjalista-ds-sprzedazy-m-k-umowa-o-prace-texpol-sp-z-o-o-zaklad-pracy-chronionej,Borkowice,aplikuj.pl,,,False,,,,,,
Italian Fashion By Guazzone Sp. z o.o. S.K.A.,D,qualified,,47.5,1,0,False,sales_specialist,Specjalista ds. sprzedaży,https://www.aplikuj.pl/oferta/3313281/specjalista-ds-sprzedazy-umowa-o-prace-italian-fashion-by-guazzone-sp-z-o-o-s-k-a,Zabrze|Zielonka,aplikuj.pl,,,False,,,,,,
FOX,D,qualified,,47.5,1,0,False,sales_specialist,Export Sales Specialist (Africa),https://www.aplikuj.pl/oferta/3336407/export-sales-specialist-africa-umowa-o-prace-fox,Wilamowice,aplikuj.pl,,,False,,,,,,
EKO-WTÓR JAKUBIEC,D,qualified,,47.5,1,0,False,sales_specialist,Handlowiec ds. złomu stalowego i metali kolorowych (M/K),https://www.aplikuj.pl/oferta/3319001/handlowiec-ds-zlomu-stalowego-i-metali-kolorowych-m-k-umowa-o-prace-eko-wtor-jakubiec,Wilkowice,aplikuj.pl,,,False,,,,,,
KRZYSZTOF KURPIK ALTECH,D,qualified,,47.5,1,0,False,sales_specialist,Handlowiec/handlowczyni,https://www.aplikuj.pl/oferta/3321978/handlowiec-handlowczyni-umowa-o-prace-krzysztof-kurpik-altech,Kraków,aplikuj.pl,,,False,,,,,,
Ivory Sales,D,qualified,,46.8,1,0,False,account_mgmt,Key Account Manager,https://rocketjobs.pl/oferta-pracy/ivory-sales-key-account-manager-wroclaw-sales-rtv-agd-artykuly-przemyslowe,Wrocław,rocketjobs.pl,,,False,,,,,,
Soonly Finance,D,qualified,,46.8,1,0,False,customer_service,Specjalista ds. Obsługi Klienta,https://rocketjobs.pl/oferta-pracy/soonly-finance-specjalista-ds-obslugi-klienta-warszawa-support-finanse-bankowosc-ubezpieczenia,Warszawa,rocketjobs.pl,,,False,,,,,,
Comcert SA,D,qualified,,46.8,1,0,False,account_mgmt,Key Account Manager ds. usług cyberbezpieczeństwa,https://nofluffjobs.com/pl/job/key-account-manager-ds-uslug-cyberbezpieczenstwa-comcert-warszawa,Warszawa,nofluffjobs.com,,,False,,,,,,
SCHOENBERGER POLSKA ENTERPRISES,D,qualified,,46.2,2,0,False,customer_service,Pracownik ds. Obsługi Klienta z językiem niemieckim,https://rocketjobs.pl/oferta-pracy/schoenberger-polska-enterprises-pracownik-ds-obslugi-klienta-z-jezykiem-niemieckim-torun-support-inzynieria-technika-produkcja-ac719f9e,Toruń,rocketjobs.pl,,,False,,,,,,
Billennium,D,qualified,,46.0,1,0,False,customer_service,IT Operations Lead (Customer Service),https://rocketjobs.pl/oferta-pracy/billennium-it-operations-lead-customer-service--warszawa-support-inne,Warszawa,rocketjobs.pl,,,False,,,,,,
eSky.pl,D,qualified,,45.2,1,0,False,customer_service,Customer Service Specialist with English (f/m/x),https://rocketjobs.pl/oferta-pracy/esky-pl-customer-service-specialist-with-english-f-m-x--katowice-support-turystyka-hotelarstwo-catering-d794a672,Katowice,rocketjobs.pl,,,False,,,,,,
MedicCentre,D,qualified,,45.0,3,0,False,generic_sales,Specjalista/Specjalistka ds. Umawiania Spotkań Handlowych,https://www.aplikuj.pl/oferta/3336260/specjalista-specjalistka-ds-umawiania-spotkan-handlowych-umowa-o-prace-mediccentre,Gdańsk|Lublin|Łódź,aplikuj.pl,,,False,,,,,,
Frisco S.A.,D,qualified,,44.5,1,0,False,generic_sales,Asystent / Asystentka Działu Handlowego,https://rocketjobs.pl/oferta-pracy/frisco-s-a--asystent-asystentka-dzialu-handlowego-warszawa-sales-sieci-handlowe,Warszawa,rocketjobs.pl,,,False,,,,,,
PAULA FISH Sławomir Gojdź Sp. K.,D,qualified,,44.5,1,0,False,generic_sales,Sales Support,https://rocketjobs.pl/oferta-pracy/paula-fish-slawomir-gojdz-sp-k--sales-support-gdansk-sales-inne,Gdańsk,rocketjobs.pl,,,False,,,,,,
Foodcom S.A.,D,qualified,,44.5,1,0,False,generic_sales,Sales Support Specialist,https://rocketjobs.pl/oferta-pracy/foodcom-s-a--sales-support-specialist-warszawa-sales-inne-4dc317b6,Warszawa,praca.pl|rocketjobs.pl,,,False,,,,,,
TWO SQUARES Katarzyna Głuchowska,D,qualified,,44.5,1,0,False,generic_sales,Osoba do rozwożenia i sprzedaży cateringu biurowego WARSZAWA (K/M),https://rocketjobs.pl/oferta-pracy/two-squares-katarzyna-gluchowska-osoba-do-rozwozenia-i-sprzedazy-cateringu-biurowego-warszawa-warszawa-sales-turystyka-hotelarstwo-catering-24e9259d,Warszawa,rocketjobs.pl,,,False,,,,,,
"""XL ENERGY MARKETING"" SP. Z O.O.",D,qualified,,44.5,1,0,False,generic_sales,Specjalista ds. Wsparcia Sprzedaży (Junior / Asystent),https://rocketjobs.pl/oferta-pracy/xl-energy-marketing-sp-z-o-o--specjalista-ds-wsparcia-sprzedazy-junior-asystent--warszawa-sales-inne,Warszawa,rocketjobs.pl,,,False,,,,,,
FOODCARE,D,qualified,,44.5,1,0,False,generic_sales,Przedstawiciel/ka Handlowy/a,https://rocketjobs.pl/oferta-pracy/foodcare-przedstawiciel-ka-handlowy-a-wroclaw-sales-inne,Wrocław|Zabierzów,rocketjobs.pl,,,False,,,,,,
amavat,D,qualified,,44.5,1,0,False,customer_service,Customer Service Specialist (Mid/Regular),https://rocketjobs.pl/oferta-pracy/amavat-customer-service-specialist-mid-regular--wroclaw-support-finanse-bankowosc-ubezpieczenia,Wrocław,rocketjobs.pl,,,False,,,,,,
AVALON LOGISTICS,D,qualified,,44.5,1,0,False,customer_service,Konsultant infolinii,https://rocketjobs.pl/oferta-pracy/avalon-logistics-konsultant-infolinii-lodz-support-inne,Lublin|Warszawa|Łódź,rocketjobs.pl,,,False,,,,,,
MEDIKAR KLINIKI sp. z o.o.,D,qualified,,44.5,1,0,False,generic_sales,Specjalista / Specjalistka ds. Marketingu i Sprzedaży,https://www.praca.pl/specjalista-specjalistka-ds-marketingu-i-sprzedazy_11468848.html,Warszawa,praca.pl,,,False,,,,,,
Starkmaszyny sp.z.o.o,D,qualified,,44.5,1,0,False,generic_sales,Manager ds. Exportu i Sprzedaży (K/M),https://www.praca.pl/manager-ds-exportu-i-sprzedazy-k-m_11488237.html,Siedlce,praca.pl,,,False,,,,,,
Smart Connect / Loyal Edge,D,qualified,,44.5,1,0,False,generic_sales,Agent sprzedaży na rynek Polski (k/m),https://www.aplikuj.pl/oferta/3292444/agent-sprzedazy-na-rynek-polski-k-m-umowa-o-prace-smart-connect,Malta,aplikuj.pl,,,False,,,,,,
BLUEBINARY,D,qualified,,44.2,6,0,False,customer_service,Specjalista ds. Obsługi Klienta,https://nofluffjobs.com/pl/job/specjalista-ds-obslugi-klienta-bluebinary-remote,Gdańsk|Kraków|Poznań|Remote|Warszawa|Wrocław,nofluffjobs.com,,,False,,,,,,
KRAK-STONE GRZESIKOWSCY SPÓŁKA KOMANDYTOWA,D,qualified,,43.8,1,0,False,customer_service,Młodszy specjalista/stka ds. wycen i obsługi klienta,https://rocketjobs.pl/oferta-pracy/krak-stone-grzesikowscy-spolka-komandytowa-specjalista-stka-ds-wycen-i-obslugi-klienta-kryspinow-sales-uslugi-profesjonalne,Kryspinów,rocketjobs.pl,,,False,,,,,,
Bluebinary.io,D,qualified,,43.8,1,0,False,customer_service,Specjalista ds. Obsługi Klienta,https://rocketjobs.pl/oferta-pracy/bluebinary-io-specjalista-ds-obslugi-klienta-wroclaw-support-it-i-telekomunikacja,Wrocław,rocketjobs.pl,,,False,,,,,,
Star Hunt,D,qualified,,43.8,1,0,False,customer_service,Specjalista/ka ds. Jakości w dziale Obsługi Klienta,https://rocketjobs.pl/oferta-pracy/star-hunt-specjalista-ds-jakosci-w-dziale-obslugi-klienta-warszawa-support-inne,Warszawa,rocketjobs.pl,,,False,,,,,,
NOWOCZESNE KOREPETYCJE,D,qualified,,43.8,1,0,False,customer_service,obsługa klienta,https://rocketjobs.pl/oferta-pracy/nowoczesne-korepetycje-obsluga-klienta-warszawa-support-sprzedawcy,Warszawa,rocketjobs.pl,,,False,,,,,,
iooo Reuse Materials Sp. z o.o.,D,qualified,,43.8,1,0,False,account_mgmt,Key Account Manager,https://nofluffjobs.com/pl/job/key-account-manager-iooo-reuse-materials-krakow,Kraków,nofluffjobs.com,,,False,,,,,,
Triol Corporation,D,qualified,,43.8,1,0,False,account_mgmt,Key Account Specialist,https://nofluffjobs.com/pl/job/key-account-specialist-triol-corporation-ostrowekwegrowski,Ostrówek Węgrowski,nofluffjobs.com,,,False,,,,,,
Innsoft Sp. z o.o.,D,qualified,,43.8,1,0,False,account_mgmt,Key Account Manager (K/M) (IT),https://www.aplikuj.pl/oferta/3326557/key-account-manager-k-m-it-umowa-o-prace-innsoft-sp-z-o-o,Warszawa,aplikuj.pl,,,False,,,,,,
GLOBAL EXPRESS sp. z o.o.,D,qualified,,43.2,2,0,False,customer_service,Pracownik Biura Obsługi Klienta,https://www.praca.pl/pracownik-biura-obslugi-klienta_11447359.html,Warszawa,praca.pl,,,False,,,,,,
Baltona / Grupa Baltona,D,qualified,,43.0,1,0,False,generic_sales,Konsultant/ka Sprzedaży (Wino),https://rocketjobs.pl/oferta-pracy/baltona-grupa-baltona-konsultant-ka-sprzedazy-wino--warszawa-support-sprzedawcy-cbc2f5d1,Balice|Warszawa,rocketjobs.pl,,,False,,,,,,
Pośrednictwo Ubezpieczeniowe Wojciech Żukowski,D,qualified,,43.0,1,0,False,generic_sales,Menedżer Sprzedaży,https://rocketjobs.pl/oferta-pracy/posrednictwo-ubezpieczeniowe-wojciech-zukowski-menedzer-sprzedazy-olsztyn-sales-finanse-bankowosc-ubezpieczenia,Olsztyn,rocketjobs.pl,,,False,,,,,,
Hemolens Diagnostics,D,qualified,,43.0,1,0,False,customer_service,Customer Support Specialist,https://rocketjobs.pl/oferta-pracy/hemolens-diagnostics-customer-support-specialist-wroclaw-support-farmacja-medycyna,Wrocław,rocketjobs.pl,,,False,,,,,,
POLMECANIC Group,D,qualified,,43.0,1,0,False,generic_sales,Sales Engineer | Inżynier Sprzedaży,https://nofluffjobs.com/pl/job/sales-engineer-inzynier-sprzedazy-polmecanic-group-skomlinwojlodzkie,Skomlin (woj. łódzkie),nofluffjobs.com,,,False,,,,,,
Polpharma,D,qualified,,42.5,2,0,False,generic_sales,Szefowa / Szef Regionu - Sprzedaż Farmaceutyczna,https://www.praca.pl/szefowa-szef-regionu-sprzedaz-farmaceutyczna_11503270.html,Bartoszyce|Białystok|Bielsko-Biała|Brzesko|Bydgoszcz|Chorzów|Częstochowa|Elbląg|Gdańsk|Gdynia|Gliwice|Gniezno|Gorzów Wie,praca.pl|rocketjobs.pl,,,False,,,,,,
Votum Network S. A.,D,qualified,,42.5,2,0,False,generic_sales,Manager Sprzedaży (m/k),https://rocketjobs.pl/oferta-pracy/votum-network-s-a--manager-sprzedazy-m-k--szczecin-sales-finanse-bankowosc-ubezpieczenia-82dd1426,Szczecin|Łódź,rocketjobs.pl,,,False,,,,,,
JUREX Group,D,qualified,,42.5,2,0,False,generic_sales,Inżynier ds. Sprzedaży Technicznej,https://nofluffjobs.com/pl/job/inzynier-ds-sprzedazy-technicznej-jurex-group-piaseczno,Piaseczno|Warszawa,nofluffjobs.com,,,False,,,,,,
Whitelist LTD,D,qualified,,42.5,2,0,False,generic_sales,Polish Conversion Agent with sales experience,https://www.praca.pl/polish-conversion-agent-with-sales-experience_11425339.html,Relokacja,praca.pl,,,False,,,,,,
DTH Selection Sp. z o.o.,D,qualified,,42.5,2,0,False,generic_sales,Inżynier Sprzedaży (Armatura Przemysłowa),https://www.praca.pl/inzynier-sprzedazy-armatura-przemyslowa_11471911.html,Warszawa|pomorskie,praca.pl,,,False,,,,,,
Polskie Koleje Państwowe S.A.,D,qualified,,42.5,2,0,False,generic_sales,Specjalista / Specjalistka w Wydziale Sprzedaży,https://www.praca.pl/specjalista-specjalistka-w-wydziale-sprzedazy_11533579.html,Gdańsk|Kraków,praca.pl,,,False,,,,,,
SZYNAKA-MEBLE Sp. z o.o.,D,qualified,,42.5,2,0,False,generic_sales,Manager/ka ds. sprzedaży na rynki niemieckie,https://www.aplikuj.pl/oferta/3327226/manager-ka-ds-sprzedazy-na-rynki-niemieckie-umowa-o-prace-szynaka-meble-sp-z-o-o,Iława,aplikuj.pl,,,False,,,,,,
POLMAIS KARBOWSKI DUKLAS Sp. j.,D,qualified,,42.5,2,0,False,generic_sales,Przedstawiciel Regionalny/Handlowy - Przedstawicielka Regionalna/Handlowa,https://www.aplikuj.pl/oferta/3332632/przedstawiciel-regionalny-handlowy-przedstawicielka-regionalna-handlowa-umowa-o-prace-polmais-karbowski-duklas-sp-j,Wrocław|Zamość,aplikuj.pl,,,False,,,,,,
PONAR Wadowice S.A.,D,qualified,,42.5,2,0,False,generic_sales,Inżynier sprzedaży (k/m),https://www.aplikuj.pl/oferta/3329643/inzynier-sprzedazy-k-m-umowa-o-prace-ponar-wadowice-s-a,Sopot|Wadowice|Łaziska Górne,aplikuj.pl,,,False,,,,,,
Amso Sp. z o.o.,D,qualified,,41.8,2,0,False,customer_service,Specjalista/ka ds. obsługi klienta w branży IT (stanowisko samodzielne) - Poznań,https://rocketjobs.pl/oferta-pracy/amso-sp-z-o-o--specjalista-ka-ds-obslugi-klienta-w-branzy-it-stanowisko-samodzielne---poznan-poznan-sales-it-i-telekomunikacja,Poznań|Warszawa,rocketjobs.pl,,,False,,,,,,
HEINEKEN Kraków,D,qualified,,40.8,1,0,False,customer_service,Senior Customer Service Representative - German speaking,https://rocketjobs.pl/oferta-pracy/heineken-krakow-senior-customer-service-representative---german-speaking-krakow-support-inne,Kraków,rocketjobs.pl,,,False,,,,,,
SigmaCEM Analytics II sp. z o.o.,D,qualified,,40.8,1,0,False,customer_service,Obsługa infolinii przychodzącej - Castorama Polska - orzeczenie o niepełnosprawności,https://rocketjobs.pl/oferta-pracy/sigmacem-analytics-ii-sp-z-o-o--obsluga-infolinii-przychodzacej---castorama-polska---orzeczenie-o-niepelnosprawnosci-wroclaw-support-inzynieria-technika-produkcja,Wrocław,rocketjobs.pl,,,False,,,,,,
MUUS SPÓŁKA Z OGRANICZONĄ ODPOWIEDZIALNOŚCIĄ,D,qualified,,40.8,1,0,False,customer_service,Specjalista/ka ds. administracji i obsługi klienta,https://rocketjobs.pl/oferta-pracy/muus-spolka-z-ograniczona-odpowiedzialnoscia-specjalista-ka-ds-administracji-i-obslugi-klienta-warszawa-support-inne,Warszawa,rocketjobs.pl,,,False,,,,,,
Lysias AI,D,qualified,,40.8,1,0,False,customer_service,Poland Operations & Customer Support Associate,https://rocketjobs.pl/oferta-pracy/lysias-ai-poland-operations-customer-support-associate-warszawa-support-sprzedawcy,Warszawa,rocketjobs.pl,,,False,,,,,,
ProService Finteco Sp. z o.o.,D,qualified,,40.8,1,0,False,customer_service,Konsultant/ Konsultantka ds. Obsługi Klienta,https://rocketjobs.pl/oferta-pracy/proservice-finteco-sp-z-o-o--konsultant-konsultantka-ds-obslugi-klienta-warszawa-support-finanse-bankowosc-ubezpieczenia,Warszawa,rocketjobs.pl,,,False,,,,,,
widziszwszystko sp. z.o.o,D,qualified,,40.8,1,0,False,customer_service,Asystent / Asystentka w Dziale Obsługi Klienta,https://www.praca.pl/asystent-asystentka-w-dziale-obslugi-klienta_11441581.html,Gorzów Wielkopolski,praca.pl,,,False,,,,,,
SIX,D,qualified,,40.2,2,0,False,customer_service,Customer Support & AI Automation Specialist,https://rocketjobs.pl/oferta-pracy/six-customer-support-ai-automation-specialist-warszawa-support-finanse-bankowosc-ubezpieczenia,Warszawa,rocketjobs.pl,,,False,,,,,,
Arctic Sp. z o.o.,D,qualified,,40.0,1,0,False,generic_sales,Specjalista/ka ds. wsparcia działu handlowego,https://rocketjobs.pl/oferta-pracy/arctic-sp-z-o-o--specjalista-ka-ds-wsparcia-dzialu-handlowego-drwalew-sales-uslugi-profesjonalne,Drwalew,rocketjobs.pl,https://www.naturesproduce.pl/,26-50,False,,,,,,
Schindler Polska Sp. z o.o.,D,qualified,,40.0,1,0,False,generic_sales,Specjalista / Specjalistka ds. ofertowania i sprzedaży napraw,https://rocketjobs.pl/oferta-pracy/schindler-polska-sp-z-o-o--specjalista-specjalistka-ds-ofertowania-i-sprzedazy-napraw-warszawa-support-inzynieria-technika-produkcja,Warszawa,rocketjobs.pl,,,False,,,,,,
Amber Park Spa Sp. z o.o.,D,qualified,,40.0,1,0,False,generic_sales,"Specjalista do spraw sprzedaży i rezerwacji hotelowych (k,m,x)","https://www.praca.pl/specjalista-do-spraw-sprzedazy-i-rezerwacji-hotelowych-k,m,x_11530555.html",Niechorze,aplikuj.pl|praca.pl,,,False,,,,,,
Primost Południe Sp. z o.o.,D,qualified,,40.0,1,0,False,generic_sales,Specjalista / Specjalistka ds. Handlowych,https://www.praca.pl/specjalista-specjalistka-ds-handlowych_11527411.html,Będzin,praca.pl,,,False,,,,,,
INTER OPTYK GROUP,D,qualified,,40.0,1,0,False,generic_sales,Specjalisty sprzedaży internetowej,https://www.aplikuj.pl/oferta/3325246/specjalisty-sprzedazy-internetowej-umowa-o-prace-inter-optyk-group,Bielsko-Biała,aplikuj.pl,,,False,,,,,,
"Przedsiębiorstwo Budowlane ""JUR-AND"" Spółka Jawna J.Kościk, A.Wrona",D,qualified,,40.0,1,0,False,generic_sales,Specjalista/ka ds. sprzedaży Stolarki Okiennej,https://www.aplikuj.pl/oferta/3330977/specjalista-ka-ds-sprzedazy-stolarki-okiennej-umowa-o-prace-przedsiebiorstwo-budowlane-jur-and-spolka-jawna-j-koscik-a-wrona,Lublin,aplikuj.pl,,,False,,,,,,
CASTOR SPÓŁKA Z OGRANICZONĄ ODPOWIEDZIALNOŚCIĄ,D,qualified,,40.0,1,0,False,generic_sales,Pracownik biura sprzedaży (k/m),https://www.aplikuj.pl/oferta/3338517/pracownik-biura-sprzedazy-k-m-umowa-o-prace-castor-spolka-z-ograniczona-odpowiedzialnoscia,Ostróda,aplikuj.pl,,,False,,,,,,
Renova sp. z o.o.,D,qualified,,40.0,1,0,False,generic_sales,Specjalista do spraw sprzedaży k/m,https://www.aplikuj.pl/oferta/3338368/specjalista-do-spraw-sprzedazy-k-m-umowa-o-prace-renova-sp-z-o-o,Brzeziny,aplikuj.pl,,,False,,,,,,
ZAKŁADY PORCELANY ELEKTROTECHNICZNEJ ZAPEL SPÓŁKA AKCYJNA,D,qualified,,40.0,1,0,False,generic_sales,Inżynier sprzedaży m/k,https://www.aplikuj.pl/oferta/3337135/inzynier-sprzedazy-m-k-umowa-o-prace-zaklady-porcelany-elektrotechnicznej-zapel-spolka-akcyjna,Boguchwała,aplikuj.pl,,,False,,,,,,
MOSTOSTAL SIEDLCE sp. z o.o.,D,qualified,,40.0,1,0,False,generic_sales,Specjalista/specjalistka ds. handlowych,https://www.aplikuj.pl/oferta/3321792/specjalista-specjalistka-ds-handlowych-umowa-o-prace-mostostal-siedlce-sp-z-o-o,Siedlce,aplikuj.pl,,,False,,,,,,
Zakład Drzewny JAWOR Stanisław Nagier,D,qualified,,40.0,1,0,False,generic_sales,Specjalista/specjalistka do spraw sprzedaży,https://www.aplikuj.pl/oferta/3315608/specjalista-specjalistka-do-spraw-sprzedazy-umowa-o-prace-zaklad-drzewny-jawor-stanislaw-nagier,Ulanów,aplikuj.pl,,,False,,,,,,
Jerzy Bratkowski I. PRZEDSIĘBIORSTWO HANDLOWE BRATPOL II. B-VIMED,D,qualified,,40.0,1,0,False,generic_sales,Specjalista/specjalistka do spraw sprzedaży,https://www.aplikuj.pl/oferta/3307298/specjalista-specjalistka-do-spraw-sprzedazy-umowa-o-prace-jerzy-bratkowski-i-przedsiebiorstwo-handlowe-bratpol-ii-b-vimed,Gdynia,aplikuj.pl,,,False,,,,,,
URTICA SPÓŁKA Z OGRANICZONĄ ODPOWIEDZIALNOŚCIĄ,D,qualified,,40.0,1,0,False,generic_sales,Asystent/asystentka ds. sprzedaży,https://www.aplikuj.pl/oferta/3280236/asystent-asystentka-ds-sprzedazy-umowa-o-prace-urtica-spolka-z-ograniczona-odpowiedzialnoscia,Wrocław,aplikuj.pl,,,False,,,,,,
ART FOLIE Sp.z.o.o,D,qualified,,40.0,1,0,False,generic_sales,Pracownik działu handlowego (M/K),https://www.aplikuj.pl/oferta/3336423/pracownik-dzialu-handlowego-m-k-umowa-o-prace-art-folie-sp-z-o-o,Bielsko-Biała,aplikuj.pl,,,False,,,,,,
GFS Poland Sp. z o.o.,D,qualified,,40.0,1,0,False,generic_sales,Koordynator ds. sprzedaży,https://www.aplikuj.pl/oferta/3322496/koordynator-ds-sprzedazy-umowa-na-zastepstwo-gfs-poland-sp-z-o-o,Bielsko-Biała,aplikuj.pl,,,False,,,,,,
KOMSTAL,D,qualified,,40.0,1,0,False,generic_sales,Doradca/Doradczyni ds. techniczno-handlowych / osoba pracująca w biurze,https://www.aplikuj.pl/oferta/3313411/doradca-doradczyni-ds-techniczno-handlowych-osoba-pracujaca-w-biurze-umowa-o-prace-komstal,Bielsko-Biała,aplikuj.pl,,,False,,,,,,
GEKOPLAST SPÓŁKA AKCYJNA,D,qualified,,40.0,1,0,False,generic_sales,Asystent/ka ds. handlowych,https://www.aplikuj.pl/oferta/3331650/asystent-ka-ds-handlowych-umowa-o-prace-gekoplast-spolka-akcyjna,Krupski Młyn,aplikuj.pl,,,False,,,,,,
MAGLEJ,D,qualified,,39.2,1,0,False,customer_service,Specjalista ds. Obsługi Klienta,https://rocketjobs.pl/oferta-pracy/maglej-specjalista-ds-obslugi-klienta-warszawa-sales-marketing-reklama-media,Warszawa,rocketjobs.pl,,,False,,,,,,
in4ge sp. z o.o.,D,qualified,,39.2,1,0,False,customer_service,"Specjalista ds. Obsługi Klienta (suplementy diety, R&D) (K/M)",https://rocketjobs.pl/oferta-pracy/in4ge-sp-z-o-o--specjalista-ds-obslugi-klienta-suplementy-diety-r-d-k-m--warszawa-sales-kosmetyki-chemia,Warszawa,rocketjobs.pl,,,False,,,,,,
Narodowy Fundusz Gwarancyjny S.A,D,qualified,,39.2,1,0,False,customer_service,Specjalista ds. Sprzedaży i Obsługi Klienta (KMN),https://rocketjobs.pl/oferta-pracy/narodowy-fundusz-gwarancyjny-s-a-specjalista-ds-sprzedazy-i-obslugi-klienta-kmn--wroclaw-support-finanse-bankowosc-ubezpieczenia-f2d94a77,Wrocław,rocketjobs.pl,,,False,,,,,,
Your Path Academy,D,qualified,,39.2,1,0,False,customer_service,Customer Service Coordinator,https://rocketjobs.pl/oferta-pracy/your-path-academy-customer-service-coordinator-warszawa-support-uslugi-profesjonalne-930883f6,Warszawa,rocketjobs.pl,,,False,,,,,,
LVL UP COMMERCE,D,qualified,,38.8,2,0,False,customer_service,Customer Care Specialist,https://rocketjobs.pl/oferta-pracy/lvl-up-commerce-customer-care-specialist-warszawa-support-marketing-reklama-media,Warszawa,rocketjobs.pl,,,False,,,,,,
REDD Group,D,qualified,,37.0,1,0,False,customer_service,Junior Customer Support Specialist,https://rocketjobs.pl/oferta-pracy/redd-group-junior-customer-support-specialist-warszawa-support-inne,Warszawa,rocketjobs.pl,,,False,,,,,,
Cyberly Poland Sp. z o.o.,D,qualified,,37.0,1,0,False,customer_service,Customer Support Specialist,https://rocketjobs.pl/oferta-pracy/cyberly-poland-sp-z-o-o--customer-support-specialist-warszawa-support-it-i-telekomunikacja-2e0dfa14,Warszawa,rocketjobs.pl,,,False,,,,,,
Coloplast Business Centre Sp z o.o.,D,qualified,,37.0,1,0,False,customer_service,Junior Customer Service Administrator (with German),https://www.praca.pl/junior-customer-service-administrator-with-german_11533177.html,Szczecin,praca.pl,,,False,,,,,,
AGATA SA,D,qualified,,36.2,1,0,False,customer_service,Pracownik Biura Obsługi Klienta (m/k),https://rocketjobs.pl/oferta-pracy/agata-sa-pracownik-biura-obslugi-klienta-m-k--pila-support-inne,Piła|Toruń,rocketjobs.pl,,,False,,,,,,
DEFENCE24,D,qualified,,36.2,1,0,False,customer_service,Junior Customer Service Specialist – Grupa Defence24,https://rocketjobs.pl/oferta-pracy/defence24-junior-customer-service-specialist---grupa-defence24-warszawa-support-uslugi-profesjonalne,Warszawa,rocketjobs.pl,,,False,,,,,,
KOLORAMA,D,qualified,,36.2,1,0,False,customer_service,Specjalista ds. obsługi klienta zagranicznego (M/K),https://rocketjobs.pl/oferta-pracy/kolorama-specjalista-ds-obslugi-klienta-zagranicznego-m-k--pila-support-inne-93407546,Piła,rocketjobs.pl,https://www.kolorama.eu/,101-500,False,,,,,,
ATUT RENTAL,D,qualified,,36.2,1,0,False,customer_service,Pracownik Biura Obsługi Klienta (m/k),https://rocketjobs.pl/oferta-pracy/atut-rental-pracownik-biura-obslugi-klienta-m-k--zielona-gora-support-sprzedawcy,Zielona Góra,rocketjobs.pl,,,False,,,,,,
Crispy Food,D,qualified,,36.2,1,0,False,customer_service,Customer Service Coordinator,https://rocketjobs.pl/oferta-pracy/crispy-food-customer-service-coordinator-rybnik-support-uslugi-profesjonalne-6e9af794,Rybnik,rocketjobs.pl,,,False,,,,,,
Alstom,D,qualified,,33.2,1,0,False,customer_service,Specjalista ds. Wsparcia Sprzedaży (Customer Service Officer),https://rocketjobs.pl/oferta-pracy/alstom-specjalista-ds-wsparcia-sprzedazy-customer-service-officer--katowice-sales-uslugi-profesjonalne,Katowice,rocketjobs.pl,,,False,,,,,,
PWPW S.A.,D,qualified,,33.2,1,0,False,customer_service,Młodszy / Specjalista ds. obsługi klienta (K/M),https://rocketjobs.pl/oferta-pracy/pwpw-s-a--mlodszy-specjalista-ds-obslugi-klienta-k-m--warszawa-support-it-i-telekomunikacja,Warszawa,rocketjobs.pl,,,False,,,,,,
POLSKIE MŁYNY Sp. z o. o.,D,qualified,,33.2,1,0,False,customer_service,Specjalista ds. obsługi klienta (K/M/N),https://rocketjobs.pl/oferta-pracy/polskie-mlyny-sp-z-o-o--specjalista-ds-obslugi-klienta-k-m-n--kluczbork-support-uslugi-profesjonalne,Kluczbork,rocketjobs.pl,,,False,,,,,,
ECCO Europe Service Center Sp. z o.o.,D,qualified,,33.2,1,0,False,customer_service,Customer Care Representative Danish speaking,https://rocketjobs.pl/oferta-pracy/ecco-europe-service-center-sp-z-o-o--customer-care-representative-danish-speaking-warszawa-support-inne,Warszawa,rocketjobs.pl,,,False,,,,,,
Putka,D,qualified,,33.2,1,0,False,customer_service,Młodszy specjalista ds. obsługi klienta (k/m/x),https://rocketjobs.pl/oferta-pracy/putka-mlodszy-specjalista-ds-obslugi-klienta-k-m-x--warszawa-support-inne-083595da,Warszawa,rocketjobs.pl,,,False,,,,,,
ZoltOs.pl Aleksandra Żółtowska-Ostroszczyk,D,qualified,,33.2,1,0,False,customer_service,Wsparcie Doradcy Obsługi Klienta – Głogów (k/m),https://rocketjobs.pl/oferta-pracy/zoltos-pl-aleksandra-zoltowska-ostroszczyk-wsparcie-doradcy-obslugi-klienta---glogow-k-m--glogow-support-energia-srodowisko,Głogów,rocketjobs.pl,,,False,,,,,,
TP Poland Sp. z o.o.,D,qualified,,33.2,1,0,False,customer_service,Obsługa klienta w j. polskim (wynajem pojazdów),https://nofluffjobs.com/pl/job/obsluga-klienta-w-j-polskim-wynajem-pojazdow-tp-poland-warsaw,Katowice|Kraków|Remote|Warsaw,nofluffjobs.com,,,False,,,,,,
Schiever Polska,D,qualified,,33.2,1,0,False,customer_service,"Pracownik obsługi klienta przy ladzie tradycyjnej - Dział Tradycyjny (mięso drób, wędliny)",https://www.aplikuj.pl/oferta/3323724/pracownik-obslugi-klienta-przy-ladzie-tradycyjnej-dzial-tradycyjny-mieso-drob-wedliny-umowa-o-prace-schiever-polska,Bielsko-Biała|Legnica|Rzeszów|Wałbrzych|Zielona Góra,aplikuj.pl,,,False,,,,,,
Solutions30,D,qualified,,33.2,1,0,False,customer_service,Specjalista/-ka ds. obsługi klienta z językiem niemieckim,https://www.aplikuj.pl/oferta/3317602/specjalista-ka-ds-obslugi-klienta-z-jezykiem-niemieckim-umowa-o-prace-solutions30,Wrocław,aplikuj.pl,,,False,,,,,,
Raben Logistics Polska Sp. z o.o.,D,qualified,,28.8,1,0,False,customer_service,Specjalista ds. Obsługi Klienta z językiem niemieckim (m/k/x*),https://www.aplikuj.pl/oferta/3320309/specjalista-ds-obslugi-klienta-z-jezykiem-niemieckim-m-k-x-umowa-o-prace-raben-logistics-polska-sp-z-o-o,Gniewomierz|Ruda Śląska|Rzeszów,aplikuj.pl|rocketjobs.pl,,,False,,,,,,
AppYourself Sp. z o.o.,D,qualified,,28.8,1,0,False,customer_service,Customer Service Specialist mit Deutsch,https://nofluffjobs.com/pl/job/customer-service-specialist-mit-deutsch-appyourself-lodz,Łódź,nofluffjobs.com,,,False,,,,,,
LumApps,D,qualified,,28.8,1,0,False,customer_service,Customer Support Engineer (Krakow or Lyon),https://nofluffjobs.com/pl/job/customer-support-engineer-krakow-or-lyon-lumapps-krakow,Kraków,nofluffjobs.com,,,False,,,,,,
Chefs Culinar Sp. z o.o.,D,qualified,,28.8,1,0,False,customer_service,Specjalista ds. sprzedaży i obsługi klienta - Skawina (K/M),https://www.aplikuj.pl/oferta/3328525/specjalista-ds-sprzedazy-i-obslugi-klienta-skawina-k-m-umowa-o-prace-chefs-culinar-sp-z-o-o,Skawina|Wiskitki,aplikuj.pl,,,False,,,,,,
MOTO BUDREX SP. Z O.O.,D,qualified,,28.8,1,0,False,customer_service,Specjalista / Specjalistka ds. sprzedaży i obsługi klienta z doświadczeniem,https://www.aplikuj.pl/oferta/3317378/specjalista-specjalistka-ds-sprzedazy-i-obslugi-klienta-z-doswiadczeniem-umowa-o-prace-moto-budrex-sp-z-o-o,Bydgoszcz,aplikuj.pl,,,False,,,,,,
BZK i Wspólnicy Sp. z.o.o,D,qualified,,28.8,1,0,False,customer_service,Specjalista ds. obsługi klienta (K/M/N),https://www.aplikuj.pl/oferta/3320220/specjalista-ds-obslugi-klienta-k-m-n-umowa-o-prace-bzk-i-wspolnicy-sp-z-o-o,Bydgoszcz|Kluczbork|Poznań|Zabrze,aplikuj.pl,,,False,,,,,,
MARION Sp. z o.o.,D,qualified,,28.8,1,0,False,customer_service,Specjalista/ka ds. obsługi klienta,https://www.aplikuj.pl/oferta/3331092/specjalista-ka-ds-obslugi-klienta-umowa-o-prace-marion-sp-z-o-o,Gdynia,aplikuj.pl,,,False,,,,,,
MAIBANG POLAND sp. z o.o.,D,qualified,,28.8,1,0,False,customer_service,Specjalista/ka ds. obsługi klienta,https://www.aplikuj.pl/oferta/3327201/specjalista-ka-ds-obslugi-klienta-umowa-o-prace-maibang-poland-sp-z-o-o,Sędziszów Małopolski,aplikuj.pl,,,False,,,,,,
Lentex Spółka Akcyjna,D,qualified,,28.8,1,0,False,customer_service,Specjalista / Specjalistka ds. obsługi klienta,https://www.aplikuj.pl/oferta/3313277/specjalista-specjalistka-ds-obslugi-klienta-umowa-o-prace-lentex-spolka-akcyjna,Lubliniec,aplikuj.pl,,,False,,,,,,
APC TEMPUS A SP. Z O.O. SP. KOM.,D,qualified,,28.8,1,0,False,customer_service,Doradca ds. Obsługi Klienta (NIE SPRZEDAŻ),https://www.aplikuj.pl/oferta/3317471/doradca-ds-obslugi-klienta-nie-sprzedaz-umowa-o-prace-apc-tempus-a-sp-z-o-o-sp-kom,Łódź,aplikuj.pl,,,False,,,,,,
T-Mobile Polska,A,disqualified,"enterprise (known brand, pending LinkedIn check)",96.5,13,4,True,account_mgmt|ae_b2b_saas|generic_sales|sales_leadership|sdr_bdr_inside|telesales_callcenter,Konsultant / Konsultantka ds. Telesprzedaży,https://www.praca.pl/konsultant-konsultantka-ds-telesprzedazy_11523964.html,Gdańsk|Kraków|Mielec|Warszawa|Wrocław|Zamość|Łódź,praca.pl|rocketjobs.pl,,,False,,,,,,
Lyreco Polska,A,disqualified,"enterprise (known brand, pending LinkedIn check)",96.2,13,3,True,account_mgmt|ae_b2b_saas|customer_service|sales_leadership|sales_specialist|telesales_callcenter,Telefoniczny Doradca / Telefoniczna Doradczyni Klienta Korporacyjnego (m/f/d),https://www.praca.pl/telefoniczny-doradca-telefoniczna-doradczyni-klienta-korporacyjnego-m-f-d_11442706.html,Komorów|Warszawa,aplikuj.pl|praca.pl,,,False,,,,,,
SALES HR,A,disqualified,staffing agency / hidden client,95.7,21,3,True,account_mgmt|ae_b2b_saas|customer_service|generic_sales|high_ticket_b2c|sales_leadership|sdr_bdr_inside|telesales_callcenter,Business Development Manager (Facility Services),https://rocketjobs.pl/oferta-pracy/sales-hr-business-development-manager-facility-services--wroclaw-sales-uslugi-profesjonalne-58f4e780,Brzesko|Gdańsk|Katowice|Kraków|Ożarów Mazowiecki|Poznań|Tarnów|Warszawa|Wrocław,aplikuj.pl|rocketjobs.pl,,,False,,,,,,
klient RocketJobs.pl,A,disqualified,staffing agency / hidden client,95.5,99,10,True,account_mgmt|ae_b2b_saas|customer_service|generic_sales|high_ticket_b2c|sales_leadership|sales_specialist|telesales_callcenter,Doradca/ Doradczyni Klienta biznesowego - Ubezpieczenia - Nie wymagamy doświadczenia,https://rocketjobs.pl/oferta-pracy/pzu-zycie-s-a--doradca-doradczyni-klienta-biznesowego---ubezpieczenia---nie-wymagamy-doswiadczenia-wroclaw-sales-finanse-bankowosc-ubezpieczenia-460fe113,Biała Podlaska|Białogard|Białystok|Bielsko-Biała|Braniewo|Bydgoszcz|Ciechanów|Częstochowa|Człuchów|Dzierżonów|Elbląg|Ełk,rocketjobs.pl,https://rocketjobs.pl/,26-50,False,,,,,,
HireWise - Rekrutacja w Sprzedaży i Marketingu,A,disqualified,staffing agency / hidden client,95.5,31,3,True,account_mgmt|ae_b2b_saas|customer_service|generic_sales|high_ticket_b2c|sales_leadership|sales_specialist|sdr_bdr_inside,Business Development Manager (k/m),https://rocketjobs.pl/oferta-pracy/hirewise---rekrutacja-w-sprzedazy-i-marketingu-business-development-manager-k-m--warszawa-sales-it-i-telekomunikacja-2354a1db,Bielsko-Biała|Gdańsk|Gdynia|Gliwice|Imielin|Katowice|Kraków|Olkusz|Opole|Ostrów Mazowiecka|Poznań|Toruń|Warszawa|Wrocław,rocketjobs.pl,https://hirewise.pl/,1-10,False,,,,,,
Concentrix CVG International,A,disqualified,"enterprise (known brand, pending LinkedIn check)",95.3,18,1,True,customer_service|generic_sales|high_ticket_b2c|sales_leadership|sdr_bdr_inside,Inside Sales Representative for IT with Polish,https://rocketjobs.pl/oferta-pracy/concentrix-cvg-international-inside-sales-representative-for-it-with-polish-praga-sales-it-i-telekomunikacja-366e972c,Katowice|Lublin|Praga|Szczecin|Warszawa,rocketjobs.pl,,,False,,,,,,
Antal Sp. z o.o.,A,disqualified,staffing agency / hidden client,95.3,16,1,True,account_mgmt|ae_b2b_saas|customer_service|generic_sales|sales_leadership|sdr_bdr_inside,Inside Sales Specialist z językiem niemieckim,https://rocketjobs.pl/oferta-pracy/antal-sp-z-o-o--inside-sales-specialist-z-jezykiem-niemieckim-warszawa-sales-it-i-telekomunikacja,Amsterdam|Frankfurt am Main|Katowice|Kraków|Poznań|Warszawa|Wrocław,nofluffjobs.com|rocketjobs.pl,,,False,,,,,,
ManpowerGroup Sp. z o.o.,A,disqualified,staffing agency / hidden client,95.2,26,1,True,account_mgmt|ae_b2b_saas|customer_service|generic_sales|high_ticket_b2c|sales_leadership|sales_specialist|telesales_callcenter,Contact Center Junior Specialist z językiem angielskim – M/K,https://www.aplikuj.pl/oferta/3317399/contact-center-junior-specialist-z-jezykiem-angielskim-m-k-umowa-o-prace-tymczasowa-manpowergroup-sp-z-o-o,Bolesławiec|Brzeg|Bydgoszcz|Czosnów|Dzierżoniów|Dąbrowa Górnicza|Dębica|Gdańsk|Gdynia|Gorlice|Grudziądz|Głogów|Głogów Ma,aplikuj.pl,,,False,,,,,,
SMART-HR,A,disqualified,staffing agency / hidden client,95.0,26,0,True,account_mgmt|ae_b2b_saas|generic_sales|high_ticket_b2c|sales_leadership|sales_specialist,Doradca Techniczno-Handlowy ds. Szalunków (m/k),https://rocketjobs.pl/oferta-pracy/smart-hr-doradca-techniczno-handlowy-ds-szalunkow-m-k--torun-sales-nieruchomosci-budownictwo,Bielany Wrocławskie|Bydgoszcz|Bytom|Cała Polska|Cała polska|Chorzów|Dąbrowa Górnicza|Gdańsk|Gliwice|Gorzów Wielkopolski|,rocketjobs.pl,http://www.smart-hr.pl,1-10,False,,,,,,
Talent Flow,A,disqualified,staffing agency / hidden client,95.0,10,0,True,account_mgmt|ae_b2b_saas|generic_sales|sales_leadership,Business Development Manager (B2B),https://rocketjobs.pl/oferta-pracy/talent-flow-business-development-manager-b2b--warszawa-sales-uslugi-profesjonalne,Kostrzyn nad Odrą|Kraków|Warszawa|Wrocław,rocketjobs.pl,,,False,,,,,,
WITTCHEN S.A.,A,disqualified,"enterprise (known brand, pending LinkedIn check)",95.0,7,0,True,ae_b2b_saas|generic_sales|high_ticket_b2c|sales_leadership,Account Manager – Dział Produktów Reklamowych | Sprzedaż B2B,https://rocketjobs.pl/oferta-pracy/wittchen-account-manager---dzial-produktow-reklamowych-sprzedaz-b2b-krakow-sales-sieci-handlowe,Katowice|Kraków|Palmiry|Radom|Szczecin|mazowieckie,praca.pl|rocketjobs.pl,https://www.wittchen.com/,101-500,False,,,,,,
Klient portalu Praca.pl,A,disqualified,staffing agency / hidden client,92.0,24,0,True,account_mgmt|ae_b2b_saas|customer_service|generic_sales|high_ticket_b2c|sales_leadership|sales_specialist,Doradca / Doradczyni Klienta Biznesowego,https://www.praca.pl/doradca-doradczyni-klienta-biznesowego_11505847.html,Bielsko-Biała|Będzin|Gdynia|Jaroszowiec|Kołobrzeg|Kraków|Kuchary|Lublin|Olkusz|Olsztyn|Opole|Pruszków|Przyszowice|Płock|,praca.pl,,,False,,,,,,
TTEC,A,disqualified,"enterprise (known brand, pending LinkedIn check)",90.8,13,2,False,ae_b2b_saas|high_ticket_b2c|sales_specialist|sdr_bdr_inside,Business Development Representative z językiem niemieckim,https://rocketjobs.pl/oferta-pracy/ttec-business-development-representative-z-jezykiem-niemieckim-krakow-sales-marketing-reklama-media-eec62e63,Kraków|Oferta pojawiła się w wynikach wyszukiwania|Relokacja|Warszawa,praca.pl|rocketjobs.pl,,,False,,,,,,
RTV EURO AGD,A,disqualified,"enterprise (known brand, pending LinkedIn check)",90.8,6,1,False,high_ticket_b2c|sales_specialist|telesales_callcenter,Doradca Klienta ds. Obsługi Posprzedażowej Contact Center ( K/M/N ),https://rocketjobs.pl/oferta-pracy/rtv-euro-agd-doradca-klienta-ds-obslugi-posprzedazowej-contact-center-k-m-n--lublin-support-sprzedawcy,Lublin|Siedlce|Sokołów|Swarzędz|Warszawa|Zielona Góra,rocketjobs.pl,,,False,,,,,,
KODANO,A,disqualified,enterprise (501+ on rocketjobs profile),90.5,6,0,True,generic_sales|sales_leadership,"Kierownik Sprzedaży Mobilnej (B2B) - Poznań, M1",https://rocketjobs.pl/oferta-pracy/kodano-lider-grupy-kierownik-sprzedazy-mobilnej-b2b---poznan-m1-poznan-sales-sieci-handlowe,Bełchatów|Kraków|Poznań|Warszawa,rocketjobs.pl,https://kodano.pl/,501+,False,,,,,,
Nationale-Nederlanden,A,disqualified,"enterprise (known brand, pending LinkedIn check)",90.2,22,1,False,ae_b2b_saas|generic_sales|high_ticket_b2c|sdr_bdr_inside,Ekspert / Ekspertka Obszaru ds. Sprzedaży Ubezpieczeń Grupowych,https://rocketjobs.pl/oferta-pracy/nationale-nederlanden-ekspert-ekspertka-obszaru-ds-sprzedazy-ubezpieczen-grupowych-warszawa-sales-finanse-bankowosc-ubezpieczenia,Białystok|Bielsko-Biała|Bydgoszcz|Gdańsk|Gliwice|Grójec|Jelenia Góra|Katowice|Kraków|Lublin|Poznań|Radom|Rzeszów|Szczeci,rocketjobs.pl,https://www.nn.pl/,501+,False,,,,,,
Grupa Plichta,A,disqualified,enterprise (501+ on rocketjobs profile),90.1,40,1,False,generic_sales|high_ticket_b2c|telesales_callcenter,Specjalista/ka ds. Sprzedaży Flotowej Samochodów Nowych marki Volkswagen,https://rocketjobs.pl/oferta-pracy/grupa-plichta-specjalista-ka-ds-sprzedazy-flotowej-samochodow-nowych-marki-volkswagen-gdynia-sales-motoryzacja-transport,Bydgoszcz|Elbląg|Gdańsk|Gdynia|Lubicz Dolny|Olsztyn|Toruń|Wejherowo,rocketjobs.pl,https://www.plichta.com.pl/,501+,False,,,,,,
Provident Polska,A,disqualified,"enterprise (known brand, pending LinkedIn check)",90.0,286,0,False,generic_sales|high_ticket_b2c,Doradca / Doradczyni Klienta | Kościan i okolice,https://rocketjobs.pl/oferta-pracy/provident-polska-doradca-doradczyni-klienta-koscian-i-okolice-koscian-sales-finanse-bankowosc-ubezpieczenia,Aleksandrów Kujawski|Augustów|Bachowice|Bełchatów|Biała Podlaska|Białogard|Białośliwie|Biecz|Bielsk|Bielsk Podlaski|Biel,rocketjobs.pl,https://www.provident.pl/,501+,False,,,,,,
PZU Życie S.A.,A,disqualified,"enterprise (known brand, pending LinkedIn check)",90.0,70,0,False,ae_b2b_saas|generic_sales|high_ticket_b2c,Doradczyni / Doradca Klienta PZU – Piaseczno,https://rocketjobs.pl/oferta-pracy/pzu-zycie-s-a--doradczyni-doradca-klienta-pzu---piaseczno-piaseczno-sales-finanse-bankowosc-ubezpieczenia,Białystok|Braniewo|Brodnica|Bydgoszcz|Bystrzyca Kłodzka|Częstochowa|Człuchów|Dzierżoniów|Dąbrowa Górnicza|Gdańsk|Gliwice,rocketjobs.pl,,,False,,,,,,
Klient RocketJobs,A,disqualified,staffing agency / hidden client,90.0,43,0,False,ae_b2b_saas|generic_sales|high_ticket_b2c|sales_specialist,Doradca klienta - umawianie spotkań,https://rocketjobs.pl/oferta-pracy/klient-rocketjobs-doradca-klienta---umawianie-spotkan-lublin-sales-finanse-bankowosc-ubezpieczenia,Biała Podlaska|Białystok|Bielsko-Biała|Brodnica|Bydgoszcz|Częstochowa|Gdańsk|Gliwice|Gniezno|Grajewo|Inowrocław|Kalisz|K,rocketjobs.pl,,,False,,,,,,
Leroy Merlin Polska,A,disqualified,"enterprise (known brand, pending LinkedIn check)",90.0,28,0,False,generic_sales|high_ticket_b2c,Doradca / Doradczyni klienta,https://rocketjobs.pl/oferta-pracy/leroy-merlin-polska-doradca-doradczyni-klienta-wolomin-support-sprzedawcy-d0f28354,Białystok|Bielsko-Biała|Bolesławiec|Bydgoszcz|Częstochowa|Dzierżoniów|Gliwice|Głogów|Komorniki|Kraków|Legnica|Lublin|Mie,praca.pl|rocketjobs.pl,https://www.kariera.leroymerlin.pl/,501+,False,,,,,,
Medicover,A,disqualified,"enterprise (known brand, pending LinkedIn check)",90.0,15,0,False,account_mgmt|ae_b2b_saas|customer_service|generic_sales|high_ticket_b2c,Opiekun / Opiekunka Klienta Saunarium – Well Fitness,https://rocketjobs.pl/oferta-pracy/medicover-opiekun-opiekunka-klienta-saunarium---well-fitness-krakow-support-uslugi-profesjonalne,Białystok|Bydgoszcz|Gdańsk|Gdynia|Gliwice|Głogów|Jelenia Góra|Katowice|Kielce|Konstantynów Łódzki|Kraków|Olsztyn|Oświęci,rocketjobs.pl,http://www.medicover.pl,501+,False,,,,,,
Manpower,A,disqualified,staffing agency / hidden client,90.0,10,0,False,account_mgmt|ae_b2b_saas|customer_service|generic_sales|high_ticket_b2c|sales_specialist,Business Development Manager (K/M),https://rocketjobs.pl/oferta-pracy/manpower-business-development-manager-k-m--warszawa-sales-inne-aa7eff04,Bydgoszcz|Ciepielówek|Karczew|Katowice|Kraków|Mielec|Mszczonów|Poznań|Warszawa|Wrocław|Łódź,rocketjobs.pl,https://www.manpower.pl/,501+,False,,,,,,
Benefit Systems SA,A,disqualified,"enterprise (known brand, pending LinkedIn check)",90.0,10,0,False,account_mgmt|ae_b2b_saas|high_ticket_b2c|sales_specialist,Specjalista/tka ds. Sprzedaży B2B,https://rocketjobs.pl/oferta-pracy/benefit-systems-sa-specjalista-tka-ds-sprzedazy-b2b-rzeszow-sales-uslugi-profesjonalne-d9686097,Poznań|Rzeszów|Warszawa|Wrocław,praca.pl|rocketjobs.pl,https://www.benefitsystems.pl/,501+,False,,,,,,
UNIQA,A,disqualified,"enterprise (known brand, pending LinkedIn check)",90.0,6,0,False,customer_service|generic_sales|high_ticket_b2c,Młodszy/a Specjalista/ka ds. Obsługi Klienta (Ubezpieczenia Życiowe),https://rocketjobs.pl/oferta-pracy/uniqa-mlodszy-a-specjalista-ka-ds-obslugi-klienta-ubezpieczenia-zyciowe--warszawa-support-finanse-bankowosc-ubezpieczenia,Częstochowa|Gdańsk|Kraków|Warszawa,rocketjobs.pl,https://www.uniqa.pl/kariera/,501+,False,,,,,,
RecruMates,A,disqualified,staffing agency / hidden client,88.8,4,3,False,ae_b2b_saas|telesales_callcenter,Sales Consultant,https://rocketjobs.pl/oferta-pracy/recrumates-sales-consultant-lublin-sales-energia-srodowisko,Katowice|Lublin,praca.pl|rocketjobs.pl,,,False,,,,,,
Millennium Leasing Sp. z o. o.,A,disqualified,"enterprise (known brand, pending LinkedIn check)",88.5,29,0,False,ae_b2b_saas|high_ticket_b2c,Specjalista/ Specjalistka ds. Finansowania B2B – Reprezentant Leasingowy | Rzeszów,https://rocketjobs.pl/oferta-pracy/millennium-leasing-sp-z-o-o--specjalista-ds-leasingu-b2b-rzeszow-rzeszow-sales-finanse-bankowosc-ubezpieczenia,Bielsko-Biała|Bydgoszcz|Chorzów|Częstochowa|Gdańsk|Gdynia|Gliwice|Gniezno|Gorzów Wielkopolski|Jelenia Góra|Kalisz|Katowi,rocketjobs.pl,https://www.millennium-leasing.pl/,501+,False,,,,,,
DPD Polska,A,disqualified,"enterprise (known brand, pending LinkedIn check)",88.5,5,1,False,customer_service|generic_sales|sales_specialist|telesales_callcenter,DPD Polska - Contact Center Obsługa klienta,https://rocketjobs.pl/oferta-pracy/dpd-polska-dpd-polska---contact-center-obsluga-klienta-warszawa-support-uslugi-profesjonalne,Gorzów Wielkopolski|Grudziądz|Komorniki|Kowale|Tarnów|Toruń|Warszawa,rocketjobs.pl,https://dpd.pl,501+,False,,,,,,
Michael Page International (Poland) Sp. z o.o.,A,disqualified,staffing agency / hidden client,87.5,8,0,True,account_mgmt|ae_b2b_saas|customer_service|generic_sales|sales_leadership,Stażysta / Stażystka ds. sprzedaży B2B i rekrutacji,https://www.aplikuj.pl/oferta/3335301/stazysta-stazystka-ds-sprzedazy-b2b-i-rekrutacji-umowa-o-prace-michael-page-international-poland-sp-z-o-o,Gdańsk|Gliwice|Katowice|Kraków|Lublin|Skawina|Tychy|Warszawa|Wrocław,aplikuj.pl,,,False,,,,,,
Zepter International Poland,A,disqualified,"enterprise (known brand, pending LinkedIn check)",86.8,4,1,True,generic_sales|sales_leadership|sdr_bdr_inside,Specjalista ds. kampanii sprzedażowych i pozyskiwania klientów (Sales Campaigns & Lead Generation),https://nofluffjobs.com/pl/job/specjalista-ds-kampanii-sprzedazowych-i-pozyskiwania-klientow-sales-campaigns-lead-generation-zepter-international-poland-warszawa,Remote|Warszawa,nofluffjobs.com,,,False,,,,,,
No Limit Sp. z o.o.,A,disqualified,enterprise (501+ on rocketjobs profile),85.8,3,2,False,ae_b2b_saas|telesales_callcenter,Specjalista ds. TeleSprzedaży z językiem niemieckim (k/m/n),https://rocketjobs.pl/oferta-pracy/no-limit-sp-z-o-o--specjalista-ds-telesprzedazy-z-jezykiem-niemieckim-k-m-n--wroclaw-sales-uslugi-profesjonalne,Sosnowiec|Warszawa|Wrocław,rocketjobs.pl,https://nolimit.pl/,501+,False,,,,,,
Credit Agricole Bank Polska S.A.,A,disqualified,"enterprise (known brand, pending LinkedIn check)",84.5,5,0,False,high_ticket_b2c,Doradczyni / Doradca Klienta Indywidualnego,https://www.praca.pl/doradczyni-doradca-klienta-indywidualnego_11480272.html,Częstochowa|Gdynia|Kielce|Legnica|Ostrów Wielkopolski|Warszawa,praca.pl,,,False,,,,,,
ZnanyLekarz,A,disqualified,"enterprise (known brand, pending LinkedIn check)",84.2,5,0,True,account_mgmt|customer_service|generic_sales|sales_leadership,Customer Success Specialist - Farming,https://rocketjobs.pl/oferta-pracy/znanylekarz-customer-success-specialist---farming-warszawa-support-farmacja-medycyna,Warszawa,rocketjobs.pl,,,False,,,,,,
Netguru,A,disqualified,enterprise (501+ on rocketjobs profile),84.2,3,1,False,account_mgmt|ae_b2b_saas|telesales_callcenter,Business Development Representative - Outbound,https://rocketjobs.pl/oferta-pracy/netguru-business-development-representative---outbound-poznan-sales-it-i-telekomunikacja-7412bd69,Poznań,rocketjobs.pl,http://www.netguru.com,501+,False,,,,,,
Capgemini,A,disqualified,"enterprise (known brand, pending LinkedIn check)",83.8,10,0,True,customer_service|sales_leadership,"Sales Operations Analyst (Manufacturing, Lifescience, Tech with German)",https://rocketjobs.pl/oferta-pracy/capgemini-sales-operations-analyst-manufacturing-lifescience-tech-with-german--poznan-sales-it-i-telekomunikacja,Katowice|Kraków|Poznań,rocketjobs.pl,,,False,,,,,,
PROFIT HR,A,disqualified,staffing agency / hidden client,83.8,3,0,True,customer_service|high_ticket_b2c|sales_leadership,Head of Sales (Szef Sprzedaży) (m/k) Implantologia Stomatologiczna,https://rocketjobs.pl/oferta-pracy/profit-hr-head-of-sales-szef-sprzedazy-m-k-implantologia-stomatologiczna-katowice-sales-farmacja-medycyna,Katowice|Piekary Śląskie|Szczecin|Toruń|Wrocław|Żory,rocketjobs.pl,,,False,,,,,,
Job Finder,A,disqualified,staffing agency / hidden client,83.5,5,0,True,ae_b2b_saas|generic_sales|sales_leadership,Dyrektor ds. Rozwoju - B2B,https://rocketjobs.pl/oferta-pracy/job-finder-dyrektor-ds-rozwoju---b2b-katowice-sales-inne,Katowice|Kraków|Poznań|Warszawa,rocketjobs.pl,http://jobfinder.pl/,26-50,False,,,,,,
TechGenius Recruitment Kft.,A,disqualified,staffing agency / hidden client,83.5,2,2,False,sdr_bdr_inside,Medior IT Sales Representative,https://nofluffjobs.com/pl/job/medior-it-sales-representative-techgenius-recruitment-kft--remote-1,Budapest|Remote,nofluffjobs.com,,,False,,,,,,
Alior Bank SA,A,disqualified,"enterprise (known brand, pending LinkedIn check)",82.5,23,0,False,customer_service|generic_sales|high_ticket_b2c,Bankier Klienta (sprzedaż produktów kredytowych) (K/M),https://rocketjobs.pl/oferta-pracy/alior-bank-sa-bankier-klienta-sprzedaz-produktow-kredytowych-k-m--skawina-sales-finanse-bankowosc-ubezpieczenia,Gdynia|Gorzów Wielkopolski|Katowice|Kraków|Legionowo|Leszno|Mława|Nowy Sącz|Pruszków|Przemyśl|Płock|Rybnik|Rzeszów|Skawi,rocketjobs.pl,https://www.aliorbank.pl,501+,False,,,,,,
TALENT HUNTER SP. Z O.O.,A,disqualified,staffing agency / hidden client,82.5,3,0,False,account_mgmt|ae_b2b_saas|high_ticket_b2c,Menedżer ds. sprzedaży B2B (sponsoring),https://rocketjobs.pl/oferta-pracy/talent-hunter-sp-z-o-o--menedzer-ds-sprzedazy-b2b-sponsoring--warszawa-sales-uslugi-profesjonalne-857bc111,Warszawa,rocketjobs.pl,,,False,,,,,,
Ringier Axel Springer Polska,A,disqualified,"enterprise (known brand, pending LinkedIn check)",82.5,2,1,False,account_mgmt|sdr_bdr_inside,Junior Sales Specialist,https://rocketjobs.pl/oferta-pracy/ringier-axel-springer-polska-junior-sales-specialist-warszawa-sales-marketing-reklama-media-5a950f63,Warszawa,rocketjobs.pl,,,False,,,,,,
Erste Leasing,A,disqualified,enterprise (501+ on rocketjobs profile),82.5,1,1,False,telesales_callcenter,Młodszy specjalista / Młodsza specjalistka ds. monitoringu telefonicznego,https://rocketjobs.pl/oferta-pracy/erste-leasing-mlodszy-specjalista-mlodsza-specjalistka-ds-monitoringu-telefonicznego-poznan-support-finanse-bankowosc-ubezpieczenia,Bydgoszcz|Częstochowa|Lublin|Poznań|Warszawa,rocketjobs.pl,https://www.ersteleasing.pl,501+,False,,,,,,
Audit HR,A,disqualified,staffing agency / hidden client,82.5,1,1,False,telesales_callcenter,Agent Call Center - j. niemiecki (K/M),https://nofluffjobs.com/pl/job/agent-call-center-j-niemiecki-k-m-audit-hr-gorzowwielkopolski-1,Gorzów Wielkopolski,nofluffjobs.com,,,False,,,,,,
Trenkwalder & Partner sp. z o.o.,A,disqualified,staffing agency / hidden client,81.7,3,1,True,customer_service|sales_leadership|sdr_bdr_inside,Sales Development Specialist (m/k),https://www.aplikuj.pl/oferta/3325226/sales-development-specialist-m-k-umowa-o-prace-trenkwalder-partner-sp-z-o-o,Brzeg Dolny|Bydgoszcz|Głuchów|Katowice|Kraków|Piotrków Trybunalski|Poznań|Pszczyna|Robakowo|Słubice|Warszawa|Wrocław|Ząb,aplikuj.pl,,,False,,,,,,
Castorama Polska Sp. z o.o.,A,disqualified,"enterprise (known brand, pending LinkedIn check)",81.0,25,0,False,ae_b2b_saas|customer_service|generic_sales,Kierownik/-czka ds. Rozwoju Sprzedaży B2B,https://rocketjobs.pl/oferta-pracy/castorama-polska-sp-z-o-o--kierownik--czka-ds-rozwoju-sprzedazy-b2b-warszawa-sales-uslugi-profesjonalne,Bielany Wrocławskie|Ełk|Gliwice|Kraków|Kędzierzyn-Koźle|Leszno|Olsztyn|Opole|Piła|Rumia|Rzeszów|Stalowa Wola|Swarzędz|Sz,praca.pl|rocketjobs.pl,https://www.castorama.pl/,12000,False,,,,,,
Allegro,A,disqualified,"enterprise (known brand, pending LinkedIn check)",80.5,2,0,True,sales_leadership,Team Leader Delivery Sales,https://rocketjobs.pl/oferta-pracy/allegro-team-leader-delivery-sales-warszawa-sales-uslugi-profesjonalne,Poznań|Warszawa,rocketjobs.pl,https://jobs.allegro.eu/,501+,False,,,,,,
HR Contact,A,disqualified,staffing agency / hidden client,80.0,2,0,False,account_mgmt|ae_b2b_saas,Business Development Manager,https://rocketjobs.pl/oferta-pracy/hr-contact-business-development-manager-warszawa-sales-it-i-telekomunikacja,Warszawa,rocketjobs.pl,,,False,,,,,,
ReJobs Recruitment Consulting Monika Maćkiewicz,B,disqualified,staffing agency / hidden client,78.8,1,1,False,telesales_callcenter,Konsultant ds. Sprzedaży Usług HR,https://www.aplikuj.pl/oferta/3328009/konsultant-ds-sprzedazy-uslug-hr-umowa-o-prace-rejobs-recruitment-consulting-monika-mackiewicz,Warszawa,aplikuj.pl,,,False,,,,,,
JAGA Recruitment,B,disqualified,staffing agency / hidden client,78.0,6,0,False,account_mgmt|high_ticket_b2c, Regionalny Handlowiec / Doradca Klienta (k/m) - branża budowlana / fasady wentylowane,https://nofluffjobs.com/pl/job/regionalny-handlowiec-doradca-klienta-k-m-branza-budowlana-fasady-wentylowane-jaga-recruitment-opole,Opole|Poznań|Warszawa|Wrocław,nofluffjobs.com,,,False,,,,,,
Portal Praca.pl,B,disqualified,staffing agency / hidden client,78.0,2,1,False,account_mgmt|sdr_bdr_inside,Specjalista / Specjalistka ds. Pozyskiwania Nowych Klientów (Hunter B2B),https://www.praca.pl/specjalista-specjalistka-ds-pozyskiwania-nowych-klientow-hunter-b2b_11527093.html,Warszawa,praca.pl,,,False,,,,,,
Asseco Poland,B,disqualified,"enterprise (known brand, pending LinkedIn check)",77.5,1,0,False,ae_b2b_saas,Specjalista ds. Sprzedaży Usług SaaS – branża medyczna (m/k/os.),https://rocketjobs.pl/oferta-pracy/asseco-poland-specjalista-ds-sprzedazy-uslug-saas---branza-medyczna-m-k-os--warszawa-sales-it-i-telekomunikacja,Warszawa,rocketjobs.pl,https://pl.asseco.com/,101-500,False,,,,,,
Bee Talents,B,disqualified,staffing agency / hidden client,77.5,1,0,False,ae_b2b_saas,Manager/ka Sprzedaży | Reforma Nieruchomości [12-18k PLN/mies. B2B],https://rocketjobs.pl/oferta-pracy/bee-talents-manager-ka-sprzedazy-reforma-nieruchomosci-12-18k-pln-mies-b2b--poznan-sales-nieruchomosci-budownictwo,Poznań,rocketjobs.pl,,,False,,,,,,
STEFCZYK FINANSE SPÓŁKA AKCYJNA,B,disqualified,enterprise (501+ on rocketjobs profile),75.8,35,0,False,account_mgmt|generic_sales,Starszy Opiekun Finansowy / Starsza Opiekunka Finansowa | Lubawa,https://rocketjobs.pl/oferta-pracy/stefczyk-finanse-spolka-akcyjna-starszy-opiekun-finansowy-starsza-opiekunka-finansowa-lubawa-lubawa-sales-finanse-bankowosc-ubezpieczenia,Bielsko-Biała|Cieszyn|Gdańsk|Gorzów Wielkopolski|Grodzisk Mazowiecki|Jastrzębie-Zdrój|Jaworzno|Katowice|Koszalin|Kościer,rocketjobs.pl,https://www.kasastefczyka.pl/kariera,501+,False,,,,,,
Polkomtel Sp. z o.o.,B,disqualified,"enterprise (known brand, pending LinkedIn check)",75.5,15,0,True,generic_sales|sales_leadership,Regionalny Koordynator Sprzedaży (k/m),https://rocketjobs.pl/oferta-pracy/polkomtel-sp-z-o-o--regionalny-koordynator-sprzedazy-k-m--zielona-gora-sales-it-i-telekomunikacja,Kalisz|Knurów|Kutno|Lipsko|Lublin|Opole|Ostrowiec Świętokrzyski|Przemyśl|Radom|Rzeszów|Sokółka|Szczecin|Tomaszów Lubelsk,rocketjobs.pl,http://www.plus.pl,501+,False,,,,,,
Poczta Polska S.A.,B,disqualified,"enterprise (known brand, pending LinkedIn check)",75.0,6,0,False,generic_sales|high_ticket_b2c|sales_specialist,Ekspert / Ekspertka ds. Sprzedaży i Najmu Nieruchomości,https://www.praca.pl/ekspert-ekspertka-ds-sprzedazy-i-najmu-nieruchomosci_11439940.html,Gdańsk|Ryki|Toruń|Warszawa|Wrocław|Świdnik,aplikuj.pl|praca.pl,,,False,,,,,,
E.ON Polska S.A.,B,disqualified,"enterprise (known brand, pending LinkedIn check)",74.5,2,0,True,account_mgmt|sales_leadership,Digital Sales Manager (kanał B2C) K/M/X,https://rocketjobs.pl/oferta-pracy/e-on-polska-operations-sp-z-o-o-digital-sales-manager-kanal-b2c-k-m-x-warszawa-sales-inzynieria-technika-produkcja,Warszawa,rocketjobs.pl,https://eon.pl/kariera/oferty-pracy,501+,False,,,,,,
AUTOPUNKT Pewne Używane,B,disqualified,enterprise (501+ on rocketjobs profile),73.8,2,0,True,high_ticket_b2c|sales_leadership,Sprzedawca Samochodów Używanych Autopunkt (k/m),https://rocketjobs.pl/oferta-pracy/autopunkt-pewne-uzywane-sprzedawca-samochodow-uzywanych-autopunkt-k-m--tychy-sales-motoryzacja-transport,Tychy,rocketjobs.pl,https://www.holding1.pl/,501+,False,,,,,,
Wolters Kluwer Polska Sp. z o.o.,B,disqualified,enterprise (501+ on rocketjobs profile),72.2,1,0,False,sales_specialist,Specjalista/Specjalistka ds. sprzedaży systemów informacji prawnej dla firm,https://rocketjobs.pl/oferta-pracy/wolters-kluwer-polska-sp-z-o-o--specjalista-specjalistka-ds-sprzedazy-systemow-informacji-prawnej-dla-firm-warszawa-sales-uslugi-profesjonalne-4189569b,Warszawa,rocketjobs.pl,https://www.wolterskluwer.com/pl-pl,501+,False,,,,,,
Procter & Gamble,B,disqualified,"enterprise (known brand, pending LinkedIn check)",72.0,1,0,True,sales_leadership,Junior Sales Manager,https://rocketjobs.pl/oferta-pracy/procter-gamble-junior-sales-manager-warszawa-sales-inne,Warszawa,rocketjobs.pl,,,False,,,,,,
Docplanner,B,disqualified,"enterprise (known brand, pending LinkedIn check)",71.5,2,0,True,account_mgmt|sales_leadership,Pharma Sales Manager,https://rocketjobs.pl/oferta-pracy/docplanner-pharma-sales-manager-warszawa-sales-uslugi-profesjonalne-7d874518,Warszawa,rocketjobs.pl,https://docplanner.tech/,501+,False,,,,,,
TUiR Allianz Polska S.A.,B,disqualified,"enterprise (known brand, pending LinkedIn check)",71.5,1,0,False,high_ticket_b2c,Przedstawiciel / Przedstawicielka ds. sprzedaży ubezpieczeń majątkowych,https://www.praca.pl/przedstawiciel-przedstawicielka-ds-sprzedazy-ubezpieczen-majatkowych_11523499.html,Rzeszów,praca.pl,,,False,,,,,,
BNP Paribas SA oddział w Polsce,B,disqualified,"enterprise (known brand, pending LinkedIn check)",70.5,1,0,True,sales_leadership,Deputy Team Leader in Private Capital - CapLink Private – Client Onboarding & Service Desk,https://rocketjobs.pl/oferta-pracy/bnp-paribas-sa-oddzial-w-polsce-deputy-team-leader-in-private-capital---caplink-private---client-onboarding-service-desk-krakow-support-finanse-bankowosc-ubezpieczenia,Kraków,rocketjobs.pl,,,False,,,,,,
Talent Partners,B,disqualified,staffing agency / hidden client,70.0,1,0,False,high_ticket_b2c,Doradca Techniczno-Handlowy (m/k),https://rocketjobs.pl/oferta-pracy/talent-partners-doradca-techniczno-handlowy-m-k--lodz-sales-kosmetyki-chemia-78d3184c,Łódź,rocketjobs.pl,,,False,,,,,,
Hunters,B,disqualified,staffing agency / hidden client,70.0,1,0,False,ae_b2b_saas,Koordynator/ka ds. obsługi klienta b2b,https://rocketjobs.pl/oferta-pracy/hunters-koordynator-ka-ds-obslugi-klienta-b2b-wagrowiec-support-uslugi-profesjonalne,Gdańsk|Poznań|Siedlce|Szczecin|Warszawa|Wągrowiec|Łódź,rocketjobs.pl,,,False,,,,,,
WIŚNIOWSKI,C,disqualified,enterprise (501+ on rocketjobs profile),67.5,3,0,False,high_ticket_b2c,Regionalny Menedżer Sprzedaży i Obsługi Inwestycji (K/M),https://rocketjobs.pl/oferta-pracy/wisniowski-regionalny-menedzer-sprzedazy-i-obslugi-inwestycji-k-m--wieloglowy-sales-inzynieria-technika-produkcja,Wielogłowy,rocketjobs.pl,https://www.wisniowski.pl,501+,False,,,,,,
Agencja Zatrudnienia HR SIGMA,C,disqualified,staffing agency / hidden client,67.5,3,0,False,ae_b2b_saas|high_ticket_b2c,Doradca Klienta w salonie samochodowym - K/M,https://www.aplikuj.pl/oferta/3309605/doradca-klienta-w-salonie-samochodowym-k-m-umowa-o-prace-agencja-zatrudnienia-hr-sigma,Bielsko-Biała|Cieszyn|Skoczów|Ustroń,aplikuj.pl,,,False,,,,,,
LUX MED Sp. z o.o.,C,disqualified,"enterprise (known brand, pending LinkedIn check)",67.0,4,0,False,customer_service|sales_specialist,Młodszy Specjalista / Młodsza Specjalistka ds. Sprzedaży Indywidualnej,https://www.praca.pl/mlodszy-specjalista-mlodsza-specjalistka-ds-sprzedazy-indywidualnej_11472733.html,Białystok|Warszawa,praca.pl,,,False,,,,,,
PGD RG Motors Sp. z o.o.,C,disqualified,enterprise (501+ on rocketjobs profile),66.2,1,0,False,high_ticket_b2c,Sprzedawca Samochodów Dacia (k/m),https://rocketjobs.pl/oferta-pracy/pgd-rg-motors-sp-z-o-o--sprzedawca-samochodow-dacia-k-m--mory-sales-motoryzacja-transport,Mory,rocketjobs.pl,https://www.holding1.pl/,501+,False,,,,,,
General Logistics Systems,C,disqualified,"enterprise (known brand, pending LinkedIn check)",65.5,4,0,False,sales_specialist,Specjalista ds. Sprzedaży (M/K),https://rocketjobs.pl/oferta-pracy/general-logistics-systems-specjalista-ds-sprzedazy-m-k--plock-sales-uslugi-profesjonalne,Płock|Radom|Stryków|Warszawa,rocketjobs.pl,,,False,,,,,,
Pronar sp. z o.o.,C,disqualified,enterprise (501+ on rocketjobs profile),65.0,5,0,False,generic_sales,Przedstawiciel(ka) handlowy/a,https://rocketjobs.pl/oferta-pracy/pronar-sp-z-o-o--przedstawiciel-ka-handlowy-a-paryz-sales-inzynieria-technika-produkcja-41a61f0d,Białystok|Brańsk|Narew|Paryż|Sztabin|Warszawa|Wasilków|Łany,aplikuj.pl|nofluffjobs.com|rocketjobs.pl,https://pronar.pl/,501+,False,,,,,,
External HR,C,disqualified,staffing agency / hidden client,65.0,2,0,False,high_ticket_b2c,Specjalista ds. sprzedaży nieruchomości,https://rocketjobs.pl/oferta-pracy/external-hr-specjalista-ds-sprzedazy-nieruchomosci-wroclaw-sales-nieruchomosci-budownictwo,Wrocław|Łódź,rocketjobs.pl,,,False,,,,,,
Devire,C,disqualified,staffing agency / hidden client,65.0,2,0,False,customer_service|high_ticket_b2c,Doradca techniczno-handlowy,https://nofluffjobs.com/pl/job/doradca-techniczno-handlowy-devire-wroclaw,Warszawa|Wrocław,nofluffjobs.com,,,False,,,,,,
Orange Polska,C,disqualified,"enterprise (known brand, pending LinkedIn check)",64.8,4,0,False,account_mgmt,Account Manager - Portfel Klientów Korporacyjnych Wrocław,https://rocketjobs.pl/oferta-pracy/orange-polska-account-manager---portfel-klientow-korporacyjnych-wroclaw-wroclaw-sales-it-i-telekomunikacja,Elbląg|Jelenia Góra|Katowice|Olsztyn|Rzeszów|Suwałki|Szczecin|Warszawa|Wrocław|Łódź,rocketjobs.pl,https://orange.jobs/site/pl-home/,501+,False,,,,,,
ADAMED,C,disqualified,enterprise (501+ on rocketjobs profile),64.5,1,0,True,sales_leadership,Młodszy Regionalny Kierownik Sprzedaży  (K/M/N),https://rocketjobs.pl/oferta-pracy/adamed-mlodszy-regionalny-kierownik-sprzedazy-k-m-n--zielona-gora-sales-farmacja-medycyna,Ksawerów|Leszno|Pruszków|Siedlce|Słupsk|Zielona Góra,rocketjobs.pl,https://adamed.pl,501+,False,,,,,,
Foundever,C,disqualified,"enterprise (known brand, pending LinkedIn check)",63.8,7,0,False,customer_service,Customer Service Specialist with Czech and Slovak | 100% Work at home,https://rocketjobs.pl/oferta-pracy/foundever-customer-service-specialist-with-czech-and-slovak-100-work-at-home-warszawa-support-inne-23fd07c3,Gdańsk|Warszawa,praca.pl|rocketjobs.pl,,,False,,,,,,
Asseco Data Systems,C,disqualified,"enterprise (known brand, pending LinkedIn check)",63.8,3,0,False,account_mgmt|sales_specialist,Key account manager (z j. polskim),https://rocketjobs.pl/oferta-pracy/asseco-data-systems-key-account-manager-z-j-polskim--warszawa-sales-it-i-telekomunikacja-7bdacf25,Szczecin|Warszawa,praca.pl|rocketjobs.pl,,,False,,,,,,
Powiatowy Urząd Pracy w Szczecinku,C,disqualified,staffing agency / hidden client,62.5,1,0,False,high_ticket_b2c,Doradca handlowy,https://www.praca.pl/doradca-handlowy_11481175.html,Szczecinek,praca.pl,,,False,,,,,,
Powiatowy Urząd Pracy w Wołominie,C,disqualified,staffing agency / hidden client,62.5,1,0,False,high_ticket_b2c,Agent ubezpieczeniowy,https://www.praca.pl/agent-ubezpieczeniowy_11464378.html,Kobyłka,praca.pl,,,False,,,,,,
Netia S.A.,C,disqualified,"enterprise (known brand, pending LinkedIn check)",60.2,1,0,False,account_mgmt,Account Manager (k/m),https://rocketjobs.pl/oferta-pracy/netia-s-a--account-manager-k-m--warszawa-sales-it-i-telekomunikacja,Warszawa,rocketjobs.pl,https://www.netia.pl,501+,False,,,,,,
Klient RocketJobs.pl_76770,C,disqualified,staffing agency / hidden client,60.0,1,0,True,sales_leadership,Dyrektor Sprzedaży,https://rocketjobs.pl/oferta-pracy/klient-rocketjobs-pl-76770-dyrektor-sprzedazy-krakow-sales-finanse-bankowosc-ubezpieczenia,Kraków,rocketjobs.pl,,,False,,,,,,
Mielewczyk Sp. z o. o.,D,disqualified,enterprise (501+ on rocketjobs profile),59.8,2,0,False,account_mgmt,Key Account Manager,https://rocketjobs.pl/oferta-pracy/mielewczyk-sp-z-o-o--key-account-manager-gowidlino-sales-turystyka-hotelarstwo-catering,Brodnica Górna|Gowidlino|Kartuzy,aplikuj.pl|rocketjobs.pl,https://mielewczyk.pl/pl/,501+,False,,,,,,
TARKON SPÓŁKA Z OGRANICZONĄ ODPOWIEDZIALNOŚCIĄ,D,disqualified,enterprise (501+ on rocketjobs profile),59.5,1,0,False,generic_sales,Dyrektor/ka ds. handlowych,https://rocketjobs.pl/oferta-pracy/tarkon-spolka-z-ograniczona-odpowiedzialnoscia-dyrektor-ka-ds-handlowych-tarnobrzeg-sales-inzynieria-technika-produkcja,Tarnobrzeg,rocketjobs.pl,https://tarkon.pl/,501+,False,,,,,,
HR Partner Consulting Sp. z o.o.,D,disqualified,staffing agency / hidden client,59.5,1,0,False,sales_specialist,Specjalista / Specjalistka ds. sprzedaży stacjonarnej i obsługi zamówień,https://www.praca.pl/specjalista-specjalistka-ds-sprzedazy-stacjonarnej-i-obslugi-zamowien_11507248.html,Poznań,praca.pl,,,False,,,,,,
Steam Recruitment,D,disqualified,staffing agency / hidden client,58.0,1,0,False,account_mgmt,Account Manager z językiem hiszpańskim lub włoskim - sprzedaż na rynkach zagranicznych - Praca od zaraz,https://rocketjobs.pl/oferta-pracy/steam-recruitment-account-manager-z-jezykiem-hiszpanskim-lub-wloskim---sprzedaz-na-rynkach-zagranicznych---praca-od-zaraz-rzeszow-sales-sieci-handlowe,Rzeszów,rocketjobs.pl,,,False,,,,,,
Ipracujzdalnie.pl Sp. z o.o.,D,disqualified,"enterprise (known brand, pending LinkedIn check)",57.0,9,0,False,generic_sales,"Pomocnik w drogerii (asystent sprzedaży) Bielany Wrocławskie (K,M)",https://www.aplikuj.pl/oferta/3332257/pomocnik-w-drogerii-asystent-sprzedazy-bielany-wroclawskie-km-umowa-o-prace-ipracujzdalnie-pl-sp-z-o-o,Agatówka|Alwernia|Białka Tatrzańska|Białystok|Bielany Wrocławskie|Biskupice|Bydgoszcz|Bytom|Błonie|Celestynów|Cieszyn|Cz,aplikuj.pl,,,False,,,,,,
Accenture,D,disqualified,"enterprise (known brand, pending LinkedIn check)",56.2,3,0,False,customer_service|generic_sales,Junior Customer Service Representative with Dutch,https://rocketjobs.pl/oferta-pracy/accenture-junior-customer-service-representative-with-dutch-warszawa-support-uslugi-profesjonalne-bd08c68f,Gdańsk|Kraków|Warszawa,rocketjobs.pl,https://www.accenture.com/pl-en/careers,501+,False,,,,,,
OnlyBio,D,disqualified,enterprise (501+ on rocketjobs profile),55.8,1,0,False,account_mgmt,Key Account Specialist z językiem niemieckim,https://rocketjobs.pl/oferta-pracy/onlybio-key-account-specialist-z-jezykiem-niemieckim-bydgoszcz-sales-kosmetyki-chemia,Bydgoszcz|Warszawa,rocketjobs.pl,https://onlybio.life/,501+,False,,,,,,
COIG S.A.,D,disqualified,enterprise (501+ on rocketjobs profile),55.8,1,0,False,account_mgmt,Key Account Manager – sprzedaż rozwiązań IT (K/M),https://rocketjobs.pl/oferta-pracy/coig-s-a--key-account-manager---sprzedaz-rozwiazan-it-k-m--katowice-sales-it-i-telekomunikacja-325b6104,Katowice,rocketjobs.pl,https://www.coig.pl/,501+,False,,,,,,
LEVEL UP BUSINESS HR Business Partner,D,disqualified,staffing agency / hidden client,55.0,1,0,False,sales_specialist,Handlowiec,https://rocketjobs.pl/oferta-pracy/level-up-business-hr-business-partner-handlowiec-bialystok-sales-nieruchomosci-budownictwo,Białystok,rocketjobs.pl,,,False,,,,,,
TMS Personal,D,disqualified,staffing agency / hidden client,55.0,1,0,False,sales_specialist,Specjalista ds. Sprzedaży Marketplace – Allegro,https://rocketjobs.pl/oferta-pracy/tms-personal-specjalista-ds-sprzedazy-marketplace---allegro-warszawa-sales-marketing-reklama-media,Dawidy Bankowe|Warszawa,rocketjobs.pl,,,False,,,,,,
LEBO recruitment,D,disqualified,staffing agency / hidden client,55.0,1,0,False,high_ticket_b2c,Przedstawiciel Handlowy HVAC i OZE,https://www.praca.pl/przedstawiciel-handlowy-hvac-i-oze_11503579.html,Szczecin,praca.pl,,,False,,,,,,
Carrefour Polska Sp. z o.o.,D,disqualified,"enterprise (known brand, pending LinkedIn check)",54.5,5,0,False,generic_sales,Doradca / Doradczyni Sklepu ds. Handlowych,https://rocketjobs.pl/oferta-pracy/carrefour-polska-sp-z-o-o--doradca-doradczyni-sklepu-ds-handlowych-warszawa-sales-sieci-handlowe,Legnica|Oświęcim|Warszawa,praca.pl|rocketjobs.pl,https://www.carrefour.pl/,501+,False,,,,,,
PreZero Polska,D,disqualified,enterprise (501+ on rocketjobs profile),54.5,2,0,False,generic_sales,Manager ds. Strategicznych Projektów Sprzedażowych (M/K),https://rocketjobs.pl/oferta-pracy/prezero-polska-manager-ds-strategicznych-projektow-sprzedazowych-m-k--chorzow-sales-energia-srodowisko,Chorzów|Szczecin|Zabrze,rocketjobs.pl,https://prezero.pl/,501+,False,,,,,,
XTB S.A.,D,disqualified,enterprise (501+ on rocketjobs profile),53.8,2,0,False,account_mgmt|customer_service,Institutional Account Manager,https://rocketjobs.pl/oferta-pracy/xtb-s-a--institutional-account-manager-warszawa-sales-finanse-bankowosc-ubezpieczenia-d25de1ee,Warszawa,rocketjobs.pl,https://www.xtb.com/pl,501+,False,,,,,,
ORLEN S.A.,D,disqualified,"enterprise (known brand, pending LinkedIn check)",52.0,1,0,False,generic_sales,Specjalista / Specjalistka ds. Optymalizacji Procesów Sprzedażowych Petrochemii,https://rocketjobs.pl/oferta-pracy/orlen-s-a--specjalista-specjalistka-ds-optymalizacji-procesow-sprzedazowych-petrochemii-plock-sales-inzynieria-technika-produkcja-ca84f071,Płock|Warszawa,rocketjobs.pl,https://www.orlen.pl/pl/kariera,501+,False,,,,,,
Transcom Worldwide Poland,D,disqualified,"enterprise (known brand, pending LinkedIn check)",50.0,2,0,False,customer_service|generic_sales,Konsultant/ka ds. sprzedaży,https://rocketjobs.pl/oferta-pracy/transcom-worldwide-poland-konsultant-ka-ds-sprzedazy-gdansk-sales-it-i-telekomunikacja-e0f23537,Gdańsk,rocketjobs.pl,,,False,,,,,,
Gi Group S.A.,D,disqualified,staffing agency / hidden client,48.8,3,0,False,account_mgmt|customer_service,USTAWIACZ MASZYN WTRYSKOWYCH (KAM),https://www.aplikuj.pl/oferta/3328368/ustawiacz-maszyn-wtryskowych-kam-umowa-o-prace-gi-group-s-a,Abramów|Białogard|Bielsko-Biała|Bieruń|Bochnia|Bolesławiec|Borek Strzeliński|Brodnica|Brzeg|Bydgoszcz|Bystrzyca|Bystrzyc,aplikuj.pl,,,False,,,,,,
Medicover Optyk,D,disqualified,"enterprise (known brand, pending LinkedIn check)",47.5,1,0,False,generic_sales,Asystentka / Asystent ds. sprzedaży,https://rocketjobs.pl/oferta-pracy/medicover-optyk-asystentka-asystent-ds-sprzedazy-warszawa-sales-farmacja-medycyna,Gdynia|Warszawa,aplikuj.pl|rocketjobs.pl,,,False,,,,,,
Prudential Polska,D,disqualified,"enterprise (known brand, pending LinkedIn check)",47.5,1,0,False,generic_sales,Manager zespołu sprzedaży,https://rocketjobs.pl/oferta-pracy/prudential-polska-manager-zespolu-sprzedazy-bydgoszcz-sales-finanse-bankowosc-ubezpieczenia,Bydgoszcz,praca.pl|rocketjobs.pl,,,False,,,,,,
Powiatowy Urząd Pracy w Radomiu,D,disqualified,staffing agency / hidden client,47.5,1,0,False,sales_specialist,Handlowiec(k/m),https://www.praca.pl/handlowiec-k-m_11543281.html,Skaryszew,praca.pl,,,False,,,,,,
Powiatowy Urząd Pracy w Jaworznie,D,disqualified,staffing agency / hidden client,47.5,1,0,False,sales_specialist,Serwisant / handlowiec,https://www.praca.pl/serwisant-handlowiec_11542627.html,Jaworzno,praca.pl,,,False,,,,,,
WizzDev Prosta Spółka Akcyjna,D,disqualified,"enterprise (known brand, pending LinkedIn check)",47.5,1,0,False,sales_specialist,Handlowiec rozwiązań Software House - Embedded/IoT (m/k),https://www.aplikuj.pl/oferta/3332650/handlowiec-rozwiazan-software-house-embedded-iot-m-k-umowa-o-prace-wizzdev-prosta-spolka-akcyjna,Poznań,aplikuj.pl,,,False,,,,,,
DINO POLSKA SPÓŁKA AKCYJNA,D,disqualified,"enterprise (known brand, pending LinkedIn check)",47.5,1,0,False,sales_specialist,Specjalista ds. sprzedaży (k/m/x),https://www.aplikuj.pl/oferta/3325692/specjalista-ds-sprzedazy-k-m-x-umowa-o-prace-dino-polska-spolka-akcyjna,Białowieża|Chynów|Goszczyn|Hajnówka|Kielce|Koluszki|Krosno Odrzańskie|Krotoszyn|Ksawerów|Legnica|Miękinia|Miłoszyce|Nare,aplikuj.pl,,,False,,,,,,
ANIA KRUK Sp. z o.o.,D,disqualified,"enterprise (known brand, pending LinkedIn check)",45.2,1,0,False,customer_service,Junior Customer Care Specialist,https://rocketjobs.pl/oferta-pracy/ania-kruk-sp-z-o-o--junior-customer-care-specialist-poznan-support-uslugi-profesjonalne,Poznań,rocketjobs.pl,,,False,,,,,,
Żabka Polska Sp. z o. o.,D,disqualified,"enterprise (known brand, pending LinkedIn check)",44.5,1,0,False,generic_sales,Partnerka / Partner ds. Sprzedaży - zarządzanie rejonem sprzedaży,https://rocketjobs.pl/oferta-pracy/zabka-polska-sp-z-o-o--partnerka-partner-ds-sprzedazy---zarzadzanie-rejonem-sprzedazy-nowy-targ-sales-inne,Dolnośląskie|Lubuskie|Małopolskie|Nowy Targ|Podkarpackie|Podlaskie|Pomorskie|Rzeszów|Warszawa|Wielkopolskie|Zachodniopom,aplikuj.pl|rocketjobs.pl,https://www.zabka.pl/,501+,False,,,,,,
Powiatowy Urząd Pracy w Zawierciu,D,disqualified,staffing agency / hidden client,42.5,2,0,False,generic_sales,Specjalista do spraw sprzedaży k/m,https://www.praca.pl/specjalista-do-spraw-sprzedazy-k-m_11530189.html,Siedliszowice (pow. zawierciański,praca.pl,,,False,,,,,,
LOT Aircraft Maintenance Services Sp. z o.o.,D,disqualified,"enterprise (known brand, pending LinkedIn check)",40.0,1,0,False,generic_sales,Specjalista ds. Wsparcia Sprzedaży (K/M),https://www.praca.pl/specjalista-ds-wsparcia-sprzedazy-k-m_11491177.html,Warszawa,praca.pl,,,False,,,,,,
Powiatowy Urząd Pracy w Chrzanowie,D,disqualified,staffing agency / hidden client,40.0,1,0,False,generic_sales,Specjalista do spraw sprzedaży k/m,https://www.praca.pl/specjalista-do-spraw-sprzedazy-k-m_11542327.html,Poręba Żegoty,praca.pl,,,False,,,,,,
