company,company_status,company_fit_score,title,role_class,role_score,signals,city,workplace,salary,seniority,source,url,published,description
SALES HR,disqualified,91.5,Specjalista / -tka w Call Center z j.angielskim (gotowe leady),telesales_callcenter,100,phone|b2b_inbound_outbound,Kraków,hybrid,10000-10000 PLN/month b2b,mid,rocketjobs.pl,https://rocketjobs.pl/oferta-pracy/sales-hr-specjalista--tka-w-call-center-z-j-angielskim-gotowe-leady--krakow-sales-uslugi-profesjonalne,2026-09-15,sales
SALES HR,disqualified,91.5,Junior Sales Specialist wit English (Remote),sdr_bdr_inside,100,remote|junior_ramp,Kraków,remote,7000-7500 PLN/month b2b,junior,rocketjobs.pl,https://rocketjobs.pl/oferta-pracy/sales-hr-junior-sales-specialist-wit-english-remote--krakow-sales-uslugi-profesjonalne,2026-09-14,sales
SALES HR,disqualified,91.5,Specjalista/-tka ds. sprzedaży B2B – branża zoologiczna,ae_b2b_saas,84,b2b_inbound_outbound,Ożarów Mazowiecki,office,6500-15000 PLN/month b2b,mid,rocketjobs.pl,https://rocketjobs.pl/oferta-pracy/sales-hr-specjalista--tka-ds-sprzedazy-b2b---branza-zoologiczna-ozarow-mazowiecki-sales-rtv-agd-artykuly-przemyslowe,2026-08-12,"sprzedaż B2B, obsługa klienta, sprzedaż"
SALES HR,disqualified,91.5,Business Development Manager Polska (dodatki do asfaltów / stabilizacja gruntów),ae_b2b_saas,84,remote,Warszawa,remote,35000-50000 PLN/month b2b,senior,rocketjobs.pl,https://rocketjobs.pl/oferta-pracy/sales-hr-business-development-manager-polska-dodatki-do-asfaltow-stabilizacja-gruntow--warszawa-sales-nieruchomosci-budownictwo,2026-09-25,sprzedaż
SALES HR,disqualified,91.5,Business Development Manager (wypełnienia materacy/meble tapicerowane),ae_b2b_saas,84,remote,Warszawa,remote,12000-15000 PLN/month permanent,senior,rocketjobs.pl,https://rocketjobs.pl/oferta-pracy/sales-hr-business-development-manager-wypelnienia-materacy-meble-tapicerowane--warszawa-sales-inzynieria-technika-produkcja,2026-10-01,sprzedaż
SALES HR,disqualified,91.5,Doradca Techniczno-Handlowy (przemysł meblarsko-drzewny),high_ticket_b2c,80,,Warszawa,mobile,10000-12000 PLN/month permanent,senior,rocketjobs.pl,https://rocketjobs.pl/oferta-pracy/sales-hr-doradca-techniczno-handlowy-przemysl-meblarsko-drzewny--warszawa-sales-inzynieria-technika-produkcja,2026-09-21,sprzedaż
SALES HR,disqualified,91.5,Business Development Manager (Facility Services),ae_b2b_saas,80,,Wrocław,hybrid,,mid,rocketjobs.pl,https://rocketjobs.pl/oferta-pracy/sales-hr-business-development-manager-facility-services--wroclaw-sales-uslugi-profesjonalne-58f4e780,2026-09-30,sprzedaż
SALES HR,disqualified,91.5,Technical Sales Manager (sporty zimowe),sales_leadership,74,remote,Katowice,remote,17000-21000 PLN/month b2b,senior,rocketjobs.pl,https://rocketjobs.pl/oferta-pracy/sales-hr-technical-sales-manager-sporty-zimowe--katowice-sales-inzynieria-technika-produkcja,2026-09-09,sprzedaż
SALES HR,disqualified,91.5,Sales Manager (Automotive / Przemysł Ciężki),sales_leadership,70,,Katowice,hybrid,30000-35000 PLN/month b2b,senior,rocketjobs.pl,https://rocketjobs.pl/oferta-pracy/sales-hr-sales-manager-automotive-przemysl-ciezki--katowice-sales-inzynieria-technika-produkcja,2026-09-11,sprzedaż
SALES HR,disqualified,91.5,Key Account Manager Branży Muzycznej (winyle i płyty CD),account_mgmt,59,remote,Warszawa,remote,13000-15000 PLN/month permanent,senior,rocketjobs.pl,https://rocketjobs.pl/oferta-pracy/sales-hr-key-account-manager-branzy-muzycznej-winyle-i-plyty-cd--warszawa-sales-marketing-reklama-media,2026-10-01,sprzedaż
SALES HR,disqualified,91.5,Junior specjalista/-tka ds. Wsparcia Sprzedaży (rynek reklamowy - media),generic_sales,56,junior_ramp,Warszawa,office,8500-9000 PLN/month mandate_contract,junior,rocketjobs.pl,https://rocketjobs.pl/oferta-pracy/sales-hr-junior-specjalista--tka-ds-wsparcia-sprzedazy-rynek-reklamowy---media--warszawa-sales-marketing-reklama-media,2026-09-24,sales
SALES HR,disqualified,91.5,Key Account Manager (OOH reklama wizualna),account_mgmt,55,,Warszawa,hybrid,,senior,rocketjobs.pl,https://rocketjobs.pl/oferta-pracy/sales-hr-key-account-manager-ooh-reklama-wizualna--warszawa-sales-marketing-reklama-media,2026-09-23,sprzedaż
SALES HR,disqualified,91.5,Key Account Manager (wyposażenie meblowe biur klasy A),account_mgmt,55,,Warszawa,hybrid,13000-15000 PLN/month b2b,senior,rocketjobs.pl,https://rocketjobs.pl/oferta-pracy/sales-hr-key-account-manager-wyposazenie-meblowe-biur-klasy-a--warszawa-sales-wyposazenie-domu,2026-09-22,sprzedaż
HireWise - Rekrutacja w Sprzedaży i Marketingu,disqualified,91.0,New Business Development Specialist (k/m),sdr_bdr_inside,100,remote|script_crm|b2b_inbound_outbound,Wrocław,remote,12000-16000 PLN/month b2b,mid,rocketjobs.pl,https://rocketjobs.pl/oferta-pracy/hirewise---rekrutacja-w-sprzedazy-i-marketingu-new-business-development-specialist-k-m--wroclaw-sales-it-i-telekomunikacja,2026-09-30,"sprzedaż, sprzedaż B2B, CRM"
HireWise - Rekrutacja w Sprzedaży i Marketingu,disqualified,91.0,Sales Development Representative (k/m),sdr_bdr_inside,98,remote|b2b_inbound_outbound,Warszawa,remote,13000-16000 PLN/month b2b,mid,rocketjobs.pl,https://rocketjobs.pl/oferta-pracy/hirewise---rekrutacja-w-sprzedazy-i-marketingu-sales-development-representative-k-m--warszawa-sales-it-i-telekomunikacja,2026-10-01,"sprzedaż, sprzedaż B2B, samodzielność"
HireWise - Rekrutacja w Sprzedaży i Marketingu,disqualified,91.0,Sales Development Representative (k/m),sdr_bdr_inside,94,remote,Bielsko-Biała,remote,11000-13000 PLN/month b2b,mid,rocketjobs.pl,https://rocketjobs.pl/oferta-pracy/hirewise---rekrutacja-w-sprzedazy-i-marketingu-sales-development-representative-k-m--bielsko-biala-sales-inzynieria-technika-produkcja,2026-08-20,"sprzedaż, research, komunikatywność"
HireWise - Rekrutacja w Sprzedaży i Marketingu,disqualified,91.0,Business Development Manager - dołącz do zespołu WiseGroup!,ae_b2b_saas,89,script_crm|b2b_inbound_outbound,Gliwice,hybrid,9500-10500 PLN/month b2b,mid,rocketjobs.pl,https://rocketjobs.pl/oferta-pracy/hirewise---rekrutacja-w-sprzedazy-i-marketingu-business-development-manager---dolacz-do-zespolu-wisegroup--gliwice-sales-sprzedaz-b2b,2026-09-30,"sprzedaż, doradztwo, sprzedaż B2B, CRM"
HireWise - Rekrutacja w Sprzedaży i Marketingu,disqualified,91.0,Manager Sprzedaży B2B (k/m),ae_b2b_saas,89,script_crm|b2b_inbound_outbound,Ostrów Mazowiecka,hybrid,15000-18000 PLN/month b2b,c_level,rocketjobs.pl,https://rocketjobs.pl/oferta-pracy/hirewise---rekrutacja-w-sprzedazy-i-marketingu-manager-sprzedazy-b2b-k-m--ostrow-mazowiecka-sales-inne,2026-08-06,"sprzedaż, sprzedaż B2B, CRM"
HireWise - Rekrutacja w Sprzedaży i Marketingu,disqualified,91.0,Business Development Manager,ae_b2b_saas,88,remote|b2b_inbound_outbound,Olkusz,remote,9000-11000 PLN/month b2b,mid,rocketjobs.pl,https://rocketjobs.pl/oferta-pracy/hirewise---rekrutacja-w-sprzedazy-i-marketingu-business-development-manager-olkusz-sales-uslugi-profesjonalne,2026-08-06,"sprzedaż, prospecting, sprzedaż B2B, doradztwo"
HireWise - Rekrutacja w Sprzedaży i Marketingu,disqualified,91.0,Business Development Manager (k/m),ae_b2b_saas,84,remote,Warszawa,remote,9000-11000 PLN/month b2b,mid,rocketjobs.pl,https://rocketjobs.pl/oferta-pracy/hirewise---rekrutacja-w-sprzedazy-i-marketingu-business-development-manager-k-m--warszawa-sales-it-i-telekomunikacja-2354a1db,2026-08-10,sprzedaż
HireWise - Rekrutacja w Sprzedaży i Marketingu,disqualified,91.0,Business Development Manager (k/m),ae_b2b_saas,84,b2b_inbound_outbound,Kraków,hybrid,13000-19000 PLN/month b2b,mid,rocketjobs.pl,https://rocketjobs.pl/oferta-pracy/hirewise---rekrutacja-w-sprzedazy-i-marketingu-business-development-manager-k-m--krakow-sales-it-i-telekomunikacja-30d403d8,2026-08-24,"sprzedaż, sprzedaż B2B, prospecting, doradztwo, samodzielność"
HireWise - Rekrutacja w Sprzedaży i Marketingu,disqualified,91.0,Specjalista/Specjalistka ds. Sprzedaży B2B,ae_b2b_saas,84,b2b_inbound_outbound,Opole,office,9000-11000 PLN/month b2b,mid,rocketjobs.pl,https://rocketjobs.pl/oferta-pracy/hirewise---rekrutacja-w-sprzedazy-i-marketingu-specjalista-specjalistka-ds-sprzedazy-czesci-zamiennych-opole-sales-inzynieria-technika-produkcja,2026-07-09,sprzedaż
HireWise - Rekrutacja w Sprzedaży i Marketingu,disqualified,91.0,Starszy Doradca Handlowy / Starsza Doradczyni Handlowa (k/m),high_ticket_b2c,84,b2b_inbound_outbound,Warszawa,mobile,7200-9800 PLN/month permanent,mid,rocketjobs.pl,https://rocketjobs.pl/oferta-pracy/hirewise---rekrutacja-w-sprzedazy-i-marketingu-starszy-doradca-handlowy-starsza-doradczyni-handlowa-k-m--warszawa-sales-inzynieria-technika-produkcja,2026-09-21,"sprzedaż, sprzedaż B2B, doradztwo"
HireWise - Rekrutacja w Sprzedaży i Marketingu,disqualified,91.0,Specjalista ds. sprzedaży B2B z językiem niemieckim (k/m),ae_b2b_saas,84,b2b_inbound_outbound,Poznań,office,10000-15000 PLN/month b2b,mid,rocketjobs.pl,https://rocketjobs.pl/oferta-pracy/hirewise---rekrutacja-w-sprzedazy-i-marketingu-specjalista-ds-sprzedazy-b2b-z-jezykiem-niemieckim-k-m--poznan-sales-inne,2026-07-28,sprzedaż
HireWise - Rekrutacja w Sprzedaży i Marketingu,disqualified,91.0,Business Development Manager,ae_b2b_saas,84,b2b_inbound_outbound,Kraków,hybrid,12000-16000 PLN/month b2b,mid,rocketjobs.pl,https://rocketjobs.pl/oferta-pracy/hirewise---rekrutacja-w-sprzedazy-i-marketingu-business-development-manager-krakow-sales-it-i-telekomunikacja-f9816588,2026-09-30,"sprzedaż, sprzedaż B2B, samodzielność"
HireWise - Rekrutacja w Sprzedaży i Marketingu,disqualified,91.0,Starszy Doradca Handlowy / Starsza Doradczyni Handlowa,high_ticket_b2c,84,b2b_inbound_outbound,Kraków,hybrid,7200-9800 PLN/month permanent,senior,rocketjobs.pl,https://rocketjobs.pl/oferta-pracy/hirewise---rekrutacja-w-sprzedazy-i-marketingu-starszy-doradca-handlowy-starsza-doradczyni-handlowa-krakow-sales-motoryzacja-transport,2026-09-25,"sprzedaż, sprzedaż B2B"
HireWise - Rekrutacja w Sprzedaży i Marketingu,disqualified,91.0,Dyrektor sprzedaży,sales_leadership,70,,Imielin,hybrid,25000-30000 PLN/month permanent,c_level,rocketjobs.pl,https://rocketjobs.pl/oferta-pracy/hirewise---rekrutacja-w-sprzedazy-i-marketingu-dyrektor-sprzedazy-imielin-sales-inzynieria-technika-produkcja,2026-07-07,"sprzedaż, angielski"
HireWise - Rekrutacja w Sprzedaży i Marketingu,disqualified,91.0,Specjalista ds. sprzedaży z językiem niemieckim (k/m),sales_specialist,69,script_crm|b2b_inbound_outbound,Poznań,hybrid,8500-12500 PLN/month permanent,mid,rocketjobs.pl,https://rocketjobs.pl/oferta-pracy/hirewise---rekrutacja-w-sprzedazy-i-marketingu-specjalista-ds-sprzedazy-z-jezykiem-niemieckim-k-m--poznan-sales-nieruchomosci-budownictwo,2026-09-25,"sprzedaż, sprzedaż B2B, CRM"
HireWise - Rekrutacja w Sprzedaży i Marketingu,disqualified,91.0,Specjalista/Specjalistka ds. sprzedaży (k/m),sales_specialist,68,remote|b2b_inbound_outbound,Warszawa,remote,10000-12000 PLN/month b2b,mid,rocketjobs.pl,https://rocketjobs.pl/oferta-pracy/hirewise---rekrutacja-w-sprzedazy-i-marketingu-specjalista-specjalistka-ds-sprzedazy-k-m--warszawa-sales-marketing-reklama-media,2026-09-09,"sprzedaż, sprzedaż B2B, samodzielność"
HireWise - Rekrutacja w Sprzedaży i Marketingu,disqualified,91.0,Export Sales Specialist (k/m),sales_specialist,64,b2b_inbound_outbound,Poznań,hybrid,14000-16000 PLN/month b2b,mid,rocketjobs.pl,https://rocketjobs.pl/oferta-pracy/hirewise---rekrutacja-w-sprzedazy-i-marketingu-export-sales-specialist-k-m--poznan-sales-inzynieria-technika-produkcja,2026-08-25,"sprzedaż, sprzedaż B2B, sprzedaż doradcza"
HireWise - Rekrutacja w Sprzedaży i Marketingu,disqualified,91.0,Specjalista ds. sprzedaży (k/m),sales_specialist,64,b2b_inbound_outbound,Opole,office,9000-10000 PLN/month permanent,mid,rocketjobs.pl,https://rocketjobs.pl/oferta-pracy/hirewise---rekrutacja-w-sprzedazy-i-marketingu-specjalista-ds-sprzedazy-k-m--opole-sales-inzynieria-technika-produkcja,2026-09-21,"sprzedaż, sprzedaż B2B, samodzielność"
HireWise - Rekrutacja w Sprzedaży i Marketingu,disqualified,91.0,Handlowiec (k/m),sales_specialist,64,b2b_inbound_outbound,Katowice,hybrid,13000-16000 PLN/month b2b,mid,rocketjobs.pl,https://rocketjobs.pl/oferta-pracy/hirewise---rekrutacja-w-sprzedazy-i-marketingu-kappadata---handlowiec-katowice-sales-uslugi-profesjonalne,2026-08-27,"sprzedaż, sprzedaż B2B, samodzielność"
HireWise - Rekrutacja w Sprzedaży i Marketingu,disqualified,91.0,Specjalista ds. sprzedaży (k/m),sales_specialist,64,b2b_inbound_outbound,Warszawa,hybrid,10000-10000 PLN/month b2b,mid,rocketjobs.pl,https://rocketjobs.pl/oferta-pracy/hirewise---rekrutacja-w-sprzedazy-i-marketingu-specjalista-ds-sprzedazy-k-m--warszawa-sales-uslugi-profesjonalne,2026-08-26,"sprzedaż, sprzedaż B2B, doradztwo"
HireWise - Rekrutacja w Sprzedaży i Marketingu,disqualified,91.0,Specjalista ds. sprzedaży (k/m),sales_specialist,64,b2b_inbound_outbound,Gdynia,hybrid,12000-15000 PLN/month permanent,mid,rocketjobs.pl,https://rocketjobs.pl/oferta-pracy/hirewise---rekrutacja-w-sprzedazy-i-marketingu-specjalista-ds-sprzedazy-k-m--gdynia-sales-inzynieria-technika-produkcja,2026-09-09,"sprzedaż, sprzedaż B2B, prospecting"
HireWise - Rekrutacja w Sprzedaży i Marketingu,disqualified,91.0,Specjalista/Specjalistka ds. sprzedaży (k/m),sales_specialist,60,,Wrocław,office,10000-14000 PLN/month b2b,mid,rocketjobs.pl,https://rocketjobs.pl/oferta-pracy/hirewise---rekrutacja-w-sprzedazy-i-marketingu-specjalista-specjalistka-ds-sprzedazy-k-m--wroclaw-sales-inzynieria-technika-produkcja,2026-07-15,"angielski, sprzedaż, account manager"
HireWise - Rekrutacja w Sprzedaży i Marketingu,disqualified,91.0,Senior Export Sales Specialist,sales_specialist,60,,Kraków,hybrid,15000-19000 PLN/month b2b,senior,rocketjobs.pl,https://rocketjobs.pl/oferta-pracy/hirewise---rekrutacja-w-sprzedazy-i-marketingu-senior-export-sales-specialist-krakow-sales-inzynieria-technika-produkcja,2026-07-24,sprzedaż
HireWise - Rekrutacja w Sprzedaży i Marketingu,disqualified,91.0,Specjalista/Specjalistka ds. Sprzedaży,sales_specialist,60,,Kraków,office,8000-11000 PLN/month permanent,mid,rocketjobs.pl,https://rocketjobs.pl/oferta-pracy/hirewise---rekrutacja-w-sprzedazy-i-marketingu-specjalista-specjalistka-ds-sprzedazy-krakow-sales-nieruchomosci-budownictwo,2026-09-21,"sprzedaż, prawo jazdy kat. B, doradztwo"
HireWise - Rekrutacja w Sprzedaży i Marketingu,disqualified,91.0,Key Account Manager (k/m),account_mgmt,59,b2b_inbound_outbound,Gdynia,hybrid,13000-17000 PLN/month permanent,mid,rocketjobs.pl,https://rocketjobs.pl/oferta-pracy/hirewise---rekrutacja-w-sprzedazy-i-marketingu-key-account-manager-gdynia-sales-inzynieria-technika-produkcja-7a6d1445,2026-09-09,"sprzedaż, negocjacje, sprzedaż B2B, obsługa klienta"
HireWise - Rekrutacja w Sprzedaży i Marketingu,disqualified,91.0,Lider Sprzedaży Krajowej (k/m),generic_sales,54,b2b_inbound_outbound,Kraków,hybrid,14000-17000 PLN/month b2b,c_level,rocketjobs.pl,https://rocketjobs.pl/oferta-pracy/hirewise---rekrutacja-w-sprzedazy-i-marketingu-lider-sprzedazy-krajowej-k-m--krakow-sales-uslugi-profesjonalne,2026-09-02,"sprzedaż, sprzedaż B2B, zarządzanie zespołem, zarządzanie sprzedażą"
HireWise - Rekrutacja w Sprzedaży i Marketingu,disqualified,91.0,Konsultant/Konsultantka Sprzedaży - dołącz do zespołu WiseGroup!,generic_sales,54,remote,Gliwice,remote,30000-45000 PLN/month b2b,c_level,rocketjobs.pl,https://rocketjobs.pl/oferta-pracy/hirewise---rekrutacja-w-sprzedazy-i-marketingu-konsultant-konsultantka-sprzedazy---dolacz-do-zespolu-wisegroup--gliwice-sales-uslugi-profesjonalne,2026-08-19,sprzedaż
HireWise - Rekrutacja w Sprzedaży i Marketingu,disqualified,91.0,Regionalny Inżynier Sprzedaży (k/m),generic_sales,50,,Warszawa,mobile,12000-14000 PLN/month permanent,mid,rocketjobs.pl,https://rocketjobs.pl/oferta-pracy/hirewise---rekrutacja-w-sprzedazy-i-marketingu-regionalny-inzynier-sprzedazy-k-m--warszawa-sales-inzynieria-technika-produkcja,2026-07-31,sprzedaż
HireWise - Rekrutacja w Sprzedaży i Marketingu,disqualified,91.0,Specjalista/ Specjalista ds.sprzedaży technicznej,generic_sales,50,,Kraków,hybrid,14500-19200 PLN/month b2b,mid,rocketjobs.pl,https://rocketjobs.pl/oferta-pracy/hirewise---rekrutacja-w-sprzedazy-i-marketingu-specjalista-specjalista-ds-sprzedazy-technicznej-krakow-sales-inzynieria-technika-produkcja,2026-07-10,sprzedaż
HireWise - Rekrutacja w Sprzedaży i Marketingu,disqualified,91.0,Specjalista/Specjalistka ds. wsparcia sprzedaży (k/m),generic_sales,50,,Gdańsk,office,7000-10000 PLN/month permanent,mid,rocketjobs.pl,https://rocketjobs.pl/oferta-pracy/hirewise---rekrutacja-w-sprzedazy-i-marketingu-specjalista-specjalistka-ds-wsparcia-sprzedazy-k-m--gdansk-sales-uslugi-profesjonalne-0a851610,2026-08-07,"sprzedaż, dobra organizacja pracy, odpowiedzialność"
klient RocketJobs.pl,disqualified,91.0,Doradca Klienta Telefonicznego | Sprzedaż | Awans do Sprzedaży Bezpośredniej,telesales_callcenter,100,phone|junior_ramp,Kępno,hybrid,,junior,rocketjobs.pl,https://rocketjobs.pl/oferta-pracy/klient-rocketjobs-pl-doradca-klienta-telefonicznego-sprzedaz-awans-do-sprzedazy-bezposredniej-kepno-sales-nieruchomosci-budownictwo,2026-09-15,sprzedaż
klient RocketJobs.pl,disqualified,91.0,Doradca Klienta Telefonicznego | Sprzedaż | Awans do Sprzedaży Bezpośredniej,telesales_callcenter,100,phone|junior_ramp,Piaseczno,hybrid,,junior,rocketjobs.pl,https://rocketjobs.pl/oferta-pracy/klient-rocketjobs-pl-doradca-klienta-telefonicznego-sprzedaz-awans-do-sprzedazy-bezposredniej-piaseczno-sales-nieruchomosci-budownictwo,2026-09-14,sprzedaż
klient RocketJobs.pl,disqualified,91.0,Doradca Klienta Telefonicznego | Sprzedaż | Awans do Sprzedaży Bezpośredniej,telesales_callcenter,100,phone|junior_ramp,Grójec,hybrid,,junior,rocketjobs.pl,https://rocketjobs.pl/oferta-pracy/klient-rocketjobs-pl-doradca-klienta-telefonicznego-sprzedaz-awans-do-sprzedazy-bezposredniej-grojec-sales-nieruchomosci-budownictwo,2026-09-14,sprzedaż
klient RocketJobs.pl,disqualified,91.0,Doradca Klienta Telefonicznego | Sprzedaż | Awans do Sprzedaży Bezpośredniej,telesales_callcenter,100,phone|junior_ramp,Janów Lubelski,hybrid,,junior,rocketjobs.pl,https://rocketjobs.pl/oferta-pracy/klient-rocketjobs-pl-doradca-klienta-telefonicznego-sprzedaz-awans-do-sprzedazy-bezposredniej-janow-lubelski-sales-nieruchomosci-budownictwo,2026-09-14,sprzedaż
klient RocketJobs.pl,disqualified,91.0,Doradca Klienta Telefonicznego | Sprzedaż | Awans do Sprzedaży Bezpośredniej,telesales_callcenter,100,phone|junior_ramp,Warszawa,hybrid,,junior,rocketjobs.pl,https://rocketjobs.pl/oferta-pracy/klient-rocketjobs-pl-doradca-klienta-telefonicznego-sprzedaz-awans-do-sprzedazy-bezposredniej-warszawa-sales-nieruchomosci-budownictwo,2026-09-14,sprzedaż
klient RocketJobs.pl,disqualified,91.0,Doradca Klienta Telefonicznego | Sprzedaż | Awans do Sprzedaży Bezpośredniej,telesales_callcenter,100,phone|junior_ramp,Hrubieszów,hybrid,,junior,rocketjobs.pl,https://rocketjobs.pl/oferta-pracy/klient-rocketjobs-pl-doradca-klienta-telefonicznego-sprzedaz-awans-do-sprzedazy-bezposredniej-hrubieszow-sales-nieruchomosci-budownictwo,2026-09-14,sprzedaż
klient RocketJobs.pl,disqualified,91.0,Doradca Klienta Telefonicznego | Sprzedaż | Awans do Sprzedaży Bezpośredniej,telesales_callcenter,100,phone|junior_ramp,Braniewo,hybrid,,junior,rocketjobs.pl,https://rocketjobs.pl/oferta-pracy/klient-rocketjobs-pl-doradca-klienta-telefonicznego-sprzedaz-awans-do-sprzedazy-bezposredniej-braniewo-sales-nieruchomosci-budownictwo,2026-09-14,sprzedaż
klient RocketJobs.pl,disqualified,91.0,Doradca Klienta Telefonicznego | Sprzedaż | Awans do Sprzedaży Bezpośredniej,telesales_callcenter,100,phone|junior_ramp,Łowicz,hybrid,,junior,rocketjobs.pl,https://rocketjobs.pl/oferta-pracy/klient-rocketjobs-pl-doradca-klienta-telefonicznego-sprzedaz-awans-do-sprzedazy-bezposredniej-lowicz-sales-nieruchomosci-budownictwo,2026-09-14,sprzedaż
klient RocketJobs.pl,disqualified,91.0,Doradca Klienta Telefonicznego | Sprzedaż | Awans do Sprzedaży Bezpośredniej,telesales_callcenter,100,phone|junior_ramp,Łódź,hybrid,,junior,rocketjobs.pl,https://rocketjobs.pl/oferta-pracy/klient-rocketjobs-pl-doradca-klienta-telefonicznego-sprzedaz-awans-do-sprzedazy-bezposredniej-lodz-sales-nieruchomosci-budownictwo,2026-09-14,sprzedaż
klient RocketJobs.pl,disqualified,91.0,Doradca Klienta Telefonicznego | Sprzedaż | Awans do Sprzedaży Bezpośredniej,telesales_callcenter,100,phone|junior_ramp,Pułtusk,hybrid,,junior,rocketjobs.pl,https://rocketjobs.pl/oferta-pracy/klient-rocketjobs-pl-doradca-klienta-telefonicznego-sprzedaz-awans-do-sprzedazy-bezposredniej-pultusk-sales-nieruchomosci-budownictwo,2026-09-14,sprzedaż
Klient RocketJobs.pl,disqualified,91.0,Doradca/ Doradczyni Klienta biznesowego - Ubezpieczenia - Nie wymagamy doświadczenia,high_ticket_b2c,90,remote|junior_ramp,Wrocław,remote,7000-15000 PLN/month b2b,junior,rocketjobs.pl,https://rocketjobs.pl/oferta-pracy/pzu-zycie-s-a--doradca-doradczyni-klienta-biznesowego---ubezpieczenia---nie-wymagamy-doswiadczenia-wroclaw-sales-finanse-bankowosc-ubezpieczenia-460fe113,2026-07-08,obsługa klienta
klient RocketJobs.pl,disqualified,91.0,Doradca Klienta. Podstawa. Prowizja. Premia kwartalna,high_ticket_b2c,90,junior_ramp|commission,Częstochowa,hybrid,6000-18000 PLN/month b2b,junior,rocketjobs.pl,https://rocketjobs.pl/oferta-pracy/klient-rocketjobs-pl-doradca-klienta-podstawa-prowizja-premia-kwartalna-czestochowa-sales-finanse-bankowosc-ubezpieczenia,2026-07-06,obsługa klienta
klient RocketJobs.pl,disqualified,91.0,Lider Sprzedaży B2B | Wysokie premie i prowizje | Praca hybrydowa,ae_b2b_saas,88,commission|b2b_inbound_outbound,Poznań,hybrid,10000-22000 PLN/month b2b,manager,rocketjobs.pl,https://rocketjobs.pl/oferta-pracy/klient-rocketjobs-pl-lider-sprzedazy-b2b-wysokie-premie-i-prowizje-praca-hybrydowa-poznan-sales-uslugi-profesjonalne,2026-08-04,"zarządzanie zespołem, sprzedaż B2B, prawo jazdy kat. B"
klient RocketJobs.pl,disqualified,91.0,Doradca Klienta – Praca dla osób ambitnych i nastawionych na rozwój!,high_ticket_b2c,86,junior_ramp,Oleśnica,hybrid,6000-10000 PLN/month b2b,junior,rocketjobs.pl,https://rocketjobs.pl/oferta-pracy/klient-rocketjobs-pl-doradca-klienta---praca-dla-osob-ambitnych-i-nastawionych-na-rozwoj--olesnica-sales-nieruchomosci-budownictwo,2026-07-08,obsługa klienta
klient RocketJobs.pl,disqualified,91.0,Menedżerka / Menedżer Zespołu Sprzedaży (B2B)- Poznań,ae_b2b_saas,84,b2b_inbound_outbound,Poznań,hybrid,10000-21500 PLN/month b2b,manager,rocketjobs.pl,https://rocketjobs.pl/oferta-pracy/klient-rocketjobs-pl-menedzerka-menedzer-zespolu-sprzedazy-b2b---poznan-poznan-sales-finanse-bankowosc-ubezpieczenia,2026-07-07,"zarządzanie zespołem, sprzedaż B2B, prawo jazdy kat. B"
klient RocketJobs.pl,disqualified,91.0,Menedżerka / Menedżer Zespołu Sprzedaży (B2B),ae_b2b_saas,84,b2b_inbound_outbound,Płock,hybrid,10000-21500 PLN/month b2b,manager,rocketjobs.pl,https://rocketjobs.pl/oferta-pracy/klient-rocketjobs-pl-menedzerka-menedzer-zespolu-sprzedazy-b2b--plock-sales-uslugi-profesjonalne,2026-07-15,"zarządzanie zespołem, sprzedaż B2B, prawo jazdy kat. B"
klient RocketJobs.pl,disqualified,91.0,Doradca / Doradczyni Klienta (B2B / B2C),ae_b2b_saas,84,b2b_inbound_outbound,Katowice,hybrid,6000-14000 PLN/month b2b,mid,rocketjobs.pl,https://rocketjobs.pl/oferta-pracy/klient-rocketjobs-pl-doradca-doradczyni-klienta-b2b-b2c--katowice-sales-finanse-bankowosc-ubezpieczenia,2026-10-01,sprzedaż
klient RocketJobs.pl,disqualified,91.0,Doradca Klienta | Sprzedaż Bezpośrednia | Doświadczenie w Sprzedaży Mile Widziane,high_ticket_b2c,84,b2b_inbound_outbound,Łowicz,hybrid,,mid,rocketjobs.pl,https://rocketjobs.pl/oferta-pracy/klient-rocketjobs-pl-doradca-klienta-sprzedaz-bezposrednia-doswiadczenie-w-sprzedazy-mile-widziane-lowicz-sales-finanse-bankowosc-ubezpieczenia,2026-09-14,"sprzedaż B2B, sprzedaż"
klient RocketJobs.pl,disqualified,91.0,Doradca Klienta | Sprzedaż Bezpośrednia | Doświadczenie w Sprzedaży Mile Widziane,high_ticket_b2c,84,b2b_inbound_outbound,Pułtusk,hybrid,,mid,rocketjobs.pl,https://rocketjobs.pl/oferta-pracy/klient-rocketjobs-pl-doradca-klienta-sprzedaz-bezposrednia-doswiadczenie-w-sprzedazy-mile-widziane-pultusk-sales-nieruchomosci-budownictwo,2026-09-14,"sprzedaż B2B, sprzedaż"
Klient RocketJobs.pl,disqualified,91.0,Doradca/Doradczyni Klienta | Lublin,high_ticket_b2c,80,,Lublin,mobile,7000-9000 PLN/month b2b,mid,rocketjobs.pl,https://rocketjobs.pl/oferta-pracy/klient-rocketjobs-pl-doradca-doradczyni-klienta-lublin-lublin-sales-finanse-bankowosc-ubezpieczenia-5329606f,2026-09-28,"obsługa klienta, sprzedaż"
Klient RocketJobs.pl,disqualified,91.0,Doradca/Doradczyni Klienta | Zielona Góra,high_ticket_b2c,80,,Zielona Góra,mobile,7000-9000 PLN/month b2b,mid,rocketjobs.pl,https://rocketjobs.pl/oferta-pracy/klient-rocketjobs-pl-doradca-doradczyni-klienta-zielona-gora-zielona-gora-sales-finanse-bankowosc-ubezpieczenia-49f07b1f,2026-09-28,"praca z klientem, obsługa klienta, sprzedaż"
Klient RocketJobs.pl,disqualified,91.0,Doradca/Doradczyni Klienta | Warszawa,high_ticket_b2c,80,,Warszawa,mobile,7000-9000 PLN/month b2b,mid,rocketjobs.pl,https://rocketjobs.pl/oferta-pracy/klient-rocketjobs-pl-doradca-doradczyni-klienta-warszawa-warszawa-sales-finanse-bankowosc-ubezpieczenia-0e96a256,2026-09-28,"obsługa klienta, sprzedaż"
Klient RocketJobs.pl,disqualified,91.0,Doradca/Doradczyni Klienta | Szczecin,high_ticket_b2c,80,,Szczecin,mobile,7000-9000 PLN/month b2b,mid,rocketjobs.pl,https://rocketjobs.pl/oferta-pracy/klient-rocketjobs-pl-doradca-doradczyni-klienta-szczecin-szczecin-sales-finanse-bankowosc-ubezpieczenia-f91038d6,2026-09-28,"obsługa klienta, sprzedaż"
Klient RocketJobs.pl,disqualified,91.0,Doradca/Doradczyni Klienta | Wrocław,high_ticket_b2c,80,,Wrocław,mobile,7000-9000 PLN/month b2b,mid,rocketjobs.pl,https://rocketjobs.pl/oferta-pracy/klient-rocketjobs-pl-doradca-doradczyni-klienta-wroclaw-wroclaw-sales-finanse-bankowosc-ubezpieczenia-d29b0a67,2026-09-28,"obsługa klienta, sprzedaż"
Klient RocketJobs.pl,disqualified,91.0,Doradca/Doradczyni Klienta | Bielsko-Biała,high_ticket_b2c,80,,Bielsko-Biała,mobile,7000-9000 PLN/month b2b,mid,rocketjobs.pl,https://rocketjobs.pl/oferta-pracy/klient-rocketjobs-pl-doradca-doradczyni-klienta-bielsko-biala-bielsko-biala-sales-finanse-bankowosc-ubezpieczenia-484f8bad,2026-09-28,"obsługa klienta, sprzedaż"
Klient RocketJobs.pl,disqualified,91.0,Doradca/Doradczyni Klienta | Olsztyn,high_ticket_b2c,80,,Olsztyn,mobile,7000-9000 PLN/month b2b,mid,rocketjobs.pl,https://rocketjobs.pl/oferta-pracy/klient-rocketjobs-pl-doradca-doradczyni-klienta-olsztyn-olsztyn-sales-finanse-bankowosc-ubezpieczenia-1f3e38ac,2026-09-28,"obsługa klienta, sprzedaż"
Klient RocketJobs.pl,disqualified,91.0,Doradca/Doradczyni Klienta | Gdynia,high_ticket_b2c,80,,Gdynia,mobile,7000-9000 PLN/month b2b,mid,rocketjobs.pl,https://rocketjobs.pl/oferta-pracy/klient-rocketjobs-pl-doradca-doradczyni-klienta-gdynia-gdynia-sales-finanse-bankowosc-ubezpieczenia-cacb1405,2026-09-28,"obsługa klienta, sprzedaż"
Klient RocketJobs.pl,disqualified,91.0,Doradca/Doradczyni Klienta | Gliwice,high_ticket_b2c,80,,Gliwice,mobile,7000-9000 PLN/month b2b,mid,rocketjobs.pl,https://rocketjobs.pl/oferta-pracy/klient-rocketjobs-pl-doradca-doradczyni-klienta-gliwice-gliwice-sales-finanse-bankowosc-ubezpieczenia-23e1d3ef,2026-09-28,"obsługa klienta, sprzedaż"
Klient RocketJobs.pl,disqualified,91.0,Doradca/Doradczyni Klienta | Kraków,high_ticket_b2c,80,,Kraków,mobile,7000-9000 PLN/month b2b,mid,rocketjobs.pl,https://rocketjobs.pl/oferta-pracy/klient-rocketjobs-pl-doradca-doradczyni-klienta-krakow-krakow-sales-finanse-bankowosc-ubezpieczenia-fcb2b0ba,2026-09-28,"obsługa klienta, sprzedaż"
Klient RocketJobs.pl,disqualified,91.0,Doradca/Doradczyni Klienta | Białystok,high_ticket_b2c,80,,Białystok,mobile,7000-9000 PLN/month b2b,mid,rocketjobs.pl,https://rocketjobs.pl/oferta-pracy/klient-rocketjobs-pl-doradca-doradczyni-klienta-bialystok-bialystok-sales-finanse-bankowosc-ubezpieczenia-f86f4a14,2026-09-28,"obsługa klienta, sprzedaż"
Klient RocketJobs.pl,disqualified,91.0,Doradca/Doradczyni Klienta | Katowice,high_ticket_b2c,80,,Katowice,mobile,7000-9000 PLN/month b2b,mid,rocketjobs.pl,https://rocketjobs.pl/oferta-pracy/klient-rocketjobs-pl-doradca-doradczyni-klienta-katowice-katowice-sales-finanse-bankowosc-ubezpieczenia-cd88c4d3,2026-09-28,"obsługa klienta, sprzedaż"
Klient RocketJobs.pl,disqualified,91.0,Doradca/Doradczyni Klienta | Gdańsk,high_ticket_b2c,80,,Gdańsk,mobile,7000-9000 PLN/month b2b,mid,rocketjobs.pl,https://rocketjobs.pl/oferta-pracy/klient-rocketjobs-pl-doradca-doradczyni-klienta-gdansk-gdansk-sales-finanse-bankowosc-ubezpieczenia-55a94091,2026-09-28,"obsługa klienta, sprzedaż"
Klient RocketJobs.pl,disqualified,91.0,Doradca/Doradczyni Klienta | Bydgoszcz,high_ticket_b2c,80,,Bydgoszcz,mobile,7000-9000 PLN/month b2b,mid,rocketjobs.pl,https://rocketjobs.pl/oferta-pracy/klient-rocketjobs-pl-doradca-doradczyni-klienta-bydgoszcz-bydgoszcz-sales-finanse-bankowosc-ubezpieczenia-69bab753,2026-09-28,"obsługa klienta, sprzedaż"
Klient RocketJobs.pl,disqualified,91.0,Doradca/Doradczyni Klienta | Rzeszów,high_ticket_b2c,80,,Rzeszów,mobile,7000-9000 PLN/month b2b,mid,rocketjobs.pl,https://rocketjobs.pl/oferta-pracy/klient-rocketjobs-pl-doradca-doradczyni-klienta-rzeszow-rzeszow-sales-finanse-bankowosc-ubezpieczenia-9686bb56,2026-09-28,"obsługa klienta, sprzedaż"
Klient RocketJobs.pl,disqualified,91.0,Doradca/Doradczyni Klienta | Łodź,high_ticket_b2c,80,,Łódź,mobile,7000-9000 PLN/month b2b,mid,rocketjobs.pl,https://rocketjobs.pl/oferta-pracy/klient-rocketjobs-pl-doradca-doradczyni-klienta-lodz-lodz-sales-finanse-bankowosc-ubezpieczenia-be431a3a,2026-09-28,"obsługa klienta, sprzedaż"
Klient RocketJobs.pl,disqualified,91.0,Doradca/Doradczyni Klienta | Poznań,high_ticket_b2c,80,,Poznań,mobile,7000-9000 PLN/month b2b,mid,rocketjobs.pl,https://rocketjobs.pl/oferta-pracy/klient-rocketjobs-pl-doradca-doradczyni-klienta-poznan-poznan-sales-finanse-bankowosc-ubezpieczenia-0df69651,2026-09-28,"obsługa klienta, sprzedaż"
klient RocketJobs.pl,disqualified,91.0,Doradczyni /Doradca Klienta | Sprzedaż,high_ticket_b2c,80,,Olsztyn,hybrid,,mid,rocketjobs.pl,https://rocketjobs.pl/oferta-pracy/klient-rocketjobs-pl-doradczyni-doradca-klienta-sprzedaz-olsztyn-sales-uslugi-profesjonalne,2026-09-08,sprzedaż
klient RocketJobs.pl,disqualified,91.0,Doradca klienta biznesowego,high_ticket_b2c,80,,Radom,hybrid,,mid,rocketjobs.pl,https://rocketjobs.pl/oferta-pracy/klient-rocketjobs-pl-doradca-klienta-biznesowego-radom-sales-finanse-bankowosc-ubezpieczenia-3d4d385b,2026-09-08,sprzedaż
klient RocketJobs.pl,disqualified,91.0,Doradca klienta biznesowego,high_ticket_b2c,80,,Siedlce,hybrid,,mid,rocketjobs.pl,https://rocketjobs.pl/oferta-pracy/klient-rocketjobs-pl-doradca-klienta-biznesowego-siedlce-sales-finanse-bankowosc-ubezpieczenia,2026-09-08,sprzedaż
klient RocketJobs.pl,disqualified,91.0,Doradca ubezpieczeniowy / Doradczyni ubezpieczeniowa,high_ticket_b2c,80,,Bydgoszcz,hybrid,5000-14000 PLN/month b2b,mid,rocketjobs.pl,https://rocketjobs.pl/oferta-pracy/klient-rocketjobs-pl-doradca-ubezpieczeniowy-doradczyni-ubezpieczeniowa-bydgoszcz-sales-finanse-bankowosc-ubezpieczenia,2026-10-02,"niekaralność, obsługa klienta"
klient RocketJobs.pl,disqualified,91.0,Doradczyni /Doradca Klienta | Sprzedaż,high_ticket_b2c,80,,Łowicz,office,,mid,rocketjobs.pl,https://rocketjobs.pl/oferta-pracy/klient-rocketjobs-pl-doradczyni-doradca-klienta-sprzedaz-lowicz-sales-uslugi-profesjonalne,2026-09-07,sprzedaż
klient RocketJobs.pl,disqualified,91.0,Przedstawiciel I Doradca Klienta,high_ticket_b2c,80,,Poznań,hybrid,5000-15000 PLN/month b2b,mid,rocketjobs.pl,https://rocketjobs.pl/oferta-pracy/klient-rocketjobs-pl-przedstawiciel-i-doradca-klienta-poznan-sales-finanse-bankowosc-ubezpieczenia,2026-07-13,sprzedaż
klient RocketJobs.pl,disqualified,91.0,Doradczyni /Doradca Klienta | Sprzedaż,high_ticket_b2c,80,,Braniewo,office,,mid,rocketjobs.pl,https://rocketjobs.pl/oferta-pracy/klient-rocketjobs-pl-doradczyni-doradca-klienta-sprzedaz-braniewo-sales-uslugi-profesjonalne,2026-09-07,sprzedaż
klient RocketJobs.pl,disqualified,91.0,Doradczyni /Doradca Klienta | Sprzedaż,high_ticket_b2c,80,,Warszawa,office,,mid,rocketjobs.pl,https://rocketjobs.pl/oferta-pracy/klient-rocketjobs-pl-doradczyni-doradca-klienta-sprzedaz-warszawa-sales-uslugi-profesjonalne,2026-09-07,sprzedaż
klient RocketJobs.pl,disqualified,91.0,Doradczyni /Doradca Klienta | Sprzedaż,high_ticket_b2c,80,,Janów Lubelski,office,,mid,rocketjobs.pl,https://rocketjobs.pl/oferta-pracy/klient-rocketjobs-pl-doradczyni-doradca-klienta-sprzedaz-janow-lubelski-sales-uslugi-profesjonalne,2026-09-07,sprzedaż
klient RocketJobs.pl,disqualified,91.0,Doradczyni /Doradca Klienta | Sprzedaż,high_ticket_b2c,80,,Pułtusk,office,,mid,rocketjobs.pl,https://rocketjobs.pl/oferta-pracy/klient-rocketjobs-pl-doradczyni-doradca-klienta-sprzedaz-pultusk-sales-uslugi-profesjonalne,2026-09-07,sprzedaż
klient RocketJobs.pl,disqualified,91.0,Doradczyni /Doradca Klienta | Sprzedaż,high_ticket_b2c,80,,Grójec,office,,mid,rocketjobs.pl,https://rocketjobs.pl/oferta-pracy/klient-rocketjobs-pl-doradczyni-doradca-klienta-sprzedaz-grojec-sales-uslugi-profesjonalne,2026-09-07,sprzedaż
klient RocketJobs.pl,disqualified,91.0,Doradczyni /Doradca Klienta | Sprzedaż,high_ticket_b2c,80,,Rybnik,office,,mid,rocketjobs.pl,https://rocketjobs.pl/oferta-pracy/klient-rocketjobs-pl-doradczyni-doradca-klienta-sprzedaz-rybnik-sales-uslugi-profesjonalne,2026-09-07,sprzedaż
klient RocketJobs.pl,disqualified,91.0,Doradczyni /Doradca Klienta | Sprzedaż,high_ticket_b2c,80,,Włocławek,office,,mid,rocketjobs.pl,https://rocketjobs.pl/oferta-pracy/klient-rocketjobs-pl-doradczyni-doradca-klienta-sprzedaz-wloclawek-sales-uslugi-profesjonalne,2026-09-23,sprzedaż
klient RocketJobs.pl,disqualified,91.0,Doradczyni /Doradca Klienta | Sprzedaż,high_ticket_b2c,80,,Katowice,office,,mid,rocketjobs.pl,https://rocketjobs.pl/oferta-pracy/klient-rocketjobs-pl-doradczyni-doradca-klienta-sprzedaz-katowice-sales-uslugi-profesjonalne,2026-09-07,sprzedaż
klient RocketJobs.pl,disqualified,91.0,Doradczyni /Doradca Klienta | Sprzedaż,high_ticket_b2c,80,,Jelenia Góra,office,,mid,rocketjobs.pl,https://rocketjobs.pl/oferta-pracy/klient-rocketjobs-pl-doradczyni-doradca-klienta-sprzedaz-jelenia-gora-sales-uslugi-profesjonalne,2026-09-07,sprzedaż
klient RocketJobs.pl,disqualified,91.0,Doradczyni /Doradca Klienta | Sprzedaż,high_ticket_b2c,80,,Myślenice,office,,mid,rocketjobs.pl,https://rocketjobs.pl/oferta-pracy/klient-rocketjobs-pl-doradczyni-doradca-klienta-sprzedaz-myslenice-sales-uslugi-profesjonalne,2026-09-07,sprzedaż
klient RocketJobs.pl,disqualified,91.0,Doradczyni /Doradca Klienta | Sprzedaż,high_ticket_b2c,80,,Kłodzko,office,,mid,rocketjobs.pl,https://rocketjobs.pl/oferta-pracy/klient-rocketjobs-pl-doradczyni-doradca-klienta-sprzedaz-klodzko-sales-uslugi-profesjonalne,2026-09-07,sprzedaż
klient RocketJobs.pl,disqualified,91.0,Doradca klienta,high_ticket_b2c,80,,Włocławek,hybrid,,mid,rocketjobs.pl,https://rocketjobs.pl/oferta-pracy/klient-rocketjobs-pl-doradca-klienta-wloclawek-sales-finanse-bankowosc-ubezpieczenia,2026-09-11,sprzedaż
klient RocketJobs.pl,disqualified,91.0,Przedstawiciel I Doradca Klienta,high_ticket_b2c,80,,Śrem,office,5000-12000 PLN/month b2b,mid,rocketjobs.pl,https://rocketjobs.pl/oferta-pracy/klient-rocketjobs-pl-przedstawiciel-i-doradca-klienta-srem-sales-uslugi-profesjonalne,2026-07-29,sprzedaż
klient RocketJobs.pl,disqualified,91.0,Przedstawiciel I Doradca Klienta,high_ticket_b2c,80,,Kartuzy,office,5000-15000 PLN/month any,mid,rocketjobs.pl,https://rocketjobs.pl/oferta-pracy/klient-rocketjobs-pl-przedstawiciel-i-doradca-klienta-kartuzy-sales-finanse-bankowosc-ubezpieczenia,2026-07-29,sprzedaż
klient RocketJobs.pl,disqualified,91.0,Doradczyni /Doradca Klienta | Sprzedaż,high_ticket_b2c,80,,Poznań,office,,mid,rocketjobs.pl,https://rocketjobs.pl/oferta-pracy/klient-rocketjobs-pl-doradczyni-doradca-klienta-sprzedaz-poznan-sales-uslugi-profesjonalne,2026-09-10,sprzedaż
klient RocketJobs.pl,disqualified,91.0,Pośredniku Nieruchomości – Szukamy Właśnie Ciebie!,high_ticket_b2c,80,,Kraków,hybrid,5000-13000 PLN/month b2b,mid,rocketjobs.pl,https://rocketjobs.pl/oferta-pracy/klient-rocketjobs-pl-posredniku-nieruchomosci---szukamy-wlasnie-ciebie--krakow-sales-nieruchomosci-budownictwo,2026-07-20,sprzedaż
klient RocketJobs.pl,disqualified,91.0,Kierownik Działu Sprzedaży,sales_leadership,70,,Skierniewice,hybrid,,senior,rocketjobs.pl,https://rocketjobs.pl/oferta-pracy/klient-rocketjobs-pl-kierownik-dzialu-sprzedazy-skierniewice-sales-finanse-bankowosc-ubezpieczenia,2026-10-02,prawo jazdy kat. B
Klient rocketjobs.pl,disqualified,91.0,Kierownik Działu Sprzedaży (k/m),sales_leadership,70,,Warszawa,office,,manager,rocketjobs.pl,https://rocketjobs.pl/oferta-pracy/klient-rocketjobs-pl-kierownik-dzialu-sprzedazy-k-m--warszawa-sales-motoryzacja-transport,2026-09-11,"zarządzanie zespołem, sprzedaż, branża motoryzacyjna"
Klient Rocketjobs.pl,disqualified,91.0,Handlowiec,sales_specialist,60,,Wrocław,hybrid,7000-20000 PLN/month b2b,mid,rocketjobs.pl,https://rocketjobs.pl/oferta-pracy/klient-rocketjobs-pl-handlowiec-wroclaw-sales-finanse-bankowosc-ubezpieczenia-672026eb,2026-09-01,obsługa klienta
klient RocketJobs.pl,disqualified,91.0,Opiekun Firm,account_mgmt,55,,Łomża,hybrid,,mid,rocketjobs.pl,https://rocketjobs.pl/oferta-pracy/klient-rocketjobs-pl-opiekun-firm-lomza-sales-finanse-bankowosc-ubezpieczenia,2026-09-08,sprzedaż
klient RocketJobs.pl,disqualified,91.0,Menedżer Zespołu Sprzedaży do Klienta Biznesowego (k/m),generic_sales,54,b2b_inbound_outbound,Bielsko-Biała,hybrid,10000-21500 PLN/month b2b,manager,rocketjobs.pl,https://rocketjobs.pl/oferta-pracy/klient-rocketjobs-pl-menedzer-zespolu-sprzedazy-do-klienta-biznesowego-k-m--bielsko-biala-sales-uslugi-profesjonalne-a3a21297,2026-10-02,"zarządzanie zespołem, sprzedaż B2B, prawo jazdy kat. B"
klient RocketJobs.pl,disqualified,91.0,Menedżer Zespołu Sprzedaży do Klienta Biznesowego (k/m),generic_sales,54,b2b_inbound_outbound,Łódź,hybrid,10000-21500 PLN/month b2b,manager,rocketjobs.pl,https://rocketjobs.pl/oferta-pracy/klient-rocketjobs-pl-menedzer-zespolu-sprzedazy-do-klienta-biznesowego-k-m--lodz-sales-uslugi-profesjonalne,2026-10-02,"zarządzanie zespołem, sprzedaż B2B, prawo jazdy kat. B"
klient RocketJobs.pl,disqualified,91.0,Menedżer Zespołu Sprzedaży do Klienta Biznesowego (k/m),generic_sales,54,b2b_inbound_outbound,Toruń,hybrid,10000-21500 PLN/month b2b,manager,rocketjobs.pl,https://rocketjobs.pl/oferta-pracy/klient-rocketjobs-pl-menedzer-zespolu-sprzedazy-do-klienta-biznesowego-k-m--torun-sales-uslugi-profesjonalne,2026-10-02,"zarządzanie zespołem, sprzedaż B2B, prawo jazdy kat. B"
klient RocketJobs.pl,disqualified,91.0,Menedżer Zespołu Sprzedaży do Klienta Biznesowego (k/m),generic_sales,54,b2b_inbound_outbound,Katowice,hybrid,10000-21500 PLN/month b2b,manager,rocketjobs.pl,https://rocketjobs.pl/oferta-pracy/klient-rocketjobs-pl-menedzer-zespolu-sprzedazy-do-klienta-biznesowego-k-m--katowice-sales-uslugi-profesjonalne-abafd368,2026-10-02,"zarządzanie zespołem, sprzedaż B2B, prawo jazdy kat. B"
klient RocketJobs.pl,disqualified,91.0,Menedżer Zespołu Sprzedaży do Klienta Biznesowego (k/m),generic_sales,54,b2b_inbound_outbound,Warszawa,hybrid,10000-21500 PLN/month b2b,manager,rocketjobs.pl,https://rocketjobs.pl/oferta-pracy/klient-rocketjobs-pl-menedzer-zespolu-sprzedazy-do-klienta-biznesowego-k-m--warszawa-sales-uslugi-profesjonalne,2026-06-19,"zarządzanie zespołem, sprzedaż B2B, prawo jazdy kat. B"
klient RocketJobs.pl,disqualified,91.0,Manadżer ds. Rozwoju Sprzedaży MŚP,generic_sales,50,,Płock,hybrid,,mid,rocketjobs.pl,https://rocketjobs.pl/oferta-pracy/klient-rocketjobs-pl-manadzer-ds-rozwoju-sprzedazy-msp-plock-sales-uslugi-profesjonalne,2026-09-10,"sprzedaż, zarządzanie zespołem"
klient RocketJobs.pl,disqualified,91.0,Manadżer ds. Rozwoju Sprzedaży MŚP,generic_sales,50,,Warszawa,hybrid,,mid,rocketjobs.pl,https://rocketjobs.pl/oferta-pracy/klient-rocketjobs-pl-manadzer-ds-rozwoju-sprzedazy-msp-warszawa-sales-uslugi-profesjonalne,2026-09-10,"sprzedaż, zarządzanie zespołem"
klient RocketJobs.pl,disqualified,91.0,Menadżer Sprzedaży MŚP,generic_sales,50,,Łomża,hybrid,,mid,rocketjobs.pl,https://rocketjobs.pl/oferta-pracy/klient-rocketjobs-pl-menadzer-sprzedazy-msp-lomza-sales-finanse-bankowosc-ubezpieczenia,2026-09-09,"sprzedaż, zarządzanie zespołem"
klient RocketJobs.pl,disqualified,91.0,Pracownik Biurowy ds. Kontaktu z Klientem i Sprzedaży,generic_sales,50,,Siedlce,hybrid,,mid,rocketjobs.pl,https://rocketjobs.pl/oferta-pracy/klient-rocketjobs-pl-pracownik-biurowy-ds-kontaktu-z-klientem-i-sprzedazy-siedlce-sales-finanse-bankowosc-ubezpieczenia,2026-09-09,sprzedaż
klient RocketJobs.pl,disqualified,91.0,Pracownik Biurowy ds. Kontaktu z Klientem i Sprzedaży,generic_sales,50,,Radom,hybrid,,mid,rocketjobs.pl,https://rocketjobs.pl/oferta-pracy/klient-rocketjobs-pl-pracownik-biurowy-ds-kontaktu-z-klientem-i-sprzedazy-radom-sales-finanse-bankowosc-ubezpieczenia,2026-09-09,sprzedaż
klient RocketJobs.pl,disqualified,91.0,Pracownik Biurowy ds. Kontaktu z Klientem i Sprzedaży,generic_sales,50,,Lublin,hybrid,,mid,rocketjobs.pl,https://rocketjobs.pl/oferta-pracy/klient-rocketjobs-pl-pracownik-biurowy-ds-kontaktu-z-klientem-i-sprzedazy-lublin-sales-finanse-bankowosc-ubezpieczenia,2026-09-08,sprzedaż
klient RocketJobs.pl,disqualified,91.0,Menadżer Sprzedaży MŚP,generic_sales,50,,Białystok,hybrid,,mid,rocketjobs.pl,https://rocketjobs.pl/oferta-pracy/klient-rocketjobs-pl-menadzer-sprzedazy-msp-bialystok-sales-uslugi-profesjonalne,2026-09-08,"sprzedaż, zarządzanie zespołem"
klient RocketJobs.pl,disqualified,91.0,Manadżer ds. Rozwoju Sprzedaży MŚP,generic_sales,50,,Olsztyn,hybrid,,mid,rocketjobs.pl,https://rocketjobs.pl/oferta-pracy/klient-rocketjobs-pl-manadzer-ds-rozwoju-sprzedazy-msp-olsztyn-sales-uslugi-profesjonalne,2026-09-08,"sprzedaż, zarządzanie zespołem"
klient RocketJobs.pl,disqualified,91.0,Pracownik Biurowy ds. Kontaktu z Klientem i Sprzedaży,generic_sales,50,,Warszawa,hybrid,,mid,rocketjobs.pl,https://rocketjobs.pl/oferta-pracy/klient-rocketjobs-pl-pracownik-biurowy-ds-kontaktu-z-klientem-i-sprzedazy-warszawa-sales-finanse-bankowosc-ubezpieczenia,2026-10-01,sprzedaż
klient RocketJobs.pl,disqualified,91.0,Pracownik Biurowy ds. Kontaktu z Klientem i Sprzedaży,generic_sales,50,,Olsztyn,hybrid,,mid,rocketjobs.pl,https://rocketjobs.pl/oferta-pracy/klient-rocketjobs-pl-pracownik-biurowy-ds-kontaktu-z-klientem-i-sprzedazy-olsztyn-sales-finanse-bankowosc-ubezpieczenia,2026-10-01,sprzedaż
klient RocketJobs.pl,disqualified,91.0,Pracownik Biurowy ds. Kontaktu z Klientem i Sprzedaży,generic_sales,50,,Białystok,hybrid,,mid,rocketjobs.pl,https://rocketjobs.pl/oferta-pracy/klient-rocketjobs-pl-pracownik-biurowy-ds-kontaktu-z-klientem-i-sprzedazy-bialystok-sales-finanse-bankowosc-ubezpieczenia,2026-10-01,sprzedaż
klient RocketJobs.pl,disqualified,91.0,Pracownik Biurowy ds. Kontaktu z Klientem i Sprzedaży,generic_sales,50,,Łomża,hybrid,,mid,rocketjobs.pl,https://rocketjobs.pl/oferta-pracy/klient-rocketjobs-pl-pracownik-biurowy-ds-kontaktu-z-klientem-i-sprzedazy-lomza-sales-finanse-bankowosc-ubezpieczenia,2026-10-01,sprzedaż
klient RocketJobs.pl,disqualified,91.0,Specjalista ds. Obsługi Klienta,customer_service,41,junior_ramp,Poznań,office,5000-8000 PLN/month b2b,junior,rocketjobs.pl,https://rocketjobs.pl/oferta-pracy/klient-rocketjobs-pl-specjalista-ds-obslugi-klienta-poznan-sales-uslugi-profesjonalne-64bf9307,2026-07-07,prawo jazdy kat. B
klient RocketJobs.pl,disqualified,91.0,Specjalista ds. Obsługi Klienta i sprzedaży,customer_service,41,junior_ramp,Olkusz,office,,junior,rocketjobs.pl,https://rocketjobs.pl/oferta-pracy/klient-rocketjobs-pl-specjalista-ds-obslugi-klienta-i-sprzedazy-olkusz-sales-uslugi-profesjonalne,2026-09-01,prawo jazdy kat. B
klient RocketJobs.pl,disqualified,91.0,Specjalista ds. Obsługi Klienta i sprzedaży,customer_service,41,junior_ramp,Przeworsk,office,,junior,rocketjobs.pl,https://rocketjobs.pl/oferta-pracy/klient-rocketjobs-pl-specjalista-ds-obslugi-klienta-i-sprzedazy-przeworsk-sales-uslugi-profesjonalne,2026-09-01,prawo jazdy kat. B
klient RocketJobs.pl,disqualified,91.0,Specjalista ds. Obsługi Klienta,customer_service,41,junior_ramp,Człuchów,office,4900-9000 PLN/month permanent,junior,rocketjobs.pl,https://rocketjobs.pl/oferta-pracy/klient-rocketjobs-pl-specjalista-ds-obslugi-klienta-czluchow-sales-uslugi-profesjonalne,2026-07-15,"obsługa klienta, Wykształcenie średnie"
klient RocketJobs.pl,disqualified,91.0,Specjalista ds. Obsługi Klienta,customer_service,41,junior_ramp,Świebodzin,office,4900-9000 PLN/month permanent,junior,rocketjobs.pl,https://rocketjobs.pl/oferta-pracy/klient-rocketjobs-pl-specjalista-ds-obslugi-klienta-swiebodzin-sales-uslugi-profesjonalne,2026-07-06,obsługa klienta
klient RocketJobs.pl,disqualified,91.0,Specjalista ds. Obsługi Klienta,customer_service,41,junior_ramp,Kłodzko,office,,junior,rocketjobs.pl,https://rocketjobs.pl/oferta-pracy/klient-rocketjobs-pl-specjalista-ds-obslugi-klienta-klodzko-sales-uslugi-profesjonalne,2026-09-04,sprzedaż
klient RocketJobs.pl,disqualified,91.0,Specjalista ds. Obsługi Klienta,customer_service,41,junior_ramp,Jelenia Góra,office,,junior,rocketjobs.pl,https://rocketjobs.pl/oferta-pracy/klient-rocketjobs-pl-specjalista-ds-obslugi-klienta-jelenia-gora-sales-uslugi-profesjonalne-fbb82a2d,2026-09-03,sprzedaż
klient RocketJobs.pl,disqualified,91.0,Specjalista ds. Obsługi Klienta,customer_service,41,junior_ramp,Sierpc,office,,junior,rocketjobs.pl,https://rocketjobs.pl/oferta-pracy/klient-rocketjobs-pl-specjalista-ds-obslugi-klienta-sierpc-sales-uslugi-profesjonalne,2026-07-21,prawo jazdy kat. B
klient RocketJobs.pl,disqualified,91.0,Specjalista ds. Obsługi Klienta,customer_service,41,junior_ramp,Katowice,office,,junior,rocketjobs.pl,https://rocketjobs.pl/oferta-pracy/klient-rocketjobs-pl-specjalista-ds-obslugi-klienta-katowice-sales-uslugi-profesjonalne-807d6b53,2026-09-02,sprzedaż
klient RocketJobs.pl,disqualified,91.0,Specjalista ds. Obsługi Klienta,customer_service,41,junior_ramp,Rybnik,office,,junior,rocketjobs.pl,https://rocketjobs.pl/oferta-pracy/klient-rocketjobs-pl-specjalista-ds-obslugi-klienta-rybnik-sales-uslugi-profesjonalne-85726aa3,2026-09-02,sprzedaż
klient RocketJobs.pl,disqualified,91.0,Specjalista ds. Obsługi Klienta,customer_service,41,junior_ramp,Przeworsk,office,,junior,rocketjobs.pl,https://rocketjobs.pl/oferta-pracy/klient-rocketjobs-pl-specjalista-ds-obslugi-klienta-przeworsk-sales-uslugi-profesjonalne-d4301b6e,2026-09-02,prawo jazdy kat. B
klient RocketJobs.pl,disqualified,91.0,Specjalista ds. Obsługi Klienta,customer_service,41,junior_ramp,Olkusz,office,,junior,rocketjobs.pl,https://rocketjobs.pl/oferta-pracy/klient-rocketjobs-pl-specjalista-ds-obslugi-klienta-olkusz-sales-uslugi-profesjonalne,2026-09-02,sprzedaż
klient RocketJobs.pl,disqualified,91.0,Specjalista ds. Obsługi Klienta,customer_service,35,,Grajewo,office,,mid,rocketjobs.pl,https://rocketjobs.pl/oferta-pracy/klient-rocketjobs-pl-specjalista-ds-obslugi-klienta-grajewo-sales-uslugi-profesjonalne,2026-09-17,sprzedaż
klient RocketJobs.pl,disqualified,91.0,Specjalista ds. Obsługi Klienta,customer_service,35,,Białystok,hybrid,,mid,rocketjobs.pl,https://rocketjobs.pl/oferta-pracy/klient-rocketjobs-pl-specjalista-ds-obslugi-klienta-bialystok-sales-finanse-bankowosc-ubezpieczenia,2026-09-08,sprzedaż
klient RocketJobs.pl,disqualified,91.0,Specjalista ds. Obsługi Klienta,customer_service,35,,Wrocław,office,,mid,rocketjobs.pl,https://rocketjobs.pl/oferta-pracy/klient-rocketjobs-pl-specjalista-ds-obslugi-klienta-wroclaw-sales-uslugi-profesjonalne-10f87e10,2026-09-16,sprzedaż
klient RocketJobs.pl,disqualified,91.0,Specjalista ds. Obsługi Klienta,customer_service,35,,Pułtusk,office,,mid,rocketjobs.pl,https://rocketjobs.pl/oferta-pracy/klient-rocketjobs-pl-specjalista-ds-obslugi-klienta-pultusk-sales-uslugi-profesjonalne,2026-09-08,sprzedaż
klient RocketJobs.pl,disqualified,91.0,Specjalista ds. Obsługi Klienta,customer_service,35,,Grójec,office,,mid,rocketjobs.pl,https://rocketjobs.pl/oferta-pracy/klient-rocketjobs-pl-specjalista-ds-obslugi-klienta-grojec-sales-uslugi-profesjonalne,2026-09-08,sprzedaż
klient RocketJobs.pl,disqualified,91.0,Specjalista ds. Obsługi Klienta,customer_service,35,,Limanowa,office,,mid,rocketjobs.pl,https://rocketjobs.pl/oferta-pracy/klient-rocketjobs-pl-specjalista-ds-obslugi-klienta-limanowa-sales-uslugi-profesjonalne,2026-09-15,sprzedaż
klient RocketJobs.pl,disqualified,91.0,Specjalista ds. Obsługi Klienta,customer_service,35,,Kraków,office,,mid,rocketjobs.pl,https://rocketjobs.pl/oferta-pracy/klient-rocketjobs-pl-specjalista-ds-obslugi-klienta-krakow-sales-uslugi-profesjonalne,2026-09-15,sprzedaż
klient RocketJobs.pl,disqualified,91.0,Specjalista ds. Obsługi Klienta,customer_service,35,,Dzierżonów,office,,mid,rocketjobs.pl,https://rocketjobs.pl/oferta-pracy/klient-rocketjobs-pl-specjalista-ds-obslugi-klienta-dzierzonow-sales-uslugi-profesjonalne,2026-09-15,sprzedaż
Level Work,qualified,91.0,Konsultant telefoniczny-100% zdalnie (k/m),telesales_callcenter,100,phone|remote|junior_ramp,Warszawa,remote,5270-8200 PLN/month mandate_contract,junior,rocketjobs.pl,https://rocketjobs.pl/oferta-pracy/level-work-konsultant-telefoniczny-100-zdalnie-k-m--warszawa-sales-wyposazenie-domu-9cf66cf7,2026-08-25,"język polski, komunikatywność"
Level Work,qualified,91.0,Business Development Manager (K/M),ae_b2b_saas,84,b2b_inbound_outbound,Poznań,mobile,,senior,rocketjobs.pl,https://rocketjobs.pl/oferta-pracy/level-work-business-development-manager-k-m--poznan-sales-uslugi-profesjonalne-9f1c3709,2026-09-03,"sprzedaż B2B, zarządzanie sprzedażą, sprzedaż"
Level Work,qualified,91.0,Kierownik Oddziału – Sprzedaż Techniczna B2B (K/M),ae_b2b_saas,84,b2b_inbound_outbound,Lublin,office,10000-11000 PLN/month permanent,manager,rocketjobs.pl,https://rocketjobs.pl/oferta-pracy/level-work-kierownik-oddzialu---sprzedaz-techniczna-b2b-k-m--lublin-sales-it-i-telekomunikacja,2026-09-03,"sprzedaz, sprzedaż B2B, zarządzanie sprzedażą"
Level Work,qualified,91.0,Specjalista / Specjalistka ds. Sprzedaży B2B 🚀,ae_b2b_saas,84,b2b_inbound_outbound,Warszawa,office,7000-10000 PLN/month b2b,mid,rocketjobs.pl,https://rocketjobs.pl/oferta-pracy/level-work-specjalista-specjalistka-ds-sprzedazy-b2b--warszawa-sales-uslugi-profesjonalne,2026-09-18,"B2B, sprzedaż B2B, sprzedaż"
Level Work,qualified,91.0,Kierownik Oddziału – Sprzedaż Techniczna B2B (K/M),ae_b2b_saas,84,b2b_inbound_outbound,Poznań,office,10000-11000 PLN/month permanent,manager,rocketjobs.pl,https://rocketjobs.pl/oferta-pracy/level-work-kierownik-oddzialu---sprzedaz-techniczna-b2b-k-m--poznan-sales-it-i-telekomunikacja,2026-09-01,"sprzedaz, sprzedaż B2B, zarządzanie sprzedażą"
Level Work,qualified,91.0,Lider / Liderka Zespołu Sprzedaży B2B,sales_leadership,74,b2b_inbound_outbound,Warszawa,office,8000-12000 PLN/month b2b,manager,rocketjobs.pl,https://rocketjobs.pl/oferta-pracy/level-work-lider-liderka-zespolu-sprzedazy-b2b-warszawa-sales-uslugi-profesjonalne,2026-08-31,"sprzedaż B2B, Koordynowanie"
Level Work,qualified,91.0,🚀 Key Account Manager,account_mgmt,59,b2b_inbound_outbound,Warszawa,hybrid,13000-15000 PLN/month permanent,mid,rocketjobs.pl,https://rocketjobs.pl/oferta-pracy/level-work--key-account-manager-warszawa-sales-energia-srodowisko-62c24534,2026-08-19,"sprzedaż, sprzedaż B2B, nawiązywanie relacji, zarządzanie kluczowymi klientami, KAM, budowanie długofalowych relacji biznesowych, Finalizowanie sprzedaży"
Level Work,qualified,91.0,Specjalista / Konsultant Techniczno-handlowy (K/M),generic_sales,50,,Łódź,office,8000-9500 PLN/month permanent,mid,rocketjobs.pl,https://rocketjobs.pl/oferta-pracy/level-work-specjalista-konsultant-techniczno-handlowy-k-m--lodz-sales-inne,2026-09-29,"prawo jazdy kat. B, doradztwo, Microsoft Office, konsultant"
Level Work,qualified,91.0,Specjalista / Konsultant Techniczno-handlowy (K/M),generic_sales,50,,Wrocław,office,8000-9500 PLN/month permanent,mid,rocketjobs.pl,https://rocketjobs.pl/oferta-pracy/level-work-specjalista-konsultant-techniczno-handlowy-k-m--wroclaw-sales-inne,2026-09-03,"prawo jazdy kat. B, doradztwo, Microsoft Office, konsultant"
Level Work,qualified,91.0,Asystent / Asystentka ds. Obsługi Klienta i Wsparcia Sprzedaży (M/K),customer_service,41,junior_ramp,Warszawa,office,5000-6000 PLN/month permanent,junior,rocketjobs.pl,https://rocketjobs.pl/oferta-pracy/level-work-asystent-asystentka-ds-obslugi-klienta-i-wsparcia-sprzedazy-m-k--warszawa-sales-inne,2026-09-24,obsługa klienta
Leyton Poland sp. z o.o.,qualified,88.3,Specjalista ds. Sprzedaży Telefonicznej (k/m/n),telesales_callcenter,100,phone|b2b_inbound_outbound,Warszawa,office,,mid,rocketjobs.pl,https://rocketjobs.pl/oferta-pracy/leyton-poland-sp-z-o-o--specjalista-ds-sprzedazy-telefonicznej-k-m-n--warszawa-sales-uslugi-profesjonalne,2026-08-20,"sprzedaż, sprzedaż B2B, obsługa klienta, telefoniczna obsługa klienta"
Leyton Poland sp. z o.o.,qualified,88.3,New Business Development Manager (k/m/n),sdr_bdr_inside,94,b2b_inbound_outbound,Katowice,mobile,,mid,rocketjobs.pl,https://rocketjobs.pl/oferta-pracy/leyton-poland-sp-z-o-o--new-business-development-manager-k-m-n--katowice-sales-uslugi-profesjonalne,2026-09-03,"sprzedaż B2B, prawo jazdy kat. B, prospecting"
Leyton Poland sp. z o.o.,qualified,88.3,Business Development Manager ds. Usług Efektywności Energetycznej (k/m/n),ae_b2b_saas,84,b2b_inbound_outbound,Warszawa,mobile,,mid,rocketjobs.pl,https://rocketjobs.pl/oferta-pracy/leyton-poland-sp-z-o-o--business-development-manager-ds-uslug-efektywnosci-energetycznej-k-m-n--warszawa-sales-uslugi-profesjonalne-feedb5ec,2026-09-03,"analiza, sprzedaż B2B"
Leyton Poland sp. z o.o.,qualified,88.3,Dyrektor/Dyrektorka Sprzedaży,sales_leadership,74,b2b_inbound_outbound,Warszawa,office,,c_level,rocketjobs.pl,https://rocketjobs.pl/oferta-pracy/leyton-poland-sp-z-o-o--dyrektor-dyrektorka-sprzedazy-warszawa-sales-uslugi-profesjonalne,2026-09-11,"sprzedaż, B2B, prawo jazdy kat. B, zarządzanie zespołem, zarządzanie sprzedażą"
Klient portalu Praca.pl,disqualified,87.6,Doradca / Doradczyni Klienta Biznesowego,high_ticket_b2c,96,video_calls|remote|junior_ramp,Warszawa,Zdalna,,Młodszy specjalista / młodsza specjalistka (junior) / specjalista / specjalistka (mid) / starszy specjalista / starsza specjalistka (senior),praca.pl,https://www.praca.pl/doradca-doradczyni-klienta-biznesowego_11505847.html,3 dni temu,"Aktywne pozyskiwanie nowych klientów z sektora MŚP. Budowanie relacji z właścicielami firm i osobami decyzyjnymi. Prowadzenie spotkań handlowych, prezentacji oraz negocjacji biznesowych. Analiza potrzeb klientów i przygotowywanie dopasowanych rozwiązań z zakresu usług mobilnych oraz ICT...."
Klient portalu Praca.pl,disqualified,87.6,Specjalista / Specjalistka ds. Sprzedaży OZE,high_ticket_b2c,90,video_calls|b2b_inbound_outbound,Łódź,Hybrydowa,10 000 - 25 000 zł netto (+VAT)/mies.,,praca.pl,https://www.praca.pl/specjalista-specjalistka-ds-sprzedazy-oze_11483302.html,wczoraj,"pozyskiwanie nowych klientów B2B i rozwijanie portfela klientów sprzedaż rozwiązań z obszaru odnawialnych źródeł energii oraz magazynów energii prowadzenie rozmów, spotkań i prezentacji handlowych przygotowywanie ofert odpowiadających potrzebom klientów prowadzenie klienta przez cały..."
Klient portalu Praca.pl,disqualified,87.6,Doradca / Doradczyni Klienta w Serwisie Samochodowym,high_ticket_b2c,86,junior_ramp,"Warszawa, Ursynów",Stacjonarna,7 000 - 12 000 zł brutto/mies.,Specjalista / specjalistka (mid) / starszy specjalista / starsza specjalistka (senior) / młodszy specjalista / młodsza specjalistka (junior),praca.pl,https://www.praca.pl/doradca-doradczyni-klienta-w-serwisie-samochodowym_11526172.html,20 godzin temu,"przyjmowanie samochodów do serwisu, rozpoznawanie potrzeb klientów i przygotowywanie zleceń napraw zgodnie ze standardami marki, aktywna sprzedaż usług serwisowych oraz akcesoriów, koordynowanie realizacji prac serwisowych i sprawdzanie ich zgodności ze zleceniami, wydawanie pojazdów po..."
Klient portalu Praca.pl,disqualified,87.6,Specjalista / Specjalistka ds. Sprzedaży - Branża ubezpieczeniowa,high_ticket_b2c,86,junior_ramp,Trójmiasto,Hybrydowa,5 000 - 15 000 zł netto (+VAT)/mies.,Młodszy specjalista / młodsza specjalistka (junior) / specjalista / specjalistka (mid),praca.pl,https://www.praca.pl/specjalista-specjalistka-ds-sprzedazy-branza-ubezpieczeniowa_11442361.html,4 dni temu,"budowanie i rozwijanie relacji z klientami, analiza potrzeb klientów oraz dobór odpowiednich rozwiązań ubezpieczeniowych, prowadzenie rozmów sprzedażowych i prezentowanie ofert, rozwijanie własnej bazy klientów, dbanie o wysoką jakość obsługi oraz długofalową współpracę, realizacja..."
Klient portalu Praca.pl,disqualified,87.6,Agent / Agentka ds. Sprzedaży Nieruchomości,high_ticket_b2c,86,junior_ramp,Warszawa,,,Specjalista / specjalistka (mid) / młodszy specjalista / młodsza specjalistka (junior) / starszy specjalista / starsza specjalistka (senior),praca.pl,https://www.praca.pl/agent-agentka-ds-sprzedazy-nieruchomosci_11520856.html,6 dni temu,Prowadzenie klientów przez proces sprzedaży lub wynajmu nieruchomości – od pierwszego kontaktu aż do przygotowania dokumentacji. Rozwijanie bazy klientów poprzez aktywne pozyskiwanie zleceń i budowanie relacji biznesowych. Analizowanie dostępnych ofert i wyszukiwanie nieruchomości...
Klient portalu Praca.pl,disqualified,87.6,Ekspert / Ekspertka ds. Transakcji Nieruchomości,high_ticket_b2c,86,video_calls,Warszawa,Stacjonarna,,Specjalista / specjalistka (mid) / starszy specjalista / starsza specjalistka (senior) / ekspert / ekspertka,praca.pl,https://www.praca.pl/ekspert-ekspertka-ds-transakcji-nieruchomosci_11439943.html,10 dni temu,"kompleksowa obsługa procesów sprzedaży, dzierżawy i wynajmu nieruchomości, aktywne poszukiwanie klientów i zainteresowanych transakcjami, przygotowywanie i prezentowanie ofert oraz organizowanie prezentacji nieruchomości, prowadzenie negocjacji pomiędzy stronami transakcji, koordynowanie..."
Klient portalu Praca.pl,disqualified,87.6,Doradczyni / Doradca ds. Sprzedaży Nieruchomości,high_ticket_b2c,80,,Wrocław,,5 000 - 25 000 zł / mies. (w zal. od umowy),Specjalista / specjalistka (mid) / starszy specjalista / starsza specjalistka (senior),praca.pl,https://www.praca.pl/doradczyni-doradca-ds-sprzedazy-nieruchomosci_11484493.html,wczoraj,"Aktywne pozyskiwanie i obsługa klientów zainteresowanych kupnem, sprzedażą lub wynajmem nieruchomości. Przygotowywanie i profesjonalne prezentowanie ofert nieruchomości. Prowadzenie negocjacji z klientami. Przygotowywanie i kompletowanie dokumentacji związanej z transakcjami. Budowanie i..."
Klient portalu Praca.pl,disqualified,87.6,Doradczyni / Doradca ds. Sprzedaży Usług Serwisowych,high_ticket_b2c,80,,Warszawa,Stacjonarna,,,praca.pl,https://www.praca.pl/doradczyni-doradca-ds-sprzedazy-uslug-serwisowych_11515432.html,8 dni temu,"aktywne pozyskiwanie klientów i umów serwisowych dotyczących serwisu, przeglądów oraz modernizacji instalacji teletechnicznych, takich jak SSP, DSO, SKD, CCTV i SSWiN, sprzedaż nowych instalacji teletechnicznych, prowadzenie negocjacji i ustalanie warunków handlowych, budowanie i rozwijanie..."
Klient portalu Praca.pl,disqualified,87.6,Doradczyni / Doradca Handlowy z j. niemieckim,high_ticket_b2c,80,,Strzelce Opolskie,Mobilna,,,praca.pl,https://www.praca.pl/doradczyni-doradca-handlowy-z-j-niemieckim_11449069.html,wczoraj,"Obsługa i rozwój współpracy z kluczowymi klientami na rynku niemieckim. Aktywne pozyskiwanie nowych klientów oraz rozwijanie bazy kontaktów biznesowych. Realizacja założonych celów sprzedażowych. Prezentowanie i sprzedaż produktów z obszaru materiałów budowlanych i wykończeniowych,..."
Klient portalu Praca.pl,disqualified,87.6,Dyrektor / Dyrektorka Sprzedaży Hotelu,sales_leadership,76,junior_ramp,Kołobrzeg,Stacjonarna,,,praca.pl,https://www.praca.pl/dyrektor-dyrektorka-sprzedazy-hotelu_11513587.html,9 dni temu,"Stworzenie i wdrożenie strategii sprzedaży hotelu na etapie przygotowania do otwarcia. Budowanie bazy klientów, partnerów biznesowych i kanałów sprzedaży od podstaw. Rozwijanie pipeline’u sprzedażowego oraz przygotowanie planów działań wspierających start obiektu. Pozyskiwanie..."
Klient portalu Praca.pl,disqualified,87.6,Specjalista ds. sprzedaży – transport kolejowy / intermodalny,sales_specialist,66,junior_ramp,Gdynia,Stacjonarna,,Ekspert / ekspertka / starszy specjalista / starsza specjalistka (senior) / specjalista / specjalistka (mid) / młodszy specjalista / młodsza specjalistka (junior),praca.pl,https://www.praca.pl/specjalista-ds-sprzedazy-transport-kolejowy-intermodalny_11539339.html,wczoraj,"aktywne pozyskiwanie nowych klientów, sprzedaż miejsc na pociągach intermodalnych, rozwijanie współpracy z firmami transportowymi, spedycjami i operatorami logistycznymi, przygotowywanie ofert handlowych i prowadzenie negocjacji, utrzymywanie relacji z obecnymi klientami, monitorowanie rynku..."
Klient portalu Praca.pl,disqualified,87.6,Specjalista / Specjalistka ds. Sprzedaży,sales_specialist,66,junior_ramp,Wrocław,Stacjonarna,,Specjalista / specjalistka (mid) / młodszy specjalista / młodsza specjalistka (junior),praca.pl,https://www.praca.pl/specjalista-specjalistka-ds-sprzedazy_11496037.html,12 dni temu,Firma zajmuje się budową nowoczesnych domów z prefabrykatów i poszukuje pracownika do wsparcia procesu pozyskiwania nowych klientów. Do głównych zadań należy nawiązywanie kontaktów z potencjalnymi klientami oraz prowadzenie profesjonalnej obsługi przedsprzedażowej. Rola obejmuje...
Klient portalu Praca.pl,disqualified,87.6,Specjalista / Specjalistka ds. Sprzedaży Usług TSL z językiem francuskim,sales_specialist,60,,Warszawa,Mobilna,8 000 - 10 000 zł / mies. (w zal. od umowy),,praca.pl,https://www.praca.pl/specjalista-specjalistka-ds-sprzedazy-uslug-tsl-z-jezykiem-francuskim_11424085.html,7 dni temu,"Aktywne pozyskiwanie partnerów biznesowych oraz rozwijanie portfela klientów w segmencie transportu i spedycji na rynkach europejskich (głównie Francja i Wielka Brytania). Przygotowywanie kalkulacji cenowych, ofert przetargowych oraz prowadzenie kluczowych negocjacji handlowych. Budowanie..."
Klient portalu Praca.pl,disqualified,87.6,Specjalista ds. Marketingu i Sprzedaży / Specjalistka ds. Marketingu i Sprzedaży,generic_sales,56,junior_ramp,Płock,Stacjonarna,"4 806,00 - 7 000,00 zł brutto/godz.",Specjalista / specjalistka (mid) / młodszy specjalista / młodsza specjalistka (junior) / starszy specjalista / starsza specjalistka (senior),praca.pl,https://www.praca.pl/specjalista-ds-marketingu-i-sprzedazy-specjalistka-ds-marketingu-i-sprzedazy_11524261.html,2 godziny temu,Tworzenie i realizacja strategii marketingowej oraz promocja marki w mediach społecznościowych. Dobór optymalnych rozwiązań dopasowanych do potrzeb klientów. Realizacja celów sprzedażowych i planowanie aktywności rynkowych. Pozyskiwanie klientów oraz doradztwo w zakresie sprzedaży usług...
Klient portalu Praca.pl,disqualified,87.6,Key Account Manager / Managerka,account_mgmt,55,,Płońsk,Stacjonarna,10 000 zł brutto/mies.,Specjalista / specjalistka (mid) / starszy specjalista / starsza specjalistka (senior),praca.pl,https://www.praca.pl/key-account-manager-managerka_11507104.html,10 dni temu,"Rozbudowa bazy klientów strategicznych poprzez identyfikację podmiotów o wysokim zapotrzebowaniu na wyroby poligraficzne. Budowanie długotrwałych, partnerskich relacji handlowych opartych na zaufaniu i doradztwie technologicznym. Dobór optymalnych technologii druku i materiałów w..."
Klient portalu Praca.pl,disqualified,87.6,Sales Team Manager / Managerka,generic_sales,55,script_crm,Warszawa,Stacjonarna,,,praca.pl,https://www.praca.pl/sales-team-manager-managerka_11449006.html,23 godzin temu,Nadzorowanie codziennej pracy zespołu sprzedażowego i kontrolowanie poprawności wprowadzanych danych w systemie CRM. Śledzenie stopnia realizacji targetów handlowych oraz weryfikowanie kompletności raportów przygotowywanych przez konsultantów. Inicjowanie działań naprawczych i...
Klient portalu Praca.pl,disqualified,87.6,Inżynier / Inżynierka ds. Wsparcia Sprzedaży,generic_sales,54,b2b_inbound_outbound,Warszawa,Hybrydowa,,,praca.pl,https://www.praca.pl/inzynier-inzynierka-ds-wsparcia-sprzedazy_11491183.html,4 dni temu,"Kalkulacja kosztów roboczogodzin, części, materiałów i usług zewnętrznych dla zleceń MRO; Przygotowywanie pakietów ofertowych oraz rejestracja zapytań RFQ i zamówień od klientów B2B; Współpraca z działami technicznymi i planowania w zakresie terminów, harmonogramów oraz..."
Klient portalu Praca.pl,disqualified,87.6,Specjalistka / Specjalista ds. Ofert Handlowych,generic_sales,50,,Będzin,Stacjonarna,6 850 - 11 250 zł brutto/mies.,,praca.pl,https://www.praca.pl/specjalistka-specjalista-ds-ofert-handlowych_11527414.html,wczoraj,"Udział w procesie zakupowym według strategii firmy, Pozyskiwanie ofert dla projektów, Tworzenie tabel porównawczych ofert, Prowadzenie negocjacji cenowych z dostawcami i podwykonawcami, Przygotowanie zleceń i umów handlowych, Optymalizacja procesów zakupowych, Współpraca z działami..."
Klient portalu Praca.pl,disqualified,87.6,Sales Performance Manager,generic_sales,50,,Warszawa,Stacjonarna,,,praca.pl,https://www.praca.pl/sales-performance-manager_11448997.html,23 godzin temu,"Będziesz blisko Zespołu i jego codziennej pracy. Do Twoich zadań będzie należało m.in.: udział w budowaniu celów, planów, kontrolowanie planowania pracy Zespołu, monitorowanie liczby i realizacji spotkań, monitorowanie liczby pozyskiwanych kontaktów i nowych szans sprzedażowych,..."
Telbridge sp. z o.o. sp.k.,qualified,87.1,Konsultant telefoniczny (K/M).Obsługa Klientów operatora sieci komórkowej.,telesales_callcenter,100,phone|junior_ramp,Toruń,office,,junior,rocketjobs.pl,https://rocketjobs.pl/oferta-pracy/telbridge-sp-z-o-o-sp-k--konsultant-telefoniczny-k-m-obsluga-klientow-operatora-sieci-komorkowej--torun-sales-it-i-telekomunikacja-e6d8bdb2,2026-09-18,"komunikatywność, postawa prokliencka"
Telbridge sp. z o.o. sp.k.,qualified,87.1,Konsultant Telefoniczny (K/M),telesales_callcenter,100,phone|junior_ramp,Radom,office,5275-5611 PLN/hour mandate_contract,junior,rocketjobs.pl,https://rocketjobs.pl/oferta-pracy/telbridge-sp-z-o-o-sp-k--konsultant-telefoniczny-k-m--radom-sales-finanse-bankowosc-ubezpieczenia,2026-09-22,"komunikatywność, podstawowa obsługa komputera"
Telbridge sp. z o.o. sp.k.,qualified,87.1,Telefoniczny Doradca Klienta operatora sieci komórkowej (K/M),telesales_callcenter,100,phone|junior_ramp,Toruń,office,,junior,rocketjobs.pl,https://rocketjobs.pl/oferta-pracy/telbridge-sp-z-o-o-sp-k--telefoniczny-doradca-klienta-operatora-sieci-komorkowej-k-m--torun-sales-it-i-telekomunikacja,2026-09-16,"komunikatywność, postawa prokliencka, umiejętność aktywnego słuchania, umiejętność analizwania informacji, obsługa komputera"
Telbridge sp. z o.o. sp.k.,qualified,87.1,Konsultant/ka ds. telefonicznej sprzedaży ubezpieczeń,telesales_callcenter,100,phone|junior_ramp,Radom,office,5275-5611 PLN/hour mandate_contract,junior,rocketjobs.pl,https://rocketjobs.pl/oferta-pracy/telbridge-sp-z-o-o-sp-k--konsultant-ka-ds-telefonicznej-sprzedazy-ubezpieczen-radom-sales-finanse-bankowosc-ubezpieczenia,2026-09-16,"komunikatywność, podstawowa obsługa komputera"
Telbridge sp. z o.o. sp.k.,qualified,87.1,Konsultant telefoniczny (K/M). Obsługa Klientów operatora sieci komórkowej.,telesales_callcenter,100,phone|junior_ramp,Toruń,office,,junior,rocketjobs.pl,https://rocketjobs.pl/oferta-pracy/telbridge-sp-z-o-o-sp-k--konsultant-telefoniczny-k-m-obsluga-klientow-operatora-sieci-komorkowej--torun-sales-it-i-telekomunikacja,2026-09-15,"komunikatywność, obsługa klienta, postawa prokliencka, umiejętność aktywnego słuchania, Umiejętność badania potrzeb klienta"
Telbridge sp. z o.o. sp.k.,qualified,87.1,Konsultant/ka ds. sprzedaży,generic_sales,56,junior_ramp,Olsztyn,office,4806-6800 PLN/month mandate_contract,junior,rocketjobs.pl,https://rocketjobs.pl/oferta-pracy/telbridge-sp-z-o-o-sp-k--konsultant-ka-ds-sprzedazy-olsztyn-sales-it-i-telekomunikacja-1e988a50,2026-09-07,"obsługa komputera, nastawienie na cel, komunikatywność, poprawna dykcja"
Telbridge sp. z o.o. sp.k.,qualified,87.1,Konsultant/Konsultantka. Wsparcie klienta w zakupie ofert operatora sieci komórkowej. Infolinia.,customer_service,41,junior_ramp,Toruń,office,,junior,rocketjobs.pl,https://rocketjobs.pl/oferta-pracy/telbridge-sp-z-o-o-sp-k--konsultant-konsultantka-wsparcie-klienta-w-zakupie-ofert-operatora-sieci-komorkowej-infolinia--torun-sales-it-i-telekomunikacja-9a704c09,2026-09-23,"komunikatywność, postawa prokliencka, obsługa komputera"
LeadTok sp. z o.o.,qualified,86.7,Junior Sales Development Representative (cold calling),sdr_bdr_inside,100,phone|remote|junior_ramp|b2b_inbound_outbound,Warszawa,remote,5000-15000 PLN/month b2b,junior,rocketjobs.pl,https://rocketjobs.pl/oferta-pracy/leadtok-sp-z-o-o--junior-sales-development-representative-cold-calling--warszawa-sales-marketing-reklama-media,2026-05-19,"sprzedaż B2B, sprzedaż, komunikatywność"
LeadTok sp. z o.o.,qualified,86.7,Senior New Business Manager,sdr_bdr_inside,98,remote|b2b_inbound_outbound,Warszawa,remote,10000-25000 PLN/month b2b,senior,rocketjobs.pl,https://rocketjobs.pl/oferta-pracy/leadtok-sp-z-o-o--senior-new-business-manager-warszawa-sales-marketing-reklama-media,2026-07-06,"sprzedaż B2B, sprzedaż, samodzielność, komunikatywność"
LeadTok sp. z o.o.,qualified,86.7,Dyrektor sprzedaży,sales_leadership,78,remote|b2b_inbound_outbound,Warszawa,remote,11000-25000 PLN/month b2b,c_level,rocketjobs.pl,https://rocketjobs.pl/oferta-pracy/leadtok-sp-z-o-o--dyrektor-sprzedazy-warszawa-sales-marketing-reklama-media,2026-07-06,"sprzedaż B2B, sprzedaż, zarządzanie sprzedażą"
EduGO P.S.A.,qualified,85.2,Konsultant(ka) Call Center,telesales_callcenter,100,phone|remote,Szczecin,remote,4806-10000 PLN/month mandate_contract,mid,rocketjobs.pl,https://rocketjobs.pl/oferta-pracy/edugo-p-s-a--konsultant-ka-call-center-szczecin-sales-inne,2026-07-30,obsługa klienta
EduGO P.S.A.,qualified,85.2,Praca zdalna w Call Center edukacyjnym - zacznij już 25.08 ,telesales_callcenter,100,phone|remote,Zielona Góra,remote,4806-10000 PLN/month mandate_contract,mid,rocketjobs.pl,https://rocketjobs.pl/oferta-pracy/edugo-p-s-a--praca-zdalna-w-call-center-edukacyjnym---zacznij-juz-25-08--zielona-gora-sales-inne,2026-08-20,"obsługa klienta, sprzedaż"
EduGO P.S.A.,qualified,85.2,Zacznij pracę w Call Center edukacyjnym - ruszamy 24.09,telesales_callcenter,100,phone|remote|junior_ramp,Rzeszów,remote,4806-10000 PLN/month mandate_contract,junior,rocketjobs.pl,https://rocketjobs.pl/oferta-pracy/edugo-p-s-a--zacznij-prace-w-call-center-edukacyjnym---ruszamy-24-09-rzeszow-sales-inne,2026-09-16,"obsługa klienta, sprzedaż"
EduGO P.S.A.,qualified,85.2,Rozmawiaj z rodzicami na temat edukacji ich dzieci - zdalna praca w Call Center!,telesales_callcenter,100,phone|remote,Zielona Góra,remote,4806-10000 PLN/month mandate_contract,mid,rocketjobs.pl,https://rocketjobs.pl/oferta-pracy/edugo-p-s-a--rozmawiaj-z-rodzicami-na-temat-edukacji-ich-dzieci---zdalna-praca-w-call-center--zielona-gora-sales-inne,2026-08-14,obsługa klienta
EduGO P.S.A.,qualified,85.2,Dzwoń do rodziców umawiając na lekcje pokazowe - firma edukacyjna,high_ticket_b2c,100,phone|remote|junior_ramp,Warszawa,remote,4806-10000 PLN/month mandate_contract,junior,rocketjobs.pl,https://rocketjobs.pl/oferta-pracy/edugo-p-s-a--dzwon-do-rodzicow-umawiajac-na-lekcje-pokazowe---firma-edukacyjna-warszawa-sales-inne,2026-07-29,obsługa klienta
EduGO P.S.A.,qualified,85.2,"Powiększamy Call Center - praca w 100% zdalna, bez sprzedaży",telesales_callcenter,100,phone|remote|junior_ramp,Bytom,remote,4806-10000 PLN/month mandate_contract,junior,rocketjobs.pl,https://rocketjobs.pl/oferta-pracy/edugo-p-s-a--powiekszamy-call-center---praca-w-100-zdalna-bez-sprzedazy-bytom-sales-inne,2026-09-30,"obsługa klienta, sprzedaż"
EduGO P.S.A.,qualified,85.2,Praca z własnego fotela: Konsultant Telefoniczny / Konsultantka Telefoniczna,telesales_callcenter,100,phone|remote,Kraków,remote,4806-10000 PLN/month mandate_contract,mid,rocketjobs.pl,https://rocketjobs.pl/oferta-pracy/edugo-p-s-a--praca-z-wlasnego-fotela-konsultant-telefoniczny-konsultantka-telefoniczna-krakow-sales-inne,2026-07-23,obsługa klienta
EduGO P.S.A.,qualified,85.2,Pracuj wygodnie z domu - Call Center w 100% zdalnie,telesales_callcenter,100,phone|remote|junior_ramp,Warszawa,remote,4806-10000 PLN/month mandate_contract,junior,rocketjobs.pl,https://rocketjobs.pl/oferta-pracy/edugo-p-s-a--pracuj-wygodnie-z-domu---call-center-w-100-zdalnie-warszawa-sales-inne-2ddfa85e,2026-09-09,"obsługa klienta, sprzedaż"
EduGO P.S.A.,qualified,85.2,"Budujemy call center edukacyjne - pracuj z domu, już od 8.10",telesales_callcenter,100,phone|remote,Częstochowa,remote,4806-10000 PLN/month mandate_contract,mid,rocketjobs.pl,https://rocketjobs.pl/oferta-pracy/edugo-p-s-a--budujemy-call-center-edukacyjne---pracuj-z-domu-juz-od-8-10-czestochowa-sales-inne,2026-10-03,"obsługa klienta, sprzedaż"
EduGO P.S.A.,qualified,85.2,Call center - prosta praca zdalna przy atrakcyjnym produkcie edukacyjnym,telesales_callcenter,100,phone|remote|junior_ramp,Kraków,remote,4806-10000 PLN/month mandate_contract,junior,rocketjobs.pl,https://rocketjobs.pl/oferta-pracy/edugo-p-s-a--call-center---prosta-praca-zdalna-przy-atrakcyjnym-produkcie-edukacyjnym-krakow-sales-inne,2026-07-22,obsługa klienta
EduGO P.S.A.,qualified,85.2,Zacznij pracę w Call Center edukacyjnym - ruszamy 8 października,telesales_callcenter,100,phone|remote|junior_ramp,Rzeszów,remote,4806-10000 PLN/month mandate_contract,junior,rocketjobs.pl,https://rocketjobs.pl/oferta-pracy/edugo-p-s-a--zacznij-prace-w-call-center-edukacyjnym---ruszamy-8-pazdziernika-rzeszow-sales-inne,2026-09-29,"obsługa klienta, sprzedaż"
EduGO P.S.A.,qualified,85.2,Praca zdalna w Call Center edukacyjnym,telesales_callcenter,100,phone|remote,Białystok,remote,4806-10000 PLN/month mandate_contract,mid,rocketjobs.pl,https://rocketjobs.pl/oferta-pracy/edugo-p-s-a--praca-zdalna-w-call-center-edukacyjnym-bialystok-sales-inne,2026-08-27,"obsługa klienta, sprzedaż"
EduGO P.S.A.,qualified,85.2,Młodszy(a) Specjalist(k)a ds. Sprzedaży - 100% zdalnie - wystarczy jakiekolwiek doświadczenie w telefonicznej obsłudze klienta,telesales_callcenter,100,phone|remote|junior_ramp,Kraków,remote,4806-10000 PLN/month mandate_contract,junior,rocketjobs.pl,https://rocketjobs.pl/oferta-pracy/edugo-p-s-a--mlodszy-a-specjalist-k-a-ds-sprzedazy---100-zdalnie---wystarczy-jakiekolwiek-doswiadczenie-w-telefonicznej-obsludze-klienta-krakow-sales-inne,2026-07-19,obsługa klienta
EduGO P.S.A.,qualified,85.2,Pracuj z własnego fotela - Konsultant(ka) call center - praca od zaraz,telesales_callcenter,100,phone|remote,Wrocław,remote,4806-10000 PLN/month mandate_contract,mid,rocketjobs.pl,https://rocketjobs.pl/oferta-pracy/edugo-p-s-a--pracuj-z-wlasnego-fotela---konsultant-ka-call-center---praca-od-zaraz-wroclaw-sales-inne,2026-08-05,obsługa klienta
EduGO P.S.A.,qualified,85.2,Zdalna praca w Call Center edukacyjnym. Zacznij nawet 15.09!,telesales_callcenter,100,phone|remote|junior_ramp,Wrocław,remote,4806-10000 PLN/month mandate_contract,junior,rocketjobs.pl,https://rocketjobs.pl/oferta-pracy/edugo-p-s-a--zdalna-praca-w-call-center-edukacyjnym-zacznij-nawet-15-09--wroclaw-sales-inne,2026-09-10,"obsługa klienta, sprzedaż"
EduGO P.S.A.,qualified,85.2,Praca zdalna: dzwoń do klientów z branży edukacyjnej,high_ticket_b2c,94,phone|remote,Sopot,remote,4806-10000 PLN/month mandate_contract,mid,rocketjobs.pl,https://rocketjobs.pl/oferta-pracy/edugo-p-s-a--praca-zdalna-dzwon-do-klientow-z-branzy-edukacyjnej-sopot-sales-inne,2026-09-17,"obsługa klienta, sprzedaż"
EduGO P.S.A.,qualified,85.2,"Konsultant Edukacyjny / Konsultantka Edukacyjna - nie musisz mieć dużego doświadczenia, wszystkiego Cię nauczymy ",high_ticket_b2c,90,remote|junior_ramp,Częstochowa,remote,4806-10000 PLN/month mandate_contract,junior,rocketjobs.pl,https://rocketjobs.pl/oferta-pracy/edugo-p-s-a--konsultant-edukacyjny-konsultantka-edukacyjna---nie-musisz-miec-duzego-doswiadczenia-wszystkiego-cie-nauczymy--czestochowa-sales-inne,2026-09-24,"obsługa klienta, sprzedaż"
EduGO P.S.A.,qualified,85.2,Konsultacje edukacyjne - prosta i wygodna praca z domu,high_ticket_b2c,90,remote|junior_ramp,Wrocław,remote,4806-10000 PLN/month mandate_contract,junior,rocketjobs.pl,https://rocketjobs.pl/oferta-pracy/edugo-p-s-a--konsultacje-edukacyjne---prosta-i-wygodna-praca-z-domu-wroclaw-sales-inne,2026-07-31,obsługa klienta
EduGO,qualified,85.2,"Senior Sales Specialist - branża edukacyjna, zdalnie",high_ticket_b2c,89,remote|script_crm,Warszawa,remote,5500-9997 PLN/month permanent,senior,rocketjobs.pl,https://rocketjobs.pl/oferta-pracy/edugo-senior-sales-specialist---branza-edukacyjna-zdalnie-warszawa-sales-uslugi-profesjonalne,2026-10-02,"sprzedaż, CRM, Microsoft Office Excel, Google Sheets, Google Workspace"
EduGO P.S.A.,qualified,85.2,Oferuj usługi edukacyjne - praca w pełni zdalna!,high_ticket_b2c,84,remote,Bielsko-Biała,remote,4806-10000 PLN/month mandate_contract,mid,rocketjobs.pl,https://rocketjobs.pl/oferta-pracy/edugo-p-s-a--oferuj-uslugi-edukacyjne---praca-w-pelni-zdalna--bielsko-biala-sales-inne,2026-09-04,"obsługa klienta, sprzedaż"
EduGO P.S.A.,qualified,85.2,Pracuj z domu - Specjalista / Specjalistka ds. kontaktów z klientem (sektor edukacji),high_ticket_b2c,84,remote,Szczecin,remote,4806-10000 PLN/month mandate_contract,mid,rocketjobs.pl,https://rocketjobs.pl/oferta-pracy/edugo-p-s-a--pracuj-z-domu---specjalista-specjalistka-ds-kontaktow-z-klientem-sektor-edukacji--szczecin-sales-inne,2026-09-21,"obsługa klienta, sprzedaż"
EduGO P.S.A.,qualified,85.2,"Doradca / Doradczyni w firmie edukacyjnej - prosta praca zdalna, od zaraz!",high_ticket_b2c,84,remote,Wrocław,remote,4806-10000 PLN/month mandate_contract,mid,rocketjobs.pl,https://rocketjobs.pl/oferta-pracy/edugo-p-s-a--doradca-doradczyni-w-firmie-edukacyjnej---prosta-praca-zdalna-od-zaraz--wroclaw-sales-inne-4d6f2393,2026-09-29,obsługa klienta
EduGO P.S.A.,qualified,85.2,"Konsultant Edukacyjny / Konsultantka Edukacyjna - praca zdalna, możliwość rozpoczęcia już 10.09",high_ticket_b2c,84,remote,Bydgoszcz,remote,4806-10000 PLN/month mandate_contract,mid,rocketjobs.pl,https://rocketjobs.pl/oferta-pracy/edugo-p-s-a--konsultant-edukacyjny-konsultantka-edukacyjna---praca-zdalna-mozliwosc-rozpoczecia-juz-10-09-bydgoszcz-sales-inne,2026-09-07,"obsługa klienta, sprzedaż"
EduGO,qualified,85.2,Praca 100% online - Starszy Specjalista / Starsza Specjalistka ds. Sprzedaży,sales_specialist,75,video_calls|remote|script_crm,Warszawa,remote,5500-9997 PLN/month permanent,senior,rocketjobs.pl,https://rocketjobs.pl/oferta-pracy/edugo-praca-100-online---starszy-specjalista-starsza-specjalistka-ds-sprzedazy-warszawa-sales-uslugi-profesjonalne,2026-09-29,"sprzedaż, CRM, Microsoft Office Excel, Google Sheets, Google Workspace"
EduGO,qualified,85.2,Starszy Specjalista / Starsza Specjalistka ds. Sprzedaży,sales_specialist,69,remote|script_crm,Warszawa,remote,5500-9997 PLN/month permanent,senior,rocketjobs.pl,https://rocketjobs.pl/oferta-pracy/edugo-starszy-specjalista-starsza-specjalistka-ds-sprzedazy-warszawa-sales-uslugi-profesjonalne,2026-09-28,"sprzedaż, CRM, Microsoft Office Excel, Google Sheets, Google Workspace"
EduGO,qualified,85.2,"Dołącz do Nas!! Starszy Specjalista / Starsza Specjalistka ds. Sprzedaży, praca zdalna",sales_specialist,69,remote|script_crm,Warszawa,remote,5500-9997 PLN/month permanent,senior,rocketjobs.pl,https://rocketjobs.pl/oferta-pracy/edugo-dolacz-do-nas-starszy-specjalista-starsza-specjalistka-ds-sprzedazy-praca-zdalna-warszawa-sales-uslugi-profesjonalne,2026-09-30,"sprzedaż, CRM, Microsoft Office Excel, Google Sheets, Google Workspace"
EduGO P.S.A.,qualified,85.2,Praca z własnego fotela: Zdalny Konsultant ds. Obsługi Klienta (Stała podstawa + premie),customer_service,49,remote|junior_ramp|commission,Kraków,remote,4806-10000 PLN/month mandate_contract,junior,rocketjobs.pl,https://rocketjobs.pl/oferta-pracy/edugo-p-s-a--praca-z-wlasnego-fotela-zdalny-konsultant-ds-obslugi-klienta-stala-podstawa-premie--krakow-sales-it-i-telekomunikacja,2026-07-20,obsługa klienta
Antal Sp. z o.o.,disqualified,85.0,Inside Sales Specialist z językiem niemieckim,sdr_bdr_inside,90,,Warszawa,hybrid,,mid,rocketjobs.pl,https://rocketjobs.pl/oferta-pracy/antal-sp-z-o-o--inside-sales-specialist-z-jezykiem-niemieckim-warszawa-sales-it-i-telekomunikacja,2026-09-25,"obsługa klienta, sprzedaż, budowanie relacji"
Antal Sp. z o.o.,disqualified,85.0,Business Development Manager (K/M) branża Rent a Car,ae_b2b_saas,84,b2b_inbound_outbound,Warszawa,hybrid,,senior,rocketjobs.pl,https://rocketjobs.pl/oferta-pracy/antal-sp-z-o-o--business-development-manager-k-m-branza-rent-a-car-warszawa-sales-motoryzacja-transport,2026-09-25,"sprzedaż B2B, sprzedaż, negocjacje"
Antal Sp. z o.o.,disqualified,85.0,Senior Business Development Manager,ae_b2b_saas,80,,Warszawa,hybrid,,senior,rocketjobs.pl,https://rocketjobs.pl/oferta-pracy/antal-sp-z-o-o--senior-business-development-manager-warszawa-sales-it-i-telekomunikacja,2026-09-15,"sprzedaż, samodzielność, branża IT"
Antal Sp. z o.o.,disqualified,85.0,Sales Director,sales_leadership,74,b2b_inbound_outbound,Warszawa,hybrid,,senior,rocketjobs.pl,https://rocketjobs.pl/oferta-pracy/antal-sp-z-o-o--sales-director-warszawa-sales-it-i-telekomunikacja,2026-09-03,"zarządzanie zespołem, zarządzanie sprzedażą, sprzedaż, sprzedaż B2B"
Antal Sp. z o.o.,disqualified,85.0,Team Leader w zespole Rekrutacji IT i sprzedaży (K/M),sales_leadership,74,b2b_inbound_outbound,Wrocław,hybrid,,c_level,rocketjobs.pl,https://rocketjobs.pl/oferta-pracy/antal-sp-z-o-o--team-leader-w-zespole-rekrutacji-it-i-sprzedazy-k-m--wroclaw-sales-it-i-telekomunikacja,2026-09-07,"sprzedaż, account manager, rekrutacja, zarządzanie zespołem, zarządzanie sprzedażą"
Antal Sp. z o.o.,disqualified,85.0,Team Leader w zespole Sprzedaży i Rekrutacji IT (K/M),sales_leadership,74,b2b_inbound_outbound,Wrocław,hybrid,,c_level,rocketjobs.pl,https://rocketjobs.pl/oferta-pracy/antal-sp-z-o-o--team-leader-w-zespole-sprzedazy-i-rekrutacji-it-k-m--wroclaw-sales-it-i-telekomunikacja,2026-10-02,"sprzedaż, rekrutacja, zarządzanie zespołem"
Antal Sp. z o.o.,disqualified,85.0,Key Account Manager/Country Manager Niemcy,account_mgmt,59,b2b_inbound_outbound,Frankfurt am Main,hybrid,,senior,rocketjobs.pl,https://rocketjobs.pl/oferta-pracy/antal-sp-z-o-o--key-account-manager-country-manager-niemcy-frankfurt-am-main-sales-inzynieria-technika-produkcja,2026-09-22,"sprzedaż, samodzielność, sprzedaż B2B"
Antal Sp. z o.o.,disqualified,85.0,Key Account Manager/Country Manager Holandia,account_mgmt,59,b2b_inbound_outbound,Amsterdam,hybrid,,senior,rocketjobs.pl,https://rocketjobs.pl/oferta-pracy/antal-sp-z-o-o--key-account-manager-country-manager-holandia-amsterdam-sales-turystyka-hotelarstwo-catering,2026-09-21,"sprzedaż, sprzedaż B2B, branża FMCG"
Antal Sp. z o.o.,disqualified,85.0,Technical Sales Support Specialist with German,generic_sales,55,script_crm,Warszawa,hybrid,,mid,rocketjobs.pl,https://rocketjobs.pl/oferta-pracy/antal-sp-z-o-o--technical-sales-support-specialist-with-german-warszawa-sales-inzynieria-technika-produkcja,2026-10-01,"sprzedaż, obsługa klienta, CRM, ERP"
Antal,disqualified,85.0,Customer Care Representative with German (F/M),customer_service,35,,Warszawa,,10000.0-12000.0 PLN permanent,Mid,nofluffjobs.com,https://nofluffjobs.com/pl/job/customer-care-representative-with-german-f-m-antal-warszawa,2026-09-30,"Customer Service, Customer Care, Order management, ERP"
T-Mobile Polska S.A.,disqualified,83.6,Konsultant / Konsultantka ds. Telesprzedaży,telesales_callcenter,100,junior_ramp,Warszawa,Hybrydowa,,Młodszy specjalista / młodsza specjalistka (junior) / specjalista / specjalistka (mid) / starszy specjalista / starsza specjalistka (senior),praca.pl,https://www.praca.pl/konsultant-konsultantka-ds-telesprzedazy_11523964.html,5 dni temu,"Zadania, które na Ciebie czekają: Sprzedaż pełnej gamy produktów i usług świadczonych przez T-Mobile; Realizacja indywidualnych celów sprzedażowych, jakościowych i ilościowych; Odpowiedzialność za utrzymanie i rozwijanie bazy klientów; Pielęgnowanie posprzedażowych relacji z..."
T-Mobile Polska,disqualified,83.6,Konsultant / Konsultantka w Contact Center,telesales_callcenter,100,phone|junior_ramp,Łódź,,5 200 - 7 200 zł brutto/mies.,Młodszy specjalista / młodsza specjalistka (junior) / specjalista / specjalistka (mid),praca.pl,https://www.praca.pl/konsultant-konsultantka-w-contact-center_11483743.html,wczoraj,"Zadania, które na Ciebie czekają: Telefoniczna obsługa klientów (połączenia przychodzące oraz połączenia wychodzące) Udzielanie informacji zgodnie ze standardami T-Mobile oraz aktywna sprzedaż produktów i usług; Realizacja indywidulanych celów sprzedażowych, jakościowych i..."
T-Mobile Polska,disqualified,83.6,Konsultant / Konsultantka w Contact Center,telesales_callcenter,100,phone|junior_ramp,Warszawa,,5 200 - 7 200 zł brutto/mies.,Młodszy specjalista / młodsza specjalistka (junior) / specjalista / specjalistka (mid),praca.pl,https://www.praca.pl/konsultant-konsultantka-w-contact-center_11483749.html,wczoraj,"Zadania, które na Ciebie czekają: telefoniczna obsługa klientów (połączenia przychodzące oraz połączenia wychodzące) udzielanie informacji zgodnie ze standardami T-Mobile oraz aktywna sprzedaż produktów i usług; realizacja indywidulanych celów sprzedażowych, jakościowych i..."
T-Mobile Polska,disqualified,83.6,Doradca / Doradczyni ds. Pozyskiwania Klientów B2B,sdr_bdr_inside,100,remote|junior_ramp|b2b_inbound_outbound,Warszawa,Zdalna,,Młodszy specjalista / młodsza specjalistka (junior) / specjalista / specjalistka (mid) / starszy specjalista / starsza specjalistka (senior),praca.pl,https://www.praca.pl/doradca-doradczyni-ds-pozyskiwania-klientow-b2b_11505844.html,wczoraj,"Zadania, które na Ciebie czekają: Aktywne pozyskiwanie nowych klientów biznesowych; Docieranie do właścicieli firm i decydentów odpowiedzialnych za decyzje zakupowe; Prowadzenie rozmów handlowych, spotkań oraz negocjacji z klientami; Identyfikacja potrzeb biznesowych klienta i przygotowanie..."
T-Mobile Polska,disqualified,83.6,T Business - Business Development Manager - SDx & Cybersecurity Solutions,ae_b2b_saas,86,video_calls,Warszawa,Hybrydowa,,,praca.pl,https://www.praca.pl/t-business-business-development-manager-sdx-cybersecurity-solutions_11438944.html,6 dni temu,"Zadania, które na Ciebie czekają: Pozyskiwanie nowych klientów i aktywne rozwijanie sprzedaży usług w obszarach SDx oraz Cybersecurity; Samodzielne prowadzenie pełnego procesu sprzedaży – od prospektingu i identyfikacji potrzeb, przez spotkania i prezentacje, aż po negocjacje i..."
T-Mobile Polska S.A.,disqualified,83.6,Kierownik / Kierowniczka Zespołu Efektywności Sprzedaży - Dział Business Intelligence (Pion B2B),ae_b2b_saas,84,b2b_inbound_outbound,Warszawa,Hybrydowa,,Kierownik / kierowniczka / koordynator / koordynatorka,praca.pl,https://www.praca.pl/kierownik-kierowniczka-zespolu-efektywnosci-sprzedazy-dzial-business-intelligence-pion-b2b_11528308.html,3 dni temu,"Zadania, które na Ciebie czekają: zarządzanie zespołem analitycznym i organizacja jego pracy, definiowanie priorytetów, podział zadań oraz monitorowanie obciążenia zespołu, zapewnienie wysokiej jakości i terminowości realizowanych analiz, raportów i prognoz, wspieranie zespołu w..."
T-Mobile Polska,disqualified,83.6,T Business - Senior Business Development Manager – Microsoft Licensing & Solutions,ae_b2b_saas,80,,Warszawa,Hybrydowa,,,praca.pl,https://www.praca.pl/t-business-senior-business-development-manager-microsoft-licensing-solutions_11458825.html,wczoraj,"Zadania, które na Ciebie czekają: Rozwój biznesu Microsoft Budowanie i realizacja strategii rozwoju biznesu Microsoft we wszystkich segmentach rynku. Współpraca z zespołami sprzedaży w zakresie identyfikowania nowych możliwości biznesowych oraz budowania pipeline sprzedażowego. Tworzenie..."
T-Mobile Polska,disqualified,83.6,T Business - Key Account Manager - Reklama Mobilna,account_mgmt,61,video_calls,Warszawa,Hybrydowa,,,praca.pl,https://www.praca.pl/t-business-key-account-manager-reklama-mobilna_11501680.html,4 dni temu,"Zadania, które na Ciebie czekają: Aktywna sprzedaż kampanii Reklamy Mobilnej; Współpraca z Klientami oraz domami mediowymi; Realizacja założonych planów sprzedaży w powierzonych projektach; Aktywne pozyskiwanie nowych Klientów; Przygotowywanie i prowadzenie prezentacji handlowych;..."
T-Mobile Polska,disqualified,83.6,T Business - SAP Key Account Manager,account_mgmt,59,b2b_inbound_outbound,Warszawa,Hybrydowa,,,praca.pl,https://www.praca.pl/t-business-sap-key-account-manager_11447374.html,4 dni temu,"Zadania, które na Ciebie czekają: Aktywne pozyskiwanie i rozwój klientów B2B zainteresowanych rozwiązaniami SAP (m.in. S/4HANA, SAP Cloud, SAP Analytics, SAP CX). Budowanie i realizacja strategii rozwoju biznesu SAP w T‑Mobile Business Solutions. Prowadzenie procesów sprzedażowych..."
T-Mobile Polska,disqualified,83.6,T Business - Presales (Technologie Microsoft),generic_sales,54,b2b_inbound_outbound,Warszawa,Hybrydowa,,Specjalista / specjalistka (mid) / starszy specjalista / starsza specjalistka (senior),praca.pl,https://www.praca.pl/t-business-presales-technologie-microsoft_11498791.html,4 dni temu,"Zadania, które na Ciebie czekają: Wsparcie procesów sprzedażowych dla klientów biznesowych (B2B) w obszarze Microsoft 365, Copilot, AI, Modern Work oraz Security. Aktywne uczestnictwo w spotkaniach z klientami, identyfikowanie potrzeb biznesowych i technologicznych oraz definiowanie wartości..."
T-Mobile Polska,disqualified,83.6,T Business - Presales (Technologie Serwerowe / Storage),generic_sales,54,b2b_inbound_outbound,Warszawa,Hybrydowa,,Specjalista / specjalistka (mid) / starszy specjalista / starsza specjalistka (senior),praca.pl,https://www.praca.pl/t-business-presales-technologie-serwerowe-storage_11498782.html,4 dni temu,"Zadania, które na Ciebie czekają: Wsparcie procesów sprzedażowych dla klientów biznesowych (B2B) poprzez przygotowywanie konfiguracji oraz wycen rozwiązań infrastruktury IT. Analiza wymagań technicznych klientów oraz dokumentacji przetargowej, zapytań ofertowych i specyfikacji..."
digitalk,qualified,82.7,New Business Manager - Praca zdalna,sdr_bdr_inside,99,remote|script_crm,Częstochowa,remote,6600-9500 PLN/month b2b,mid,rocketjobs.pl,https://rocketjobs.pl/oferta-pracy/digitalk-new-business-manager---praca-zdalna-czestochowa-sales-marketing-reklama-media,2026-09-28,"CRM, doradztwo, marketing, sprzedaż"
digitalk,qualified,82.7,New Business Manager - Praca zdalna,sdr_bdr_inside,99,remote|script_crm,Gdańsk,remote,6600-9500 PLN/month b2b,mid,rocketjobs.pl,https://rocketjobs.pl/oferta-pracy/digitalk-new-business-manager---praca-zdalna-gdansk-sales-marketing-reklama-media-d0717b75,2026-09-28,"doradztwo, marketing, sprzedaż, CRM"
DIGITALK,qualified,82.7,New Business Manager - Praca zdalna,sdr_bdr_inside,99,remote|script_crm,Remote,remote,6500.0-9500.0 PLN b2b,Mid,nofluffjobs.com,https://nofluffjobs.com/pl/job/new-business-manager-praca-zdalna-digitalk-remote,2026-10-03,"Sales, Excel, CRM, Slack"
digitalk,qualified,82.7,New Business Manager - Praca zdalna,sdr_bdr_inside,94,remote,Bydgoszcz,remote,6600-9500 PLN/month b2b,mid,rocketjobs.pl,https://rocketjobs.pl/oferta-pracy/digitalk-new-business-manager---praca-zdalna-bydgoszcz-sales-marketing-reklama-media-2aba487c,2026-09-15,"doradztwo, marketing, sprzedaż"
Lyreco Polska,disqualified,82.7,Specjalista / Specjalistka ds. Telefonicznej Obsługi Klienta Korporacyjnego (m/f/d),telesales_callcenter,100,phone|remote,"Komorów, k. Warszawy",Hybrydowa,,,praca.pl,https://www.praca.pl/specjalista-specjalistka-ds-telefonicznej-obslugi-klienta-korporacyjnego-m-f-d_11442712.html,wczoraj,Twój zakres obowiązków Prowadzenie działań handlowych nastawionych na rozwój istniejących portfeli klientów za pośrednictwem kanałów zdalnych. Analizowanie danych zakupowych w celu odkrywania nowych szans sprzedażowych. Realizowanie procesów zwiększania wartości zamówień oraz...
Lyreco Polska,disqualified,82.7,Telefoniczny Opiekun Klienta Korporacyjnego (m/f/d),telesales_callcenter,100,phone,"Komorów, k. Warszawy",Hybrydowa,,,praca.pl,https://www.praca.pl/telefoniczny-opiekun-klienta-korporacyjnego-m-f-d_11442448.html,wczoraj,Twój zakres obowiązków Rozwój istniejącego biznesu na przydzielonym portfelu klientów poprzez aktywny kontakt telefoniczny z klientem; Identyfikacja niewykorzystanego potencjału sprzedażowego; Realizacja działań cross‑sellingowych i up‑sellingowych poprzez rozwój koszyka zakupowego...
Lyreco Polska,disqualified,82.7,Telefoniczny Doradca / Telefoniczna Doradczyni Klienta Korporacyjnego (m/f/d),telesales_callcenter,100,phone,"Komorów, k. Warszawy",Hybrydowa,,,praca.pl,https://www.praca.pl/telefoniczny-doradca-telefoniczna-doradczyni-klienta-korporacyjnego-m-f-d_11442706.html,3 dni temu,Twój zakres obowiązków Stymulowanie rozwoju biznesu na przydzielonej bazie kontrahentów poprzez stały i aktywny kontakt telefoniczny. Samodzielne wyszukiwanie nienaruszonych obszarów oraz potencjału handlowego u obecnych klientów. Wdrażanie strategii cross-sellingu oraz up-sellingu...
Lyreco Polska,disqualified,82.7,Specjalista / Specjalistka ds. Sprzedaży i Rozwoju Rynku B2B (m/f/d),ae_b2b_saas,84,b2b_inbound_outbound,"Warszawa, i okolice",Stacjonarna,,,praca.pl,https://www.praca.pl/specjalista-specjalistka-ds-sprzedazy-i-rozwoju-rynku-b2b-m-f-d_11442457.html,3 dni temu,Twój zakres obowiązków Aktywne pozyskiwanie nowych partnerów biznesowych w segmencie B2B na terenie Warszawy i okolic. Rozwijanie relacji z obecnymi klientami oraz wprowadzanie innowacyjnych rozwiązań zwiększających sprzedaż. Konsekwentna realizacja wyznaczonych celów sprzedażowych oraz...
Lyreco Polska,disqualified,82.7,Specjalista ds. Sprzedaży Nespresso Business Solutions (m/f/d),sales_specialist,64,b2b_inbound_outbound,"Warszawa, i okolice",Stacjonarna,,,praca.pl,https://www.praca.pl/specjalista-ds-sprzedazy-nespresso-business-solutions-m-f-d_11442274.html,wczoraj,"Twój zakres obowiązków Aktywne poszukiwanie nowych klientów w obszarze B2B dla rozwiązań kawowych na terenie Warszawy i okolic; Utrzymanie oraz rozwijanie istniejących klientów o nowe rozwiązania, w celu zwiększenia wielkości sprzedaży; Osiąganie założonych celów sprzedażowych;..."
Lyreco Polska,disqualified,82.7,Specjalista ds. Sprzedaży marek premium (m/f/d),sales_specialist,64,commission,"Warszawa, i okolice",Stacjonarna,,,praca.pl,https://www.praca.pl/specjalista-ds-sprzedazy-marek-premium-m-f-d_11442460.html,wczoraj,Twój zakres obowiązków Pozyskiwanie nowych kontraktów biznesowych na rynkach warszawskich i mazowieckich. Opieka nad stałymi klientami i dosprzedaż dedykowanych rozwiązań wysokiej jakości. Osiąganie planowanych targetów sprzedażowych oraz realizacja KPI. Samodzielna organizacja...
Lyreco Polska,disqualified,82.7,Public Account Manager (m/f/d),account_mgmt,55,,"Warszawa, i okolice",Stacjonarna,,,praca.pl,https://www.praca.pl/public-account-manager-m-f-d_11442442.html,wczoraj,"Twój zakres obowiązków monitorowanie rynku zamówień publicznych i identyfikacja postępowań przetargowych na terenie całej Polski; analiza dokumentacji przetargowej (SWZ, OPZ, wzory umów) oraz ofert konkurencji; przygotowywanie strategii udziału w postępowaniach oraz rekomendacji..."
Lyreco Polska,disqualified,82.7,Account Manager ds. Obsługi Klientów Instytucjonalnych (m/f/d),account_mgmt,55,,"Warszawa, i okolice",Stacjonarna,,,praca.pl,https://www.praca.pl/account-manager-ds-obslugi-klientow-instytucjonalnych-m-f-d_11442703.html,wczoraj,"Twój zakres obowiązków Analizowanie rynku zamówień publicznych i identyfikacja perspektywicznych projektów przetargowych. Weryfikacja wymogów formalnych, wzorów umów oraz opisu przedmiotu zamówienia. Tworzenie konkurencyjnych ofert handlowych i kalkulacji finansowych. Zarządzanie procesem..."
Lyreco Polska,disqualified,82.7,Konsultant / Konsultantka ds. Obsługi Klienta (m/f/d),customer_service,51,phone|video_calls,"Komorów, k. Warszawy",Stacjonarna,,,praca.pl,https://www.praca.pl/konsultant-konsultantka-ds-obslugi-klienta-m-f-d_11442454.html,wczoraj,"Zakres obowiązków: Obsługa bieżących zgłoszeń i korespondencji od klientów za pomocą telefonu, poczty elektronicznej i czatu online. Wprowadzanie i weryfikacja danych oraz dokumentacji w systemach informatycznych firmy. Kontrola nad aktualnością informacji o klientach w bazach danych...."
Lyreco Polska,disqualified,82.7,Specjalista / Specjalistka ds. Obsługi Klienta (m/f/d),customer_service,45,phone,"Komorów, k. Warszawy",Stacjonarna,,,praca.pl,https://www.praca.pl/specjalista-specjalistka-ds-obslugi-klienta-m-f-d_11442451.html,3 dni temu,"Zakres obowiązków: Profesjonalna obsługa zapytań i spraw klientów biznesowych za pośrednictwem kanałów telefonicznych, mailowych oraz czatu. Rzetelne przyjmowanie i rejestrowanie zgłoszeń w wewnętrznych systemach operacyjnych zgodnie z przyjętymi standardami. Dbanie o pełną..."
Lyreco Polska,disqualified,82.7,Specjalista ds. Obsługi Klienta (m/f/d),customer_service,45,phone,"Komorów, k. Warszawy",Stacjonarna,,,praca.pl,https://www.praca.pl/specjalista-ds-obslugi-klienta-m-f-d_11442268.html,wczoraj,"Zakres obowiązków: Obsługa spraw i zapytań Klientów Lyreco w kontaktach telefonicznych, mailowych i na czacie; Przyjmowanie i rejestrowanie spraw Klientów w systemach zgodnie z obowiązującymi procedurami; Dbanie o poprawność i aktualizację danych Klientów w systemach operacyjnych;..."
Nexbe Sp. z o.o.,qualified,82.7,Konsultant / Konsultantka Call Center,telesales_callcenter,100,phone,Warszawa,hybrid,6000-13000 PLN/month b2b,mid,rocketjobs.pl,https://rocketjobs.pl/oferta-pracy/nexbe-sp-z-o-o--konsultant-konsultantka-call-center-warszawa-sales-energia-srodowisko,2026-08-06,sprzedaż
Nexbe Sp. z o.o.,qualified,82.7,Telefoniczny doradca klienta ds. energii odnawialnej,telesales_callcenter,100,phone,Warszawa,hybrid,6000-18000 PLN/month b2b,mid,rocketjobs.pl,https://rocketjobs.pl/oferta-pracy/nexbe-sp-z-o-o--telefoniczny-doradca-klienta-ds-energii-odnawialnej-warszawa-sales-energia-srodowisko,2026-08-05,sprzedaż
Nexbe Sp. z o.o.,qualified,82.7,Junior Sales Specialist,sdr_bdr_inside,96,junior_ramp,Warszawa,hybrid,,junior,rocketjobs.pl,https://rocketjobs.pl/oferta-pracy/nexbe-sp-z-o-o--junior-sales-specialist-warszawa-sales-energia-srodowisko,2026-09-08,"sprzedaż, AI, technologie"
Nexbe Sp. z o.o.,qualified,82.7,Specjalista / Specjalistka ds. sprzedaży,sales_specialist,66,junior_ramp,Warszawa,office,10000-14000 PLN/month mandate_contract,junior,rocketjobs.pl,https://rocketjobs.pl/oferta-pracy/nexbe-sp-z-o-o--specjalista-specjalistka-ds-sprzedazy-warszawa-sales-uslugi-profesjonalne,2026-09-04,"sprzedaż, komunikatywność, otwartość"
Nexbe Sp. z o.o.,qualified,82.7,Młodszy specjalista ds. sprzedaży,sales_specialist,66,junior_ramp,Warszawa,hybrid,6000-18000 PLN/month b2b,junior,rocketjobs.pl,https://rocketjobs.pl/oferta-pracy/nexbe-sp-z-o-o--mlodszy-specjalista-ds-sprzedazy-warszawa-sales-energia-srodowisko,2026-08-06,"obsługa klienta, sprzedaż"
uPacjenta,qualified,82.7,New Business Specialist B2B,sdr_bdr_inside,99,script_crm|b2b_inbound_outbound,Warszawa,hybrid,,mid,rocketjobs.pl,https://rocketjobs.pl/oferta-pracy/upacjenta-new-business-specialist-b2b-warszawa-sales-farmacja-medycyna-4e51b11c,2026-09-11,"sprzedaż, sprzedaż B2B, branża HR, CRM"
uPacjenta,qualified,82.7,Marketing Partnerships Manager,ae_b2b_saas,80,,Warszawa,hybrid,13000-17000 PLN/month b2b,mid,rocketjobs.pl,https://rocketjobs.pl/oferta-pracy/upacjenta-marketing-partnerships-manager-warszawa-sales-uslugi-profesjonalne,2026-08-28,"marketing, sprzedaż, UX/UI"
uPacjenta,qualified,82.7,Head of Sales,sales_leadership,74,b2b_inbound_outbound,Warszawa,hybrid,20000-30000 PLN/month b2b,manager,rocketjobs.pl,https://rocketjobs.pl/oferta-pracy/upacjenta-head-of-sales-warszawa-sales-uslugi-profesjonalne,2026-09-23,"zarządzanie zespołem, zarządzanie sprzedażą, sprzedaż B2B"
Zepter International Poland,disqualified,82.2,Specjalista ds. kampanii sprzedażowych i pozyskiwania klientów (Sales Campaigns & Lead Generation),sdr_bdr_inside,94,b2b_inbound_outbound,Warszawa,,5000.0-8000.0 PLN b2b,Mid,nofluffjobs.com,https://nofluffjobs.com/pl/job/specjalista-ds-kampanii-sprzedazowych-i-pozyskiwania-klientow-sales-campaigns-lead-generation-zepter-international-poland-warszawa,2026-10-03,"AI, MLM, Sprzedaż B2C, Projektowanie kampanii sprzedażowych"
Zepter International Poland,disqualified,82.2,Dyrektor Sprzedaży (Head of Direct Sales & MLM),sales_leadership,78,remote|b2b_inbound_outbound,Remote,remote,8000.0-12000.0 PLN b2b,Head,nofluffjobs.com,https://nofluffjobs.com/pl/job/dyrektor-sprzedazy-head-of-direct-sales-mlm-zepter-international-poland-remote,2026-10-03,"MLM, Direct Sales, Sprzedaż bezpośrednia, Team leading"
Zepter International Poland,disqualified,82.2,Dyrektor Sprzedaży (Head of Direct Sales & MLM),sales_leadership,78,remote|b2b_inbound_outbound,Warszawa,remote,8000.0-12000.0 PLN b2b,Head,nofluffjobs.com,https://nofluffjobs.com/pl/job/dyrektor-sprzedazy-head-of-direct-sales-mlm-zepter-international-poland-warszawa,2026-10-03,"MLM, Direct Sales, Sprzedaż bezpośrednia, Team leading"
Zepter International Poland,disqualified,82.2,Specjalista rozwoju sprzedaży E-commerce i kanałów cyfrowych (E-commerce Growth Lead),generic_sales,54,b2b_inbound_outbound,Warszawa,,7000.0-10000.0 PLN b2b,Lead,nofluffjobs.com,https://nofluffjobs.com/pl/job/specjalista-rozwoju-sprzedazy-e-commerce-i-kanalow-cyfrowych-e-commerce-growth-lead-zepter-international-poland-warszawa,2026-10-03,"E-commerce, Sprzedaż B2C, Sales platforms, Sprzedaż B2B"
TTEC,disqualified,81.8,Social Marketing Sales Representative (K/M) z językiem niemieckim,sdr_bdr_inside,100,phone,Relokacja,,,,praca.pl,https://www.praca.pl/social-marketing-sales-representative-k-m-z-jezykiem-niemieckim_11469754.html,4 dni temu,Opis stanowiska: Kontaktowanie się z klientami z przypisanego portfolio telefonicznie i mailowo w celu umawiania konsultacji i dosprzedaży; Analizowanie i opracowywanie strategii zarządzania i dosprzedaży kont klientów; Rozwiązywanie problemów i doradzanie klientom w celu zapewnienia...
TTEC,disqualified,81.8,Business Development Representative z językiem niemieckim,sdr_bdr_inside,90,,Kraków,hybrid,11000-11001 PLN/month permanent,mid,rocketjobs.pl,https://rocketjobs.pl/oferta-pracy/ttec-business-development-representative-z-jezykiem-niemieckim-krakow-sales-marketing-reklama-media-eec62e63,2026-09-09,"sales, sprzedaż, niemiecki, business development"
TTEC,disqualified,81.8,Doradca / Doradczyni ds. Sprzedaży z językiem czeskim,high_ticket_b2c,86,junior_ramp,Relokacja,,9 500 zł brutto/mies.,Młodszy specjalista / młodsza specjalistka (junior) / specjalista / specjalistka (mid),praca.pl,https://www.praca.pl/doradca-doradczyni-ds-sprzedazy-z-jezykiem-czeskim_11469706.html,2 dni temu,Twoje zadania: zarządzanie powierzonym portfolio klientów; identyfikowanie szans na rozwój współpracy i zwiększenie sprzedaży; kontakt z klientami oraz prowadzenie konsultacji dotyczących ich potrzeb; proponowanie odpowiednich produktów i rozwiązań reklamowych; rozwijanie sprzedaży...
TTEC,disqualified,81.8,Specjalista / Specjalistka ds. Rozwoju Sprzedaży B2B z językiem niemieckim,ae_b2b_saas,84,b2b_inbound_outbound,Relokacja,,9 000 zł brutto/mies.,Specjalista / specjalistka (mid) / starszy specjalista / starsza specjalistka (senior),praca.pl,https://www.praca.pl/specjalista-specjalistka-ds-rozwoju-sprzedazy-b2b-z-jezykiem-niemieckim_11469769.html,4 godziny temu,"Opis stanowiska wyszukiwanie i analizowanie potencjalnych klientów biznesowych na wybranych rynkach, identyfikowanie nowych szans sprzedażowych oraz kwalifikowanie leadów dla zespołu handlowego, prowadzenie pierwszego kontaktu z potencjalnymi klientami i badanie ich potrzeb biznesowych,..."
TTEC,disqualified,81.8,Doradca / Doradczyni ds. Sprzedaży Rozwiązań Marketingowych z językiem niemieckim,high_ticket_b2c,80,,Relokacja,,,,praca.pl,https://www.praca.pl/doradca-doradczyni-ds-sprzedazy-rozwiazan-marketingowych-z-jezykiem-niemieckim_11469757.html,2 dni temu,"Opis stanowiska prowadzenie konsultacji z klientami i rozwijanie powierzonych kont biznesowych, rekomendowanie działań zwiększających skuteczność kampanii reklamowych, analizowanie wyników marketingowych oraz proponowanie nowych możliwości rozwoju, aktywne budowanie relacji z klientami i..."
TTEC,disqualified,81.8,Specjalista ds. Sprzedaży z językiem niemieckim,sales_specialist,66,junior_ramp,Kraków,hybrid,10500-10501 PLN/month permanent,junior,rocketjobs.pl,https://rocketjobs.pl/oferta-pracy/ttec-specjalista-ds-sprzedazy-z-jezykiem-niemieckim-krakow-sales-marketing-reklama-media-2f4a6481,2026-09-09,"sales, sprzedaż, niemiecki, business development"
TTEC,disqualified,81.8,Presales Specialist z niemieckim,sales_specialist,66,junior_ramp,Warszawa,hybrid,9000-9500 PLN/month permanent,junior,rocketjobs.pl,https://rocketjobs.pl/oferta-pracy/ttec-presales-specialist-z-niemieckim-warszawa-sales-marketing-reklama-media,2026-09-09,"sales, sprzedaż, niemiecki, business development"
TTEC,disqualified,81.8,Specjalista ds. Sprzedaży z językiem czeskim ,sales_specialist,66,junior_ramp,Kraków,hybrid,9500-9501 PLN/month permanent,junior,rocketjobs.pl,https://rocketjobs.pl/oferta-pracy/ttec-specjalista-ds-sprzedazy-z-jezykiem-czeskim--krakow-sales-marketing-reklama-media-f2df7875,2026-09-22,"sales, sprzedaż, business development, czeski, czech"
TTEC,disqualified,81.8,Specjalista / Specjalistka ds. Sprzedaży Cyfrowej z językiem czeskim,sales_specialist,66,junior_ramp,Relokacja,,9 500 zł brutto/mies.,Młodszy specjalista / młodsza specjalistka (junior) / specjalista / specjalistka (mid),praca.pl,https://www.praca.pl/specjalista-specjalistka-ds-sprzedazy-cyfrowej-z-jezykiem-czeskim_11469709.html,23 godzin temu,Zakres obowiązków analiza powierzonych kont i identyfikowanie możliwości zwiększenia sprzedaży; kontakt z obecnymi klientami w celu poznania ich potrzeb i przedstawienia odpowiednich rozwiązań; prowadzenie sprzedaży dodatkowej i rozwijanie współpracy z klientami; realizacja indywidualnych...
TTEC,disqualified,81.8,Specjalista / Specjalistka ds. Sprzedaży Cyfrowej z językiem niemieckim,sales_specialist,66,junior_ramp,Relokacja,,10 500 zł brutto/mies.,Specjalista / specjalistka (mid) / starszy specjalista / starsza specjalistka (senior) / młodszy specjalista / młodsza specjalistka (junior),praca.pl,https://www.praca.pl/specjalista-specjalistka-ds-sprzedazy-cyfrowej-z-jezykiem-niemieckim_11469739.html,22 godzin temu,Zakres obowiązków budowanie i utrzymywanie długoterminowych relacji biznesowych z nowymi klientami; prowadzenie współpracy z klientami w okresie od 3 do 9 miesięcy; analiza potrzeb klientów i przygotowywanie indywidualnych strategii reklamy internetowej; doradzanie w zakresie Google Ads oraz...
TTEC,disqualified,81.8,Presales Specialist z językiem niemieckim,sales_specialist,60,,Relokacja,,9 000 zł brutto/mies.,Specjalista / specjalistka (mid) / starszy specjalista / starsza specjalistka (senior),praca.pl,https://www.praca.pl/presales-specialist-z-jezykiem-niemieckim_11469763.html,4 dni temu,"As a Sales Representative (Presales) with German – Hybrid, working on site in Warsaw, Poland, you’ll be a part of bringing humanity to business. #experienceTTEC Our employees have spoken. Our purpose, team, and company culture are amazing and our Great Place to Work® certification in Poland..."
DoubleData,qualified,81.7,Sales Development & Support Specialist,sdr_bdr_inside,100,remote|junior_ramp,Warszawa,remote,6000-8000 PLN/month b2b,junior,rocketjobs.pl,https://rocketjobs.pl/oferta-pracy/doubledata-sales-development-support-specialist-warszawa-sales-it-i-telekomunikacja-237b83c4,2026-08-31,"Google Sheets, Microsoft Office Excel, Microsoft Office PowerPoint, Google Workspace, ChatGPT, English"
DoubleData,qualified,81.7,Senior Enterprise Sales Manager,sales_leadership,78,remote|b2b_inbound_outbound,Warszawa,remote,14000-20000 PLN/month mandate_contract,manager,rocketjobs.pl,https://rocketjobs.pl/oferta-pracy/doubledata-senior-enterprise-sales-manager-warszawa-sales-it-i-telekomunikacja,2026-08-27,"B2B Sales, sales, API, AI"
SUPREME ENERGY,qualified,81.1,Konsultant telefoniczny,telesales_callcenter,100,phone,Rzeszów,office,,mid,rocketjobs.pl,https://rocketjobs.pl/oferta-pracy/supreme-energy-konsultant-telefoniczny-rzeszow-sales-energia-srodowisko,2026-09-01,"prawo jazdy kat. B, sprzedaż, branża OZE, obsługa klienta"
SUPREME ENERGY,qualified,81.1,Promotor Marki OZE | Skierniewice,high_ticket_b2c,70,,Skierniewice,mobile,,mid,rocketjobs.pl,https://rocketjobs.pl/oferta-pracy/supreme-energy-promotor-marki-oze-skierniewice-skierniewice-sales-energia-srodowisko-754f8d2a,2026-09-29,"komunikatywność, prawo jazdy kat. B"
SUPREME ENERGY,qualified,81.1,Promotor Marki OZE | Pruszków,high_ticket_b2c,70,,Pruszków,mobile,,mid,rocketjobs.pl,https://rocketjobs.pl/oferta-pracy/supreme-energy-promotor-marki-oze-pruszkow-pruszkow-sales-energia-srodowisko-218e9cd3,2026-09-29,"komunikatywność, prawo jazdy kat. B"
SUPREME ENERGY,qualified,81.1,Promotor Marki OZE | Kutno,high_ticket_b2c,70,,Kutno,mobile,,mid,rocketjobs.pl,https://rocketjobs.pl/oferta-pracy/supreme-energy-promotor-marki-oze-kutno-kutno-sales-energia-srodowisko-1109d91c,2026-09-29,"komunikatywność, prawo jazdy kat. B"
SUPREME ENERGY,qualified,81.1,Promotor Marki OZE | Piaseczno,high_ticket_b2c,70,,Piaseczno,mobile,,mid,rocketjobs.pl,https://rocketjobs.pl/oferta-pracy/supreme-energy-promotor-marki-oze-piaseczno-piaseczno-sales-energia-srodowisko-29deefad,2026-09-29,"komunikatywność, prawo jazdy kat. B"
SUPREME ENERGY,qualified,81.1,Promotor Marki OZE | Łowicz,high_ticket_b2c,70,,Łowicz,mobile,,mid,rocketjobs.pl,https://rocketjobs.pl/oferta-pracy/supreme-energy-promotor-marki-oze-lowicz-lowicz-sales-energia-srodowisko-a00ca9a8,2026-09-29,"komunikatywność, prawo jazdy kat. B"
SUPREME ENERGY,qualified,81.1,Promotor Marki OZE | Mława,high_ticket_b2c,70,,Mława,mobile,,mid,rocketjobs.pl,https://rocketjobs.pl/oferta-pracy/supreme-energy-promotor-marki-oze-mlawa-mlawa-sales-energia-srodowisko-5c2ebcbe,2026-09-29,"komunikatywność, prawo jazdy kat. B"
SUPREME ENERGY,qualified,81.1,Promotor Marki OZE | Legionowo,high_ticket_b2c,70,,Legionowo,mobile,,mid,rocketjobs.pl,https://rocketjobs.pl/oferta-pracy/supreme-energy-promotor-marki-oze-legionowo-legionowo-sales-energia-srodowisko-9d6b6772,2026-09-29,"komunikatywność, prawo jazdy kat. B"
SUPREME ENERGY,qualified,81.1,Promotor Marki OZE | Wołomin,high_ticket_b2c,70,,Wołomin,mobile,,mid,rocketjobs.pl,https://rocketjobs.pl/oferta-pracy/supreme-energy-promotor-marki-oze-wolomin-wolomin-sales-energia-srodowisko-9b7a6238,2026-09-29,"komunikatywność, prawo jazdy kat. B"
MATLO SPÓŁKA Z OGRANICZONĄ ODPOWIEDZIALNOŚCIĄ,qualified,80.9,Junior Sales Representative – EduTech (100% Remote),sdr_bdr_inside,100,phone|remote|junior_ramp|script_crm,Warszawa,remote,5000-8000 PLN/month mandate_contract,junior,rocketjobs.pl,https://rocketjobs.pl/oferta-pracy/matlo-spolka-z-ograniczona-odpowiedzialnoscia-junior-sales-representative---edutech-100-remote--warszawa-sales-uslugi-profesjonalne,2026-09-23,"sprzedaż telefoniczna, obsługa klienta, KPI, CRM, negocjacje"
MATLO SPÓŁKA Z OGRANICZONĄ ODPOWIEDZIALNOŚCIĄ,qualified,80.9,Specjalista ds. Sprzedaży Usług Edukacyjnych (Zdalnie),high_ticket_b2c,100,phone|remote|junior_ramp|script_crm,Warszawa,remote,5000-8000 PLN/month mandate_contract,junior,rocketjobs.pl,https://rocketjobs.pl/oferta-pracy/matlo-spolka-z-ograniczona-odpowiedzialnoscia-specjalista-ds-sprzedazy-uslug-edukacyjnych-zdalnie--warszawa-sales-uslugi-profesjonalne,2026-09-23,"sprzedaż telefoniczna, obsługa klienta, KPI, CRM, negocjacje"
MATLO SPÓŁKA Z OGRANICZONĄ ODPOWIEDZIALNOŚCIĄ,qualified,80.9,"Konsultant ds. Edukacji i Sprzedaży (Zdalnie, ciepłe leady)",high_ticket_b2c,100,phone|remote|junior_ramp|script_crm|b2b_inbound_outbound,Warszawa,remote,5000-8000 PLN/month mandate_contract,junior,rocketjobs.pl,https://rocketjobs.pl/oferta-pracy/matlo-spolka-z-ograniczona-odpowiedzialnoscia-konsultant-ds-edukacji-i-sprzedazy-zdalnie-cieple-leady--warszawa-sales-uslugi-profesjonalne,2026-09-23,"sprzedaż telefoniczna, obsługa klienta, KPI, CRM, negocjacje"
MATLO SPÓŁKA Z OGRANICZONĄ ODPOWIEDZIALNOŚCIĄ,qualified,80.9,Zdalna praca przy usługach edukacyjnych - umawiaj lekcje próbne online,high_ticket_b2c,100,phone|video_calls|remote|junior_ramp|script_crm,Poznań,remote,5000-8000 PLN/month mandate_contract,junior,rocketjobs.pl,https://rocketjobs.pl/oferta-pracy/matlo-spolka-z-ograniczona-odpowiedzialnoscia-zdalna-praca-przy-uslugach-edukacyjnych---umawiaj-lekcje-probne-online-poznan-sales-inne,2026-09-10,"sprzedaż telefoniczna, obsługa klienta, KPI, CRM, negocjacje"
MATLO SPÓŁKA Z OGRANICZONĄ ODPOWIEDZIALNOŚCIĄ,qualified,80.9,Doradca Edukacyjny / Doradczyni Edukacyjna (Zdalnie),high_ticket_b2c,100,phone|remote|junior_ramp|script_crm,Poznań,remote,5000-8000 PLN/month mandate_contract,junior,rocketjobs.pl,https://rocketjobs.pl/oferta-pracy/matlo-spolka-z-ograniczona-odpowiedzialnoscia-doradca-edukacyjny-doradczyni-edukacyjna-zdalnie--poznan-sales-inne,2026-09-10,"sprzedaż telefoniczna, obsługa klienta, KPI, CRM, negocjacje"
MATLO SPÓŁKA Z OGRANICZONĄ ODPOWIEDZIALNOŚCIĄ,qualified,80.9,Konsultant Edukacyjny / Konsultantka Edukacyjna (Online),high_ticket_b2c,100,phone|video_calls|remote|junior_ramp|script_crm,Poznań,remote,5000-8000 PLN/month mandate_contract,junior,rocketjobs.pl,https://rocketjobs.pl/oferta-pracy/matlo-spolka-z-ograniczona-odpowiedzialnoscia-konsultant-edukacyjny-konsultantka-edukacyjna-online--poznan-sales-inne,2026-09-10,"sprzedaż telefoniczna, obsługa klienta, KPI, CRM, negocjacje"
MATLO SPÓŁKA Z OGRANICZONĄ ODPOWIEDZIALNOŚCIĄ,qualified,80.9,Doradca Klienta / Doradczyni Klienta (zdalnie),high_ticket_b2c,100,phone|remote|junior_ramp|script_crm,Warszawa,remote,5000-8000 PLN/month mandate_contract,junior,rocketjobs.pl,https://rocketjobs.pl/oferta-pracy/matlo-spolka-z-ograniczona-odpowiedzialnoscia-doradca-klienta-doradczyni-klienta-zdalnie--warszawa-sales-uslugi-profesjonalne,2026-08-25,"sprzedaż telefoniczna, obsługa klienta, KPI, CRM, negocjacje"
MATLO SPÓŁKA Z OGRANICZONĄ ODPOWIEDZIALNOŚCIĄ,qualified,80.9,Specjalista / Specjalistka ds. Sprzedaży (Ciepłe Leady) – 100% Zdalnie,sales_specialist,89,phone|remote|junior_ramp|script_crm|b2b_inbound_outbound,Warszawa,remote,5000-8000 PLN/month mandate_contract,junior,rocketjobs.pl,https://rocketjobs.pl/oferta-pracy/matlo-spolka-z-ograniczona-odpowiedzialnoscia-specjalista-specjalistka-ds-sprzedazy-cieple-leady---100-zdalnie-warszawa-sales-uslugi-profesjonalne,2026-09-23,"sprzedaż telefoniczna, obsługa klienta, KPI, CRM, negocjacje"
MATLO SPÓŁKA Z OGRANICZONĄ ODPOWIEDZIALNOŚCIĄ,qualified,80.9,Sales Specialist EdTech,sales_specialist,85,phone|remote|junior_ramp|script_crm,Warszawa,remote,5000-8000 PLN/month mandate_contract,junior,rocketjobs.pl,https://rocketjobs.pl/oferta-pracy/matlo-spolka-z-ograniczona-odpowiedzialnoscia-sales-specialist-edtech-warszawa-sales-uslugi-profesjonalne,2026-09-23,"sprzedaż telefoniczna, obsługa klienta, KPI, CRM, negocjacje"
MATLO SPÓŁKA Z OGRANICZONĄ ODPOWIEDZIALNOŚCIĄ,qualified,80.9,Specjalista / Specjalistka ds. Sprzedaży i obsługi klienta (Online),customer_service,66,phone|video_calls|remote|junior_ramp|script_crm,Poznań,remote,5000-8000 PLN/month mandate_contract,junior,rocketjobs.pl,https://rocketjobs.pl/oferta-pracy/matlo-spolka-z-ograniczona-odpowiedzialnoscia-specjalista-specjalistka-ds-sprzedazy-i-obslugi-klienta-online--poznan-sales-inne,2026-09-10,"sprzedaż telefoniczna, obsługa klienta, KPI, CRM, negocjacje"
MATLO SPÓŁKA Z OGRANICZONĄ ODPOWIEDZIALNOŚCIĄ,qualified,80.9,Specjalista / Specjalistka ds. Sprzedaży i obsługi klienta,customer_service,60,phone|remote|junior_ramp|script_crm,Warszawa,remote,5000-8000 PLN/month mandate_contract,junior,rocketjobs.pl,https://rocketjobs.pl/oferta-pracy/matlo-spolka-z-ograniczona-odpowiedzialnoscia-specjalista-specjalistka-ds-sprzedazy-i-obslugi-klienta-warszawa-sales-uslugi-profesjonalne,2026-08-25,"sprzedaż telefoniczna, obsługa klienta, CRM, KPI, negocjacje"
RecruMates,disqualified,80.8,Sales Consultant,ae_b2b_saas,100,phone|junior_ramp|b2b_inbound_outbound,Lublin,hybrid,5000-6000 PLN/month mandate_contract,junior,rocketjobs.pl,https://rocketjobs.pl/oferta-pracy/recrumates-sales-consultant-lublin-sales-energia-srodowisko,2026-09-23,"obsługa klienta, sprzedaż, cold calling, Ustalanie terminów, komunikacja"
RecruMates,disqualified,80.8,Konsultant / Konsultantka ds. Telefonicznej Obsługi Klienta B2B,telesales_callcenter,100,phone|remote|junior_ramp|b2b_inbound_outbound,Katowice,Zdalna,2 500 - 5 000 zł brutto/mies.,Młodszy specjalista / młodsza specjalistka (junior) / specjalista / specjalistka (mid),praca.pl,https://www.praca.pl/konsultant-konsultantka-ds-telefonicznej-obslugi-klienta-b2b_11479039.html,21 godzin temu,"Opis stanowiska Telefoniczny kontakt z potencjalnymi klientami biznesowymi oraz umawianie spotkań dla przedstawicieli firmy. Prowadzenie rozmów wychodzących na podstawie udostępnionej bazy kontaktów. Rozpoznawanie potrzeb przedsiębiorstw oraz przedstawianie oferty dotyczącej kosztów energii,..."
RecruMates,disqualified,80.8,Telemarketer / Telemarketerka – Umawianie Spotkań,telesales_callcenter,100,phone|junior_ramp,Lublin,Stacjonarna,"31,40 zł brutto/godz.",Młodszy specjalista / młodsza specjalistka (junior) / specjalista / specjalistka (mid),praca.pl,https://www.praca.pl/telemarketer-telemarketerka-umawianie-spotkan_11479183.html,21 godzin temu,Opis stanowiska Telefoniczny kontakt z potencjalnymi klientami oraz umawianie spotkań dla doradców. Prowadzenie połączeń wychodzących na podstawie gotowej bazy kontaktów zapewnianej przez firmę. Przedstawianie celu rozmowy i prowadzenie jej w sposób zachęcający klienta do spotkania z...
RecruMates,disqualified,80.8,Konsultant / Konsultantka Call Center,telesales_callcenter,100,phone|junior_ramp,Lublin,Stacjonarna,"31,40 zł brutto/godz.",Młodszy specjalista / młodsza specjalistka (junior) / specjalista / specjalistka (mid),praca.pl,https://www.praca.pl/konsultant-konsultantka-call-center_11479177.html,2 dni temu,"Na czym polega praca? Głównie na telefonicznym kontakcie z potencjalnymi klientami i umawianiu spotkań dla doradców. Są to połączenia wychodzące, a firma zapewnia własną bazę kontaktów. Nie musisz znać branży OZE ani uczyć się technicznych szczegółów produktów. Twoją rolą jest..."
Verano Estate Maciej Olejnik,qualified,80.6,Specjalista ds. Call Center ( branża nieruchomości | praca zdalna),telesales_callcenter,100,phone|remote,Warszawa,remote,5000-12000 PLN/month b2b,mid,rocketjobs.pl,https://rocketjobs.pl/oferta-pracy/verano-estate-maciej-olejnik-specjalista-ds-call-center-branza-nieruchomosci-praca-zdalna--warszawa-sales-nieruchomosci-budownictwo-9d828651,2026-08-12,"sprzedaż, obsługa klienta, branża nieruchomości"
Verano Estate Maciej Olejnik,qualified,80.6,Ekspert ds. Nieruchomości (Agent / Doradca),high_ticket_b2c,80,,Legionowo,mobile,15000-30000 PLN/month b2b,mid,rocketjobs.pl,https://rocketjobs.pl/oferta-pracy/verano-estate-maciej-olejnik-ekspert-ds-nieruchomosci-agent-doradca--legionowo-sales-nieruchomosci-budownictwo,2026-09-20,branża nieruchomości
Verano Estate Maciej Olejnik,qualified,80.6,Ekspert ds. Nieruchomości (Agent / Doradca),high_ticket_b2c,80,,Bydgoszcz,mobile,15000-30000 PLN/month b2b,mid,rocketjobs.pl,https://rocketjobs.pl/oferta-pracy/verano-estate-maciej-olejnik-ekspert-ds-nieruchomosci-agent-doradca--bydgoszcz-sales-nieruchomosci-budownictwo-b5ed819f,2026-07-17,branża nieruchomości
Verano Estate Maciej Olejnik,qualified,80.6,Ekspert ds. Nieruchomości (Agent / Doradca),high_ticket_b2c,80,,Kielce,mobile,15000-30000 PLN/month b2b,mid,rocketjobs.pl,https://rocketjobs.pl/oferta-pracy/verano-estate-maciej-olejnik-ekspert-ds-nieruchomosci-agent-doradca--kielce-sales-nieruchomosci-budownictwo-28cf5c7a,2026-07-17,branża nieruchomości
Verano Estate Maciej Olejnik,qualified,80.6,Ekspert ds. Nieruchomości (Agent / Doradca),high_ticket_b2c,80,,Poznań,mobile,15000-30000 PLN/month b2b,mid,rocketjobs.pl,https://rocketjobs.pl/oferta-pracy/verano-estate-maciej-olejnik-ekspert-ds-nieruchomosci-agent-doradca--poznan-sales-nieruchomosci-budownictwo-e5d7b608,2026-07-17,branża nieruchomości
Verano Estate Maciej Olejnik,qualified,80.6,Ekspert ds. Nieruchomości (Agent / Doradca),high_ticket_b2c,80,,Ostrów Wielkopolski,mobile,15000-30000 PLN/month b2b,mid,rocketjobs.pl,https://rocketjobs.pl/oferta-pracy/verano-estate-maciej-olejnik-ekspert-ds-nieruchomosci-agent-doradca--ostrow-wielkopolski-sales-nieruchomosci-budownictwo-5103e5b0,2026-07-17,branża nieruchomości
Verano Estate Maciej Olejnik,qualified,80.6,Ekspert ds. Nieruchomości (Agent / Doradca),high_ticket_b2c,80,,Zakopane,mobile,15000-30000 PLN/month b2b,mid,rocketjobs.pl,https://rocketjobs.pl/oferta-pracy/verano-estate-maciej-olejnik-ekspert-ds-nieruchomosci-agent-doradca--zakopane-sales-nieruchomosci-budownictwo-cf676b4d,2026-07-17,branża nieruchomości
Verano Estate Maciej Olejnik,qualified,80.6,Ekspert ds. Nieruchomości (Agent / Doradca),high_ticket_b2c,80,,Grudziądz,mobile,15000-30000 PLN/month b2b,mid,rocketjobs.pl,https://rocketjobs.pl/oferta-pracy/verano-estate-maciej-olejnik-ekspert-ds-nieruchomosci-agent-doradca--grudziadz-sales-nieruchomosci-budownictwo-699d4393,2026-07-17,branża nieruchomości
Verano Estate Maciej Olejnik,qualified,80.6,Ekspert ds. Nieruchomości (Agent / Doradca),high_ticket_b2c,80,,Mława,mobile,15000-30000 PLN/month b2b,mid,rocketjobs.pl,https://rocketjobs.pl/oferta-pracy/verano-estate-maciej-olejnik-ekspert-ds-nieruchomosci-agent-doradca--mlawa-sales-nieruchomosci-budownictwo-34fd7a67,2026-07-17,branża nieruchomości
Verano Estate Maciej Olejnik,qualified,80.6,Ekspert ds. Nieruchomości (Agent / Doradca),high_ticket_b2c,80,,Warszawa,mobile,15000-30000 PLN/month b2b,mid,rocketjobs.pl,https://rocketjobs.pl/oferta-pracy/verano-estate-maciej-olejnik-ekspert-ds-nieruchomosci-agent-doradca--warszawa-sales-nieruchomosci-budownictwo-42ae14c0,2026-07-17,branża nieruchomości
Verano Estate Maciej Olejnik,qualified,80.6,Ekspert ds. Nieruchomości (Agent / Doradca),high_ticket_b2c,80,,Mielec,mobile,15000-30000 PLN/month b2b,mid,rocketjobs.pl,https://rocketjobs.pl/oferta-pracy/verano-estate-maciej-olejnik-ekspert-ds-nieruchomosci-agent-doradca--mielec-sales-nieruchomosci-budownictwo-b8803e29,2026-07-17,branża nieruchomości
Verano Estate Maciej Olejnik,qualified,80.6,Ekspert ds. Nieruchomości (Agent / Doradca),high_ticket_b2c,80,,Łódź,mobile,15000-30000 PLN/month b2b,mid,rocketjobs.pl,https://rocketjobs.pl/oferta-pracy/verano-estate-maciej-olejnik-ekspert-ds-nieruchomosci-agent-doradca--lodz-sales-nieruchomosci-budownictwo-93ace47e,2026-07-17,branża nieruchomości
Verano Estate Maciej Olejnik,qualified,80.6,Ekspert ds. Nieruchomości (Agent / Doradca),high_ticket_b2c,80,,Częstochowa,mobile,15000-30000 PLN/month b2b,mid,rocketjobs.pl,https://rocketjobs.pl/oferta-pracy/verano-estate-maciej-olejnik-ekspert-ds-nieruchomosci-agent-doradca--czestochowa-sales-nieruchomosci-budownictwo-664c6c15,2026-07-17,branża nieruchomości
Verano Estate Maciej Olejnik,qualified,80.6,Ekspert ds. Nieruchomości (Agent / Doradca),high_ticket_b2c,80,,Kutno,mobile,15000-30000 PLN/month b2b,mid,rocketjobs.pl,https://rocketjobs.pl/oferta-pracy/verano-estate-maciej-olejnik-ekspert-ds-nieruchomosci-agent-doradca--kutno-sales-nieruchomosci-budownictwo-96e17258,2026-07-17,branża nieruchomości
Verano Estate Maciej Olejnik,qualified,80.6,Ekspert ds. Nieruchomości (Agent / Doradca),high_ticket_b2c,80,,Ostrowiec Świętokrzyski,mobile,15000-30000 PLN/month b2b,mid,rocketjobs.pl,https://rocketjobs.pl/oferta-pracy/verano-estate-maciej-olejnik-ekspert-ds-nieruchomosci-agent-doradca--ostrowiec-swietokrzyski-sales-nieruchomosci-budownictwo-81bbdd71,2026-07-17,branża nieruchomości
Verano Estate Maciej Olejnik,qualified,80.6,Ekspert ds. Nieruchomości (Agent / Doradca),high_ticket_b2c,80,,Żory,mobile,15000-30000 PLN/month b2b,mid,rocketjobs.pl,https://rocketjobs.pl/oferta-pracy/verano-estate-maciej-olejnik-ekspert-ds-nieruchomosci-agent-doradca--zory-sales-nieruchomosci-budownictwo-1f39adbc,2026-07-17,branża nieruchomości
Verano Estate Maciej Olejnik,qualified,80.6,Ekspert ds. Nieruchomości (Agent / Doradca),high_ticket_b2c,80,,Koszalin,mobile,15000-30000 PLN/month b2b,mid,rocketjobs.pl,https://rocketjobs.pl/oferta-pracy/verano-estate-maciej-olejnik-ekspert-ds-nieruchomosci-agent-doradca--koszalin-sales-nieruchomosci-budownictwo-df30b24f,2026-07-17,branża nieruchomości
Grupa Krotoski,qualified,80.4,Doradca Klienta Biznesowego Volkswagen Osobowe (k/m),high_ticket_b2c,84,b2b_inbound_outbound,Wolica,mobile,,mid,rocketjobs.pl,https://rocketjobs.pl/oferta-pracy/grupa-krotoski-doradca-klienta-biznesowego-volkswagen-osobowe-k-m--wolica-sales-motoryzacja-transport,2026-09-11,"sprzedaż, sprzedaż B2B, obsługa klienta, prawo jazdy kat. B, branża motoryzacyjna"
Grupa Krotoski,qualified,80.4,Doradca Klienta Biznesowego Volkswagen Dostawcze (k/m),high_ticket_b2c,84,b2b_inbound_outbound,Łódź,mobile,,mid,rocketjobs.pl,https://rocketjobs.pl/oferta-pracy/grupa-krotoski-doradca-klienta-biznesowego-volkswagen-dostawcze-k-m--lodz-sales-motoryzacja-transport,2026-09-11,"sprzedaż, sprzedaż B2B, obsługa klienta, branża motoryzacyjna, prawo jazdy kat. B"
Grupa Krotoski,qualified,80.4,Doradca Klienta Biznesowego Volkswagen Dostawcze (k/m),high_ticket_b2c,84,b2b_inbound_outbound,Wolica,mobile,,mid,rocketjobs.pl,https://rocketjobs.pl/oferta-pracy/grupa-krotoski-doradca-klienta-biznesowego-volkswagen-dostawcze-k-m--wolica-sales-motoryzacja-transport,2026-09-11,"sprzedaż, sprzedaż B2B, obsługa klienta, prawo jazdy kat. B, branża motoryzacyjna"
Grupa Krotoski,qualified,80.4,Doradca Klienta Biznesowego (k/m),high_ticket_b2c,84,b2b_inbound_outbound,Wolica,mobile,,mid,rocketjobs.pl,https://rocketjobs.pl/oferta-pracy/grupa-krotoski-doradca-klienta-biznesowego-k-m--wolica-sales-motoryzacja-transport,2026-09-11,"sprzedaż, sprzedaż B2B, obsługa klienta, prawo jazdy kat. B, branża motoryzacyjna"
Grupa Krotoski,qualified,80.4,Doradca Klienta Biznesowego (k/m),high_ticket_b2c,84,b2b_inbound_outbound,Częstochowa,mobile,,mid,rocketjobs.pl,https://rocketjobs.pl/oferta-pracy/grupa-krotoski-doradca-klienta-biznesowego-k-m--czestochowa-sales-motoryzacja-transport,2026-09-11,"sprzedaż, sprzedaż B2B, obsługa klienta, prawo jazdy kat. B, branża motoryzacyjna"
Grupa Krotoski,qualified,80.4,Specjalista ds. Sprzedaży Samochodów BYD (k/m),high_ticket_b2c,80,,Warszawa,office,,mid,rocketjobs.pl,https://rocketjobs.pl/oferta-pracy/grupa-krotoski-specjalista-ds-sprzedazy-samochodow-byd-k-m--warszawa-sales-inne,2026-09-23,"sprzedaż, obsługa klienta, branża motoryzacyjna, prawo jazdy kat. B"
Grupa Krotoski,qualified,80.4,Specjalista ds. Sprzedaży Samochodów MG (k/m),high_ticket_b2c,80,,Warszawa,office,,mid,rocketjobs.pl,https://rocketjobs.pl/oferta-pracy/grupa-krotoski-specjalista-ds-sprzedazy-samochodow-mg-k-m--warszawa-sales-motoryzacja-transport,2026-09-09,znajomość branży motoryzacyjnej
Grupa Krotoski,qualified,80.4,Kierownik Działu Sprzedaży Samochodów Dostawczych (k/m),sales_leadership,70,,Warszawa,office,,senior,rocketjobs.pl,https://rocketjobs.pl/oferta-pracy/grupa-krotoski-kierownik-dzialu-sprzedazy-samochodow-dostawczych-k-m--warszawa-sales-motoryzacja-transport,2026-09-09,Sprzedaż samochodów dostawczych
SMART-HR,disqualified,80.4,Doradca Techniczno-Handlowy (m/k),high_ticket_b2c,84,b2b_inbound_outbound,Kraków,office,,mid,rocketjobs.pl,https://rocketjobs.pl/oferta-pracy/smart-hr-doradca-techniczno-handlowy-m-k--krakow-sales-marketing-reklama-media,2026-07-31,"sprzedaż B2B, wiedzy z zakresu motoryzacji, prawo jazdy kat. B, język angielski"
SMART-HR,disqualified,80.4,Doradca Techniczno-Handlowy (m/k),high_ticket_b2c,84,b2b_inbound_outbound,Zabrze,mobile,,mid,rocketjobs.pl,https://rocketjobs.pl/oferta-pracy/smart-hr-doradca-techniczno-handlowy-m-k--zabrze-sales-sieci-handlowe,2026-09-09,"Doświadczenia w sprzedaży do branży budowlanej, Doświadczenia w sprzedaży B2B produktów, •Znajomości technik sprzedaży, Czynnego prawa jazdy kat. B"
SMART-HR,disqualified,80.4,Doradca Techniczno-Handlowy – branża stalowa (m/k),high_ticket_b2c,80,,Rzeszów,mobile,,mid,rocketjobs.pl,https://rocketjobs.pl/oferta-pracy/smart-hr-doradca-techniczno-handlowy---branza-stalowa-m-k--rzeszow-sales-inzynieria-technika-produkcja,2026-09-28,znajomość brażny stali
SMART-HR,disqualified,80.4,Doradca Techniczno-handlowy – branża stalowa (m/k),high_ticket_b2c,80,,Kraków,mobile,,mid,rocketjobs.pl,https://rocketjobs.pl/oferta-pracy/smart-hr-doradca-techniczno-handlowy---branza-stalowa-m-k--krakow-sales-sieci-handlowe,2026-04-14,sprzedaż
SMART-HR,disqualified,80.4,Doradca Techniczno-Handlowy ds. Szalunków (m/k),high_ticket_b2c,80,,Toruń,office,,mid,rocketjobs.pl,https://rocketjobs.pl/oferta-pracy/smart-hr-doradca-techniczno-handlowy-ds-szalunkow-m-k--torun-sales-nieruchomosci-budownictwo,2026-04-13,branża budowlana
SMART-HR,disqualified,80.4,Kierownik Sprzedaży i Oddziału (m/k),sales_leadership,70,,Lublin,office,,manager,rocketjobs.pl,https://rocketjobs.pl/oferta-pracy/smart-hr-kierownik-sprzedazy-i-oddzialu-m-k--lublin-sales-rtv-agd-artykuly-przemyslowe,2026-08-21,Techniki sprzedaży i negocjacji
SMART-HR,disqualified,80.4,Kierownik Sprzedaży i Oddziału (m/k),sales_leadership,70,,Poznań,office,,manager,rocketjobs.pl,https://rocketjobs.pl/oferta-pracy/smart-hr-kierownik-sprzedazy-i-oddzialu-m-k--poznan-sales-rtv-agd-artykuly-przemyslowe,2026-08-21,znajomość technik sprzedaży i negocjacji
SMART-HR,disqualified,80.4,Specjalista ds. Sprzedaży – Systemy Zabezpieczeń (m/k),sales_specialist,64,b2b_inbound_outbound,Warszawa,office,,mid,rocketjobs.pl,https://rocketjobs.pl/oferta-pracy/smart-hr-specjalista-ds-sprzedazy---systemy-zabezpieczen-m-k--warszawa-sales-inzynieria-technika-produkcja,2026-08-03,"sprzedaż B2B, MS Office, prawo jazdy kat. B"
SMART-HR,disqualified,80.4,Technical Sales Specialist – Czech Republic,sales_specialist,64,remote,Cała polska,remote,,mid,rocketjobs.pl,https://rocketjobs.pl/oferta-pracy/smart-hr-technical-sales-specialist---czech-republic-cala-polska-sales-inzynieria-technika-produkcja,2026-05-12,sprzedaż
SMART-HR,disqualified,80.4,Technical Sales Specialist – Hungary,sales_specialist,64,remote,Cała polska,remote,,mid,rocketjobs.pl,https://rocketjobs.pl/oferta-pracy/smart-hr-technical-sales-specialist---hungary-cala-polska-sales-inzynieria-technika-produkcja,2026-05-12,sprzedaż
SMART-HR,disqualified,80.4,Specjalista ds. Sprzedaży – tynki dekoracyjne (m/k),sales_specialist,60,,Kraków,mobile,,mid,rocketjobs.pl,https://rocketjobs.pl/oferta-pracy/smart-hr-specjalista-ds-sprzedazy---tynki-dekoracyjne-m-k--krakow-sales-nieruchomosci-budownictwo,2026-08-19,"MS Office, prawo jazdy kat. B, j. angielski"
SMART-HR,disqualified,80.4,Specjalista ds. Sprzedaży – branża stalowa (M/K),sales_specialist,60,,Kraków,office,,mid,rocketjobs.pl,https://rocketjobs.pl/oferta-pracy/smart-hr-specjalista-ds-sprzedazy---branza-stalowa-m-k--krakow-sales-rtv-agd-artykuly-przemyslowe,2026-05-29,Wysoko rozwiniętych umiejętności sprzedażowych
SMART-HR,disqualified,80.4,Specjalista ds. Sprzedaży – branża stalowa (m/k),sales_specialist,60,,Toruń,office,,mid,rocketjobs.pl,https://rocketjobs.pl/oferta-pracy/smart-hr-specjalista-ds-sprzedazy---branza-stalowa-m-k--torun-sales-sieci-handlowe,2026-09-21,"Doświadczenia zawodowego, Wykształcenia wyższego"
SMART-HR,disqualified,80.4,Specjalista ds. Sprzedaży – branża stalowa (m/k),sales_specialist,60,,Warszawa,office,,mid,rocketjobs.pl,https://rocketjobs.pl/oferta-pracy/smart-hr-specjalista-ds-sprzedazy---branza-stalowa-m-k--warszawa-sales-inzynieria-technika-produkcja,2026-06-23,Wysoko rozwiniętych umiejętności sprzedażowych
SMART-HR,disqualified,80.4,Specjalista/Specjalistka ds. Sprzedaży – branża stalowa,sales_specialist,60,,Dąbrowa Górnicza,mobile,,mid,rocketjobs.pl,https://rocketjobs.pl/oferta-pracy/smart-hr-specjalista-specjalistka-ds-sprzedazy---branza-stalowa-dabrowa-gornicza-sales-inzynieria-technika-produkcja,2026-08-12,"Microsoft Office Exel, prawo jazdy kat. B, analiza"
SMART-HR,disqualified,80.4,Key Account Manager w branży opakowań (m/k),account_mgmt,60,script_crm,Cała Polska,mobile,,manager,rocketjobs.pl,https://rocketjobs.pl/oferta-pracy/smart-hr-key-account-manager-w-branzy-opakowan-m-k--cala-polska-sales-rtv-agd-artykuly-przemyslowe,2026-06-01,Znajomości systemów CRM
SMART-HR,disqualified,80.4,Specjalista ds. Techniczno-Handlowych (m/k),generic_sales,50,,Szczecin,office,,mid,rocketjobs.pl,https://rocketjobs.pl/oferta-pracy/smart-hr-specjalista-ds-techniczno-handlowych-m-k--szczecin-sales-inzynieria-technika-produkcja,2026-07-31,"Microsoft Office, Wykształcenie średnie"
SMART-HR,disqualified,80.4,Specjalista Techniczno-Handlowy (m/k),generic_sales,50,,Wrocław,office,8000-10000 PLN/month permanent,mid,rocketjobs.pl,https://rocketjobs.pl/oferta-pracy/smart-hr-specjalista-techniczno-handlowy-m-k--wroclaw-sales-sieci-handlowe,2026-09-09,"Wykształcenia co najmniej średniego technicznego, Umiejętności konfiguracji urządzeń sieciowych, Znajomości zagadnień foto-optyki, Znajomości podstaw elektrotechniki"
SMART-HR,disqualified,80.4,Specjalista ds. Techniczno-Handlowych – systemy zabezpieczeń (m/k),generic_sales,50,,Gdańsk,office,,mid,rocketjobs.pl,https://rocketjobs.pl/oferta-pracy/smart-hr-specjalista-ds-techniczno-handlowych---systemy-zabezpieczen-m-k--gdansk-sales-inne,2026-08-12,"konfiguracje urządzeń sieciowych, MS Office"
SMART-HR,disqualified,80.4,Specjalista Techniczno-Handlowy (m/k),generic_sales,50,,Łódź,office,,mid,rocketjobs.pl,https://rocketjobs.pl/oferta-pracy/smart-hr-specjalista-techniczno-handlowy-m-k--lodz-sales-wyposazenie-domu,2026-09-30,"MS Office, wykształcenie conajmniej średniego technicznego"
SMART-HR,disqualified,80.4,Dyrektor Handlowy – branża stalowa(m/k),generic_sales,50,,Gliwice,office,,c_level,rocketjobs.pl,https://rocketjobs.pl/oferta-pracy/smart-hr-dyrektor-handlowy---branza-stalowa-m-k--gliwice-sales-rtv-agd-artykuly-przemyslowe,2026-06-02,Bardzo dobrej znajomości Excela
SMART-HR,disqualified,80.4,Manager Sprzedaży – branża przemysłowa,generic_sales,50,,Gliwice,office,,manager,rocketjobs.pl,https://rocketjobs.pl/oferta-pracy/smart-hr-manager-sprzedazy---branza-przemyslowa-gliwice-sales-rtv-agd-artykuly-przemyslowe,2026-06-12,Wykształcenia wyższego technicznego
talentflow,disqualified,80.4,Business Development Manager (CEE),ae_b2b_saas,84,b2b_inbound_outbound,Warszawa,hybrid,18000-20000 PLN/month permanent,c_level,rocketjobs.pl,https://rocketjobs.pl/oferta-pracy/talentflow-business-development-manager-cee--warszawa-sales-motoryzacja-transport,2026-09-03,"sprzedaż, branża TSL, sprzedaż B2B, logistyka, prawo jazdy kat. B, zarządzanie sprzedażą, zarządzanie zespołem"
Talent Flow,disqualified,80.4,Business Development Manager (air/sea/rail),ae_b2b_saas,84,b2b_inbound_outbound,Warszawa,hybrid,15000-19000 PLN/month permanent,manager,rocketjobs.pl,https://rocketjobs.pl/oferta-pracy/talent-flow-business-development-manager-air-sea-rail--warszawa-sales-motoryzacja-transport,2026-09-02,"sprzedaż B2B, zarządzanie sprzedażą, transport, spedycja, język angielski"
Talent Flow,disqualified,80.4,Business Development Manager (B2B),ae_b2b_saas,84,b2b_inbound_outbound,Warszawa,mobile,9000-9500 PLN/month b2b,mid,rocketjobs.pl,https://rocketjobs.pl/oferta-pracy/talent-flow-business-development-manager-b2b--warszawa-sales-uslugi-profesjonalne,2026-09-21,"sprzedaż, sprzedaż B2B, obsługa klienta, account manager, HR"
Talent Flow,disqualified,80.4,Business Development Manager (security),ae_b2b_saas,80,,Wrocław,hybrid,,senior,rocketjobs.pl,https://rocketjobs.pl/oferta-pracy/talent-flow-business-development-manager-security--wroclaw-sales-it-i-telekomunikacja,2026-08-18,"sprzedaż, zarządzanie sprzedażą, branża IT, Security, infrastruktura, network, business development"
Talent Flow,disqualified,80.4,Sales Manager (IT),sales_leadership,74,b2b_inbound_outbound,Wrocław,hybrid,,senior,rocketjobs.pl,https://rocketjobs.pl/oferta-pracy/talent-flow-sales-manager-it--wroclaw-sales-it-i-telekomunikacja,2026-09-11,"sprzedaż, zarządzanie sprzedażą, sprzedaż B2B, branża IT, ict"
Talent Flow,disqualified,80.4,Sales Manager,sales_leadership,74,b2b_inbound_outbound,Warszawa,hybrid,16000-19000 PLN/month permanent,manager,rocketjobs.pl,https://rocketjobs.pl/oferta-pracy/talent-flow-sales-manager-warszawa-sales-motoryzacja-transport,2026-08-26,"sprzedaż, sprzedaż B2B, logistyka, transport, platforma logistyczna Trans.eu"
Talent Flow,disqualified,80.4,Head of Sales (MES),sales_leadership,70,,Kraków,hybrid,,manager,rocketjobs.pl,https://rocketjobs.pl/oferta-pracy/talent-flow-head-of-sales-mes--krakow-sales-inzynieria-technika-produkcja,2026-08-31,"zarządzanie zespołem, zarządzanie sprzedażą, MES"
Talent Flow,disqualified,80.4,Dyrektor Handlowy (systemy przemysłowe) (K/M),generic_sales,59,script_crm|b2b_inbound_outbound,Kraków,hybrid,,c_level,rocketjobs.pl,https://rocketjobs.pl/oferta-pracy/talent-flow-dyrektor-handlowy-systemy-przemyslowe-k-m--krakow-sales-it-i-telekomunikacja,2026-09-22,"zarządzanie sprzedażą, zarządzanie zespołem, sprzedaż B2B, systemy przemysłowe, MES, MOM, ERP, CRM"
Talent Flow,disqualified,80.4,Key Account Manager - sprzęt medyczny ,account_mgmt,55,,Warszawa,mobile,17000-19000 PLN/month permanent,senior,rocketjobs.pl,https://rocketjobs.pl/oferta-pracy/talent-flow-key-account-manager---sprzet-medyczny--warszawa-sales-farmacja-medycyna,2026-10-04,"angielski, negocjacje, zarządzanie sprzedażą, Sprzęt medyczny, urologia, hospital, bloki operacyjne"
Talent Flow,disqualified,80.4,Kierownik Regionalny (K/M) - sieć handlowa,generic_sales,50,,Wrocław,office,,manager,rocketjobs.pl,https://rocketjobs.pl/oferta-pracy/talent-flow-kierownik-regionalny-k-m---siec-handlowa-wroclaw-sales-rtv-agd-artykuly-przemyslowe,2026-09-18,"zarządzanie zespołem, zarządzanie sprzedażą, zarządzanie projektami, analiza"
Wittchen,disqualified,80.4,Account Manager – Dział Produktów Reklamowych | Sprzedaż B2B,ae_b2b_saas,84,b2b_inbound_outbound,Kraków,mobile,,mid,rocketjobs.pl,https://rocketjobs.pl/oferta-pracy/wittchen-account-manager---dzial-produktow-reklamowych-sprzedaz-b2b-krakow-sales-sieci-handlowe,2026-08-26,"sprzedaż, sprzedaż B2B, Microsoft Office, Microsoft Office Excel, prawo jazdy kat. B"
WITTCHEN S.A.,disqualified,80.4,Doradca / Doradczyni Klienta,high_ticket_b2c,80,,"Kraków, FUTURA",Stacjonarna,,,praca.pl,https://www.praca.pl/doradca-doradczyni-klienta_11526994.html,2 godziny temu,Twój zakres obowiązków Profesjonalna obsługa klientów salonu i aktywne wspieranie ich w procesie zakupowym. Rozpoznawanie potrzeb klientów oraz przedstawianie odpowiednich produktów i rozwiązań. Budowanie trwałych relacji i dbanie o wysoki poziom obsługi. Przygotowywanie oraz utrzymywanie...
WITTCHEN S.A.,disqualified,80.4,"Doradca Klienta [m, k]",high_ticket_b2c,80,,"Kraków, FUTURA",Stacjonarna,,,praca.pl,"https://www.praca.pl/doradca-klienta-m,k_11526988.html",2 godziny temu,Twój zakres obowiązków Aktywna pomoc i doradztwo klientom w zakupach; Dbałość o wygląd salonu i ekspozycję produktów; Budowanie relacji z klientami.
WITTCHEN S.A.,disqualified,80.4,Regionalny Kierownik Sprzedaży [k / m],sales_leadership,70,,mazowieckie,Mobilna,,Kierownik / kierowniczka / koordynator / koordynatorka,praca.pl,https://www.praca.pl/regionalny-kierownik-sprzedazy-k-m_11471434.html,4 dni temu,"Zakres obowiązków Odpowiedzialność za realizację planów sprzedażowych, KPI, budżetu i rentowności salonów w podległym regionie. Zarządzanie i rozwój zespołów sprzedażowych oraz kierowników salonów – rekrutacja, coaching, motywowanie i rozwój talentów. Nadzór nad..."
WITTCHEN S.A.,disqualified,80.4,Pracownik / Pracowniczka Salonu Sprzedaży,generic_sales,56,video_calls,Radom,Stacjonarna,,,praca.pl,https://www.praca.pl/pracownik-pracowniczka-salonu-sprzedazy_11534665.html,21 godzin temu,"Twój zakres obowiązków Aktywne doradzanie klientom podczas zakupów oraz pomoc w wyborze produktów dopasowanych do ich potrzeb. Budowanie pozytywnych i długotrwałych relacji z klientami poprzez profesjonalną obsługę. Dbanie o estetykę salonu, właściwą prezentację asortymentu oraz..."
WITTCHEN S.A.,disqualified,80.4,Regionalny Kierownik / Regionalna Kierowniczka Sprzedaży,generic_sales,50,,mazowieckie,Mobilna,,Kierownik / kierowniczka / koordynator / koordynatorka,praca.pl,https://www.praca.pl/regionalny-kierownik-regionalna-kierowniczka-sprzedazy_11471455.html,4 godziny temu,"Opis stanowiska Zarządzanie wynikami sprzedażowymi i biznesowymi sieci salonów w powierzonym regionie, z uwzględnieniem planów, KPI, budżetu i rentowności. Kierowanie zespołami sprzedażowymi oraz kadrą kierowniczą salonów, obejmujące rekrutację, rozwój kompetencji, coaching i..."
Nationale-Nederlanden,disqualified,80.3,Specjalista / Specjalistka ds. Pozyskiwania Kontaktów,sdr_bdr_inside,100,remote|junior_ramp,Białystok,remote,,junior,rocketjobs.pl,https://rocketjobs.pl/oferta-pracy/nationale-nederlanden-specjalista-specjalistka-ds-pozyskiwania-kontaktow-bialystok-sales-finanse-bankowosc-ubezpieczenia,2026-06-29,"komunikatywność, sprzedaż, budowanie relacji, finanse"
Nationale-Nederlanden,disqualified,80.3,Doradca/Doradczyni Klienta,high_ticket_b2c,86,junior_ramp,Jelenia Góra,hybrid,,junior,rocketjobs.pl,https://rocketjobs.pl/oferta-pracy/nationale-nederlanden-doradca-doradczyni-klienta-jelenia-gora-sales-finanse-bankowosc-ubezpieczenia-15a2e640,2026-08-21,Wykształcenie średnie
Nationale-Nederlanden,disqualified,80.3,"Doradca/Doradczyni Klienta – zmień swoją pracę na taką, którą polubisz",high_ticket_b2c,86,junior_ramp,Warszawa,hybrid,,junior,rocketjobs.pl,https://rocketjobs.pl/oferta-pracy/nationale-nederlanden-doradca-doradczyni-klienta---zmien-swoja-prace-na-taka-ktora-polubisz-warszawa-sales-finanse-bankowosc-ubezpieczenia-56a3aa43,2026-08-21,"obsługa klienta, sprzedaż"
Nationale-Nederlanden,disqualified,80.3,Doradca/Doradczyni Klienta - Podkarpacie,high_ticket_b2c,86,junior_ramp,Rzeszów,hybrid,,junior,rocketjobs.pl,https://rocketjobs.pl/oferta-pracy/nationale-nederlanden-doradca-doradczyni-klienta---podkarpacie-rzeszow-sales-finanse-bankowosc-ubezpieczenia-82b95447,2026-08-21,"obsługa klienta, sprzedaż"
Nationale-Nederlanden,disqualified,80.3,Specjalista ds. Ubezpieczeń (Gotowe leady + narzędzia AI),high_ticket_b2c,84,b2b_inbound_outbound,Łódź,hybrid,,mid,rocketjobs.pl,https://rocketjobs.pl/oferta-pracy/nationale-nederlanden-specjalista-ds-ubezpieczen-gotowe-leady-narzedzia-ai--lodz-sales-finanse-bankowosc-ubezpieczenia-2bc6f158,2026-09-16,"budowanie relacji, obsługa klienta, sprzedaż"
Nationale-Nederlanden,disqualified,80.3,Doradca/Doradczyni ds. Ubezpieczeń (B2B),ae_b2b_saas,84,b2b_inbound_outbound,Poznań,hybrid,,mid,rocketjobs.pl,https://rocketjobs.pl/oferta-pracy/nationale-nederlanden-doradca-doradczyni-ds-ubezpieczen-b2b--poznan-sales-finanse-bankowosc-ubezpieczenia-3ba1e253,2026-08-21,"prawo jazdy kat. B, obsługa klienta, sprzedaż"
Nationale-Nederlanden,disqualified,80.3,Specjalista ds. Ubezpieczeń (Gotowe leady + narzędzia AI),high_ticket_b2c,84,b2b_inbound_outbound,Bydgoszcz,hybrid,,mid,rocketjobs.pl,https://rocketjobs.pl/oferta-pracy/nationale-nederlanden-specjalista-ds-ubezpieczen-gotowe-leady-narzedzia-ai--bydgoszcz-sales-finanse-bankowosc-ubezpieczenia,2026-08-26,"budowanie relacji, obsługa klienta, sprzedaż"
Nationale-Nederlanden,disqualified,80.3,Specjalista ds. Ubezpieczeń (Gotowe leady + narzędzia AI),high_ticket_b2c,84,b2b_inbound_outbound,Gdańsk,hybrid,,mid,rocketjobs.pl,https://rocketjobs.pl/oferta-pracy/nationale-nederlanden-specjalista-ds-ubezpieczen-gotowe-leady-narzedzia-ai--gdansk-sales-finanse-bankowosc-ubezpieczenia,2026-08-26,"obsługa klienta, sprzedaż, budowanie relacji"
Nationale-Nederlanden,disqualified,80.3,Specjalista ds. Ubezpieczeń (Gotowe leady + narzędzia AI),high_ticket_b2c,84,b2b_inbound_outbound,Grójec,hybrid,,mid,rocketjobs.pl,https://rocketjobs.pl/oferta-pracy/nationale-nederlanden-specjalista-ds-ubezpieczen-gotowe-leady-narzedzia-ai--grojec-sales-finanse-bankowosc-ubezpieczenia,2026-08-26,"budowanie relacji, obsługa klienta, sprzedaż"
Nationale-Nederlanden,disqualified,80.3,Specjalista ds. Ubezpieczeń (Gotowe leady + narzędzia AI),high_ticket_b2c,84,b2b_inbound_outbound,Wrocław,hybrid,,mid,rocketjobs.pl,https://rocketjobs.pl/oferta-pracy/nationale-nederlanden-specjalista-ds-ubezpieczen-gotowe-leady-narzedzia-ai--wroclaw-sales-finanse-bankowosc-ubezpieczenia,2026-08-26,"budowanie relacji, obsługa klienta, sprzedaż"
Nationale-Nederlanden,disqualified,80.3,Specjalista ds. Ubezpieczeń (Gotowe leady + narzędzia AI),high_ticket_b2c,84,b2b_inbound_outbound,Lublin,hybrid,,mid,rocketjobs.pl,https://rocketjobs.pl/oferta-pracy/nationale-nederlanden-specjalista-ds-ubezpieczen-gotowe-leady-narzedzia-ai--lublin-sales-finanse-bankowosc-ubezpieczenia,2026-08-26,"budowanie relacji, obsługa klienta, sprzedaż"
Nationale-Nederlanden,disqualified,80.3,Specjalista ds. Ubezpieczeń (Gotowe leady + narzędzia AI),high_ticket_b2c,84,b2b_inbound_outbound,Bielsko-Biała,hybrid,,mid,rocketjobs.pl,https://rocketjobs.pl/oferta-pracy/nationale-nederlanden-specjalista-ds-ubezpieczen-gotowe-leady-narzedzia-ai--bielsko-biala-sales-finanse-bankowosc-ubezpieczenia,2026-08-26,"budowanie relacji, obsługa klienta, sprzedaż"
Nationale-Nederlanden,disqualified,80.3,Specjalista ds. Ubezpieczeń (Gotowe leady + narzędzia AI),high_ticket_b2c,84,b2b_inbound_outbound,Warszawa,hybrid,,mid,rocketjobs.pl,https://rocketjobs.pl/oferta-pracy/nationale-nederlanden-specjalista-ds-ubezpieczen-gotowe-leady-narzedzia-ai--warszawa-sales-finanse-bankowosc-ubezpieczenia,2026-08-26,"budowanie relacji, obsługa klienta, sprzedaż"
Nationale-Nederlanden,disqualified,80.3,Specjalista ds. Ubezpieczeń (Gotowe leady + narzędzia AI),high_ticket_b2c,84,b2b_inbound_outbound,Gliwice,hybrid,,mid,rocketjobs.pl,https://rocketjobs.pl/oferta-pracy/nationale-nederlanden-specjalista-ds-ubezpieczen-gotowe-leady-narzedzia-ai--gliwice-sales-finanse-bankowosc-ubezpieczenia,2026-08-26,"budowanie relacji, obsługa klienta, sprzedaż"
Nationale-Nederlanden,disqualified,80.3,Specjalista ds. Ubezpieczeń (Gotowe leady + narzędzia AI),high_ticket_b2c,84,b2b_inbound_outbound,Szczecin,hybrid,,mid,rocketjobs.pl,https://rocketjobs.pl/oferta-pracy/nationale-nederlanden-specjalista-ds-ubezpieczen-gotowe-leady-narzedzia-ai--szczecin-sales-finanse-bankowosc-ubezpieczenia,2026-08-26,"budowanie relacji, obsługa klienta, sprzedaż"
Nationale-Nederlanden,disqualified,80.3,Specjalista ds. Ubezpieczeń (Gotowe leady + narzędzia AI),high_ticket_b2c,84,b2b_inbound_outbound,Kraków,hybrid,,mid,rocketjobs.pl,https://rocketjobs.pl/oferta-pracy/nationale-nederlanden-specjalista-ds-ubezpieczen-gotowe-leady-narzedzia-ai--krakow-sales-finanse-bankowosc-ubezpieczenia,2026-08-26,"budowanie relacji, obsługa klienta, sprzedaż"
Nationale-Nederlanden,disqualified,80.3,Specjalista ds. Ubezpieczeń (Gotowe leady + narzędzia AI),high_ticket_b2c,84,b2b_inbound_outbound,Poznań,hybrid,,mid,rocketjobs.pl,https://rocketjobs.pl/oferta-pracy/nationale-nederlanden-specjalista-ds-ubezpieczen-gotowe-leady-narzedzia-ai--poznan-sales-finanse-bankowosc-ubezpieczenia,2026-08-26,"budowanie relacji, obsługa klienta, sprzedaż"
Nationale-Nederlanden,disqualified,80.3,Ekspert / Ekspertka Obszaru ds. Sprzedaży Ubezpieczeń Grupowych,high_ticket_b2c,80,,Warszawa,mobile,,mid,rocketjobs.pl,https://rocketjobs.pl/oferta-pracy/nationale-nederlanden-ekspert-ekspertka-obszaru-ds-sprzedazy-ubezpieczen-grupowych-warszawa-sales-finanse-bankowosc-ubezpieczenia,2026-09-09,"sprzedaż, prawo jazdy kat. B, praca z klientem"
Nationale-Nederlanden,disqualified,80.3,Ekspert / Ekspertka Obszaru ds. Sprzedaży Ubezpieczeń Grupowych,high_ticket_b2c,80,,Kraków,mobile,,mid,rocketjobs.pl,https://rocketjobs.pl/oferta-pracy/nationale-nederlanden-ekspert-ekspertka-obszaru-ds-sprzedazy-ubezpieczen-grupowych-krakow-sales-finanse-bankowosc-ubezpieczenia,2026-09-09,"sprzedaż, prawo jazdy kat. B, praca z klientem"
Nationale-Nederlanden,disqualified,80.3,Doradca/Doradczyni Klienta Biznesowego,high_ticket_b2c,80,,Wrocław,hybrid,4200-4200 PLN/month b2b,mid,rocketjobs.pl,https://rocketjobs.pl/oferta-pracy/nationale-nederlanden-doradca-doradczyni-klienta-biznesowego-wroclaw-sales-finanse-bankowosc-ubezpieczenia,2026-08-21,"obsługa klienta, sprzedaż, prawo jazdy kat. B"
Nationale-Nederlanden,disqualified,80.3,Doradca/Doradczyni Klienta Indywidualnego i Biznesowego,high_ticket_b2c,80,,Lublin,hybrid,,mid,rocketjobs.pl,https://rocketjobs.pl/oferta-pracy/nationale-nederlanden-doradca-doradczyni-klienta-indywidualnego-i-biznesowego-lublin-sales-finanse-bankowosc-ubezpieczenia,2026-08-26,"budowanie relacji, obsługa klienta, sprzedaż"
Nationale-Nederlanden,disqualified,80.3,Doradca/Doradczyni Klienta Indywidualnego i Biznesowego,high_ticket_b2c,80,,Kraków,hybrid,,mid,rocketjobs.pl,https://rocketjobs.pl/oferta-pracy/nationale-nederlanden-doradca-doradczyni-klienta-indywidualnego-i-biznesowego-krakow-sales-finanse-bankowosc-ubezpieczenia,2026-08-26,"budowanie relacji, obsługa klienta, sprzedaż"
Nationale-Nederlanden,disqualified,80.3,Doradca/Doradczyni Klienta Indywidualnego i Biznesowego,high_ticket_b2c,80,,Gdańsk,hybrid,,mid,rocketjobs.pl,https://rocketjobs.pl/oferta-pracy/nationale-nederlanden-doradca-doradczyni-klienta-indywidualnego-i-biznesowego-gdansk-sales-finanse-bankowosc-ubezpieczenia,2026-08-26,"obsługa klienta, sprzedaż, budowanie relacji"
Nationale-Nederlanden,disqualified,80.3,Doradca/Doradczyni Klienta Indywidualnego i Biznesowego,high_ticket_b2c,80,,Wrocław,hybrid,,mid,rocketjobs.pl,https://rocketjobs.pl/oferta-pracy/nationale-nederlanden-doradca-doradczyni-klienta-indywidualnego-i-biznesowego-wroclaw-sales-finanse-bankowosc-ubezpieczenia,2026-08-26,"budowanie relacji, obsługa klienta, sprzedaż"
Nationale-Nederlanden,disqualified,80.3,Doradca/Doradczyni Klienta Indywidualnego i Biznesowego,high_ticket_b2c,80,,Łódź,hybrid,,mid,rocketjobs.pl,https://rocketjobs.pl/oferta-pracy/nationale-nederlanden-doradca-doradczyni-klienta-indywidualnego-i-biznesowego-lodz-sales-finanse-bankowosc-ubezpieczenia,2026-08-26,"budowanie relacji, obsługa klienta, sprzedaż"
Nationale-Nederlanden,disqualified,80.3,Doradca/Doradczyni Klienta Indywidualnego i Biznesowego,high_ticket_b2c,80,,Bydgoszcz,hybrid,,mid,rocketjobs.pl,https://rocketjobs.pl/oferta-pracy/nationale-nederlanden-doradca-doradczyni-klienta-indywidualnego-i-biznesowego-bydgoszcz-sales-finanse-bankowosc-ubezpieczenia,2026-08-26,"budowanie relacji, obsługa klienta, sprzedaż"
Nationale-Nederlanden,disqualified,80.3,Doradca/Doradczyni Klienta Indywidualnego i Biznesowego,high_ticket_b2c,80,,Gliwice,hybrid,,mid,rocketjobs.pl,https://rocketjobs.pl/oferta-pracy/nationale-nederlanden-doradca-doradczyni-klienta-indywidualnego-i-biznesowego-gliwice-sales-finanse-bankowosc-ubezpieczenia,2026-08-26,"budowanie relacji, obsługa klienta, sprzedaż"
Nationale-Nederlanden,disqualified,80.3,Doradca/Doradczyni Klienta Indywidualnego i Biznesowego,high_ticket_b2c,80,,Szczecin,hybrid,,mid,rocketjobs.pl,https://rocketjobs.pl/oferta-pracy/nationale-nederlanden-doradca-doradczyni-klienta-indywidualnego-i-biznesowego-szczecin-sales-finanse-bankowosc-ubezpieczenia,2026-08-26,"budowanie relacji, obsługa klienta, sprzedaż"
Nationale-Nederlanden,disqualified,80.3,Doradca/Doradczyni Klienta Indywidualnego i Biznesowego,high_ticket_b2c,80,,Bielsko-Biała,hybrid,,mid,rocketjobs.pl,https://rocketjobs.pl/oferta-pracy/nationale-nederlanden-doradca-doradczyni-klienta-indywidualnego-i-biznesowego-bielsko-biala-sales-finanse-bankowosc-ubezpieczenia,2026-08-26,"budowanie relacji, obsługa klienta, sprzedaż"
Nationale-Nederlanden,disqualified,80.3,Doradca/Doradczyni Klienta Indywidualnego i Biznesowego,high_ticket_b2c,80,,Poznań,hybrid,,mid,rocketjobs.pl,https://rocketjobs.pl/oferta-pracy/nationale-nederlanden-doradca-doradczyni-klienta-indywidualnego-i-biznesowego-poznan-sales-finanse-bankowosc-ubezpieczenia,2026-08-26,"budowanie relacji, obsługa klienta, sprzedaż"
Nationale-Nederlanden,disqualified,80.3,Doradca/Doradczyni Klienta Indywidualnego i Biznesowego,high_ticket_b2c,80,,Warszawa,hybrid,,mid,rocketjobs.pl,https://rocketjobs.pl/oferta-pracy/nationale-nederlanden-doradca-doradczyni-klienta-indywidualnego-i-biznesowego-warszawa-sales-finanse-bankowosc-ubezpieczenia,2026-08-26,"budowanie relacji, obsługa klienta, sprzedaż"
Nationale-Nederlanden,disqualified,80.3,Doradca/Doradczyni Klienta Indywidualnego i Biznesowego,high_ticket_b2c,80,,Grójec,hybrid,,mid,rocketjobs.pl,https://rocketjobs.pl/oferta-pracy/nationale-nederlanden-doradca-doradczyni-klienta-indywidualnego-i-biznesowego-grojec-sales-finanse-bankowosc-ubezpieczenia,2026-08-26,"budowanie relacji, obsługa klienta, sprzedaż"
Nationale-Nederlanden,disqualified,80.3,Rozwijaj Karierę w Sprzedaży Premium + AI | Duże zarobki | Gliwice,generic_sales,54,commission,Gliwice,hybrid,,mid,rocketjobs.pl,https://rocketjobs.pl/oferta-pracy/nationale-nederlanden-rozwijaj-kariere-w-sprzedazy-premium-ai-duze-zarobki-gliwice-gliwice-sales-finanse-bankowosc-ubezpieczenia-8cce13bb,2026-08-21,"obsługa klienta, sprzedaż"
Nationale-Nederlanden,disqualified,80.3,Kierownik/Kierowniczka Zespołu Sprzedaży,generic_sales,50,,Gliwice,hybrid,,manager,rocketjobs.pl,https://rocketjobs.pl/oferta-pracy/nationale-nederlanden-kierownik-kierowniczka-zespolu-sprzedazy-gliwice-sales-finanse-bankowosc-ubezpieczenia,2026-07-30,"sprzedaż, kompetencje interpersonalne, zarządzanie zespołem"
Rublon,qualified,80.0,Sales Development Representative (SDR) – Spain & LATAM,sdr_bdr_inside,100,video_calls|remote|script_crm|b2b_inbound_outbound,Kraków,remote,,mid,rocketjobs.pl,https://rocketjobs.pl/oferta-pracy/rublon-sales-development-representative-sdr---spain-latam-krakow-sales-it-i-telekomunikacja,2026-08-07,"Inbound sales, outbound sales, Demo Booking, CRM"
Rublon,qualified,80.0,Sales Development Representative (SDR),sdr_bdr_inside,100,video_calls|remote|script_crm|b2b_inbound_outbound,Kraków,remote,,mid,rocketjobs.pl,https://rocketjobs.pl/oferta-pracy/rublon-sales-development-representative-sdr--krakow-sales-it-i-telekomunikacja,2026-08-07,"Inbound sales, outbound sales, Demo Booking, CRM"
Rublon,qualified,80.0,Specjalista ds. Rozwoju Sprzedaży (SDR),sdr_bdr_inside,100,video_calls|script_crm|b2b_inbound_outbound,Kraków,hybrid,6720-9240 PLN/hour mandate_contract,mid,rocketjobs.pl,https://rocketjobs.pl/oferta-pracy/rublon-specjalista-ds-rozwoju-sprzedazy-sdr--krakow-sales-it-i-telekomunikacja,2026-08-07,"Inbound sales, outbound sales, Demo Booking, CRM"
Surveily,qualified,80.0,Business Development Representative (B2B International Outbound) | Surveily AI,telesales_callcenter,100,remote|b2b_inbound_outbound,Wrocław,remote,11000-16000 PLN/month b2b,senior,rocketjobs.pl,https://rocketjobs.pl/oferta-pracy/surveily-business-development-representative-b2b-international-outbound-surveily-ai-wroclaw-sales-it-i-telekomunikacja,2026-07-16,"outbound sales, presentation skills, LinkedIn prospecting, negotiation, lead generation, business development, pipeline management"
Surveily,qualified,80.0,SDR Sales Development Representative (B2B International Outbound),telesales_callcenter,99,b2b_inbound_outbound,Wrocław,hybrid,11000-16000 PLN/month b2b,senior,rocketjobs.pl,https://rocketjobs.pl/oferta-pracy/surveily-sdr-sales-development-representative-b2b-international-outbound--wroclaw-sales-it-i-telekomunikacja,2026-08-08,"outbound sales, presentation skills, LinkedIn prospecting, negotiation, lead generation, business development, pipeline management, sprzedaż"
Surveily,qualified,80.0,Business Development Representative (B2B International Outbound) | Surveily AI | WROCŁAW,telesales_callcenter,99,b2b_inbound_outbound,Wrocław,hybrid,11000-16000 PLN/month b2b,senior,rocketjobs.pl,https://rocketjobs.pl/oferta-pracy/surveily-business-development-representative-b2b-international-outbound-surveily-ai-wroclaw-wroclaw-sales-it-i-telekomunikacja-233f205f,2026-09-02,"business development, lead generation, LinkedIn prospecting, outbound sales, pipeline management, negotiation, presentation skills"
SINGU,qualified,79.4,Sales Representative,sdr_bdr_inside,99,script_crm|b2b_inbound_outbound,Kraków,hybrid,9500-12000 PLN/month b2b,mid,rocketjobs.pl,https://rocketjobs.pl/oferta-pracy/singu-sales-representative-krakow-sales-it-i-telekomunikacja,2026-09-17,"sprzedaż B2B, HubSpot"
SINGU,qualified,79.4,Sales Representative with German – QRmaint,sdr_bdr_inside,99,script_crm|b2b_inbound_outbound,Kraków,hybrid,17500-30000 PLN/month b2b,mid,rocketjobs.pl,https://rocketjobs.pl/oferta-pracy/singu-sales-representative-with-german---qrmaint-krakow-sales-it-i-telekomunikacja,2026-09-17,"sprzedaż B2B, HubSpot"
SINGU,qualified,79.4,Sales Representative – QRmaint,sdr_bdr_inside,99,script_crm|b2b_inbound_outbound,Kraków,hybrid,17500-20000 PLN/month b2b,mid,rocketjobs.pl,https://rocketjobs.pl/oferta-pracy/singu-sales-representative---qrmaint-krakow-sales-it-i-telekomunikacja,2026-09-17,"sprzedaż B2B, HubSpot"
Pikseo Rafał Łapka Sp. k.,qualified,79.3,Junior Sales Specialist (digital marketing),sdr_bdr_inside,96,junior_ramp,Warszawa,office,6800-6800 PLN/month permanent,junior,rocketjobs.pl,https://rocketjobs.pl/oferta-pracy/pikseo-rafal-lapka-sp-k--junior-sales-specialist-digital-marketing--warszawa-sales-marketing-reklama-media-d8242d9d,2026-09-15,"budowanie relacji, komunikatywność, obsługa klienta"
Pikseo Rafał Łapka Sp. k.,qualified,79.3,Sales Team Leader / Leaderka (digital marketing),sales_leadership,74,b2b_inbound_outbound,Poznań,office,9000-11500 PLN/month permanent,manager,rocketjobs.pl,https://rocketjobs.pl/oferta-pracy/pikseo-rafal-lapka-sp-k--sales-team-leader-leaderka-digital-marketing--poznan-sales-marketing-reklama-media-9eadfe8c,2026-09-16,"zarządzanie zespołem, prawo jazdy kat. B, marketing, SEO, SEM, social media, sprzedaż, zarządzanie sprzedażą"
Polentis Energy,qualified,79.3,Młodszy Specjalista / Młodsza Specjalistka ds. Pozyskiwania Klientów ,sdr_bdr_inside,96,junior_ramp,Gdańsk,mobile,7000-15000 PLN/month mandate_contract,junior,rocketjobs.pl,https://rocketjobs.pl/oferta-pracy/polentis-energy-mlodszy-specjalista-mlodsza-specjalistka-ds-pozyskiwania-klientow-gdansk-sales-energia-srodowisko,2026-07-07,"sprzedaż OZE, prawo jazdy kat. B, sprzedaż"
Polentis Energy,qualified,79.3,Doradca Klienta / Specjalista ds. sprzedaży OZE (k/m),high_ticket_b2c,86,junior_ramp,Gdynia,mobile,10000-30000 PLN/month mandate_contract,junior,rocketjobs.pl,https://rocketjobs.pl/oferta-pracy/polentis-energy-doradca-klienta-specjalista-ds-sprzedazy-oze-k-m--gdynia-sales-energia-srodowisko,2026-07-10,"prawo jazdy kat. B, sprzedaż"
Polentis Energy,qualified,79.3,Doradca Klienta – Inteligentne Systemy Zarządzania Energią (EMS) dla domów (k/m),high_ticket_b2c,86,junior_ramp,Gdynia,mobile,10000-30000 PLN/month mandate_contract,junior,rocketjobs.pl,https://rocketjobs.pl/oferta-pracy/polentis-energy-doradca-klienta---inteligentne-systemy-zarzadzania-energia-ems-dla-domow-k-m--gdynia-sales-energia-srodowisko,2026-07-10,"prawo jazdy kat. B, sprzedaż"
Polentis Energy,qualified,79.3,Specjalista ds. Sprzedaży OZE (k/m),high_ticket_b2c,86,junior_ramp,Gdynia,mobile,10000-30000 PLN/month b2b,junior,rocketjobs.pl,https://rocketjobs.pl/oferta-pracy/polentis-energy-specjalista-ds-sprzedazy-oze-k-m--gdynia-sales-energia-srodowisko,2026-07-10,"prawo jazdy kat. B, sprzedaż"
Polentis Energy,qualified,79.3,Przedstawiciel Handlowy ds. OZE (k/m),high_ticket_b2c,76,junior_ramp,Gdynia,mobile,10000-30000 PLN/month b2b,junior,rocketjobs.pl,https://rocketjobs.pl/oferta-pracy/polentis-energy-przedstawiciel-handlowy-ds-oze-k-m--gdynia-sales-energia-srodowisko,2026-07-10,"prawo jazdy kat. B, sprzedaż"
Polentis Energy,qualified,79.3,Specjalista ds. Sprzedaży (k/m),sales_specialist,66,junior_ramp,Gdynia,mobile,10000-30000 PLN/month b2b,junior,rocketjobs.pl,https://rocketjobs.pl/oferta-pracy/polentis-energy-specjalista-ds-sprzedazy-k-m--gdynia-sales-energia-srodowisko,2026-07-10,"prawo jazdy kat. B, sprzedaż"
Espeo Software Sp. z o.o.,qualified,78.3,Outbound Specialist,telesales_callcenter,100,remote|b2b_inbound_outbound,Poznań,remote,7000-9000 PLN/month b2b,mid,rocketjobs.pl,https://rocketjobs.pl/oferta-pracy/espeo-software-sp-z-o-o--outbound-specialist-poznan-sales-it-i-telekomunikacja,2026-09-18,"sprzedaż B2B, customer service, e-mail marketing, sprzedaż"
Espeo Software Sp. z o.o.,qualified,78.3,Sales Development Representative,sdr_bdr_inside,98,remote|b2b_inbound_outbound,Poznań,remote,7000-9000 PLN/month b2b,mid,rocketjobs.pl,https://rocketjobs.pl/oferta-pracy/espeo-software-sp-z-o-o--sales-development-representative-poznan-sales-it-i-telekomunikacja,2026-09-18,"sprzedaż B2B, customer service, e-mail marketing"
Espeo Software Sp. z o.o.,qualified,78.3,Specjalista ds. wsparcia sprzedaży,generic_sales,64,remote|junior_ramp|b2b_inbound_outbound,Poznań,remote,7000-9000 PLN/month b2b,junior,rocketjobs.pl,https://rocketjobs.pl/oferta-pracy/espeo-software-sp-z-o-o--specjalista-ds-wsparcia-sprzedazy-poznan-sales-it-i-telekomunikacja,2026-09-21,"sprzedaż B2B, B2B marketing, samodzielność"
Espeo Software Sp. z o.o.,qualified,78.3,Account Manager,account_mgmt,55,,Poznań,hybrid,13400-16800 PLN/month b2b,manager,rocketjobs.pl,https://rocketjobs.pl/oferta-pracy/espeo-software-sp-z-o-o--account-manager-poznan-sales-it-i-telekomunikacja-50e69232,2026-09-03,account management
Grupa VIST,qualified,78.3,Outbound Specialist,telesales_callcenter,100,phone|remote|junior_ramp|b2b_inbound_outbound,Wrocław,remote,6000-6000 PLN/month b2b,junior,rocketjobs.pl,https://rocketjobs.pl/oferta-pracy/grupa-vist-outbound-specialist-wroclaw-sales-marketing-reklama-media-5c617c61,2026-07-29,"cold calling, cold mailing, Umiejętności interpersonalne, komunikacja, organizacja pracy"
Grupa VIST,qualified,78.3,Junior Sales Specialist,sdr_bdr_inside,100,phone|remote|junior_ramp|b2b_inbound_outbound,Wrocław,remote,6000-6000 PLN/month b2b,junior,rocketjobs.pl,https://rocketjobs.pl/oferta-pracy/grupa-vist-junior-sales-specialist-wroclaw-sales-marketing-reklama-media-b96b1555,2026-08-03,"cold calling, cold mailing, Umiejętności interpersonalne, komunikacja, organizacja pracy"
Grupa VIST,qualified,78.3,Junior Pre-Sales Specialist,sales_specialist,84,phone|remote|junior_ramp|b2b_inbound_outbound,Wrocław,remote,5000-6000 PLN/month mandate_contract,junior,rocketjobs.pl,https://rocketjobs.pl/oferta-pracy/grupa-vist-junior-pre-sales-specialist-wroclaw-sales-marketing-reklama-media-4658695a,2026-07-13,"cold calling, cold mailing, Umiejętności interpersonalne, komunikacja, organizacja pracy"
Grupa VIST,qualified,78.3,Customer Success,account_mgmt,59,remote,Wrocław,remote,6000-9000 PLN/month b2b,mid,rocketjobs.pl,https://rocketjobs.pl/oferta-pracy/grupa-vist-customer-success-wroclaw-sales-marketing-reklama-media,2026-09-23,"sprzedaż, obsługa klienta"
E-commerce Berlin Expo,qualified,78.1,German Speaking Business Development Manager (New Business),sdr_bdr_inside,94,b2b_inbound_outbound,Poznań,hybrid,8000-16000 PLN/month b2b,mid,rocketjobs.pl,https://rocketjobs.pl/oferta-pracy/e-commerce-berlin-expo-german-speaking-business-development-manager-new-business--poznan-sales-marketing-reklama-media-852172f5,2026-10-02,"sales, negotiation, B2B, new business, cold outreach"
E-commerce Berlin Expo,qualified,78.1,German Speaking Business Development/Sales Manager,sales_leadership,86,phone|video_calls,Poznań,hybrid,9000-17000 PLN/month any,mid,rocketjobs.pl,https://rocketjobs.pl/oferta-pracy/e-commerce-berlin-expo-german-speaking-business-development-sales-manager-poznan-sales-marketing-reklama-media-0fa25c7f,2026-08-12,"Videocall, sales, Teamplayer, negotiation, networking"
Growton Group,qualified,78.0,Doradca Klienta (k/m),high_ticket_b2c,80,,Warszawa,mobile,,mid,rocketjobs.pl,https://rocketjobs.pl/oferta-pracy/growton-group-doradca-klienta-k-m--warszawa-sales-nieruchomosci-budownictwo,2026-08-04,sprzedaż
Growton Group,qualified,78.0,Doradca Klienta (k/m),high_ticket_b2c,80,,Katowice,mobile,,mid,rocketjobs.pl,https://rocketjobs.pl/oferta-pracy/growton-group-doradca-klienta-k-m--katowice-sales-inne,2026-09-09,sprzedaż
Growton Group,qualified,78.0,Kierownik Zespołu Sprzedaży (k/m),sales_leadership,74,b2b_inbound_outbound,Łask,office,,manager,rocketjobs.pl,https://rocketjobs.pl/oferta-pracy/growton-group-kierownik-zespolu-sprzedazy-k-m--lask-sales-inzynieria-technika-produkcja,2026-07-13,"B2B, zarządzanie zespołem, zarządzanie sprzedażą"
Growton Group,qualified,78.0,Lider Zespołu Sprzedaży (k/m),sales_leadership,74,b2b_inbound_outbound,Łask,office,,manager,rocketjobs.pl,https://rocketjobs.pl/oferta-pracy/growton-group-lider-zespolu-sprzedazy-k-m--lask-sales-inzynieria-technika-produkcja-9893d118,2026-09-02,"zarządzanie sprzedażą, zarządzanie zespołem, B2B"
Growton Group,qualified,78.0,Dyrektor Sprzedaży (k/m),sales_leadership,74,b2b_inbound_outbound,Warszawa,office,,c_level,rocketjobs.pl,https://rocketjobs.pl/oferta-pracy/growton-group-dyrektor-sprzedazy-k-m--warszawa-sales-it-i-telekomunikacja,2026-09-07,"B2B, zarządzanie zespołem, zarządzanie sprzedażą"
Growton Group,qualified,78.0,Specjalista ds. Sprzedaży (k/m),sales_specialist,73,remote|script_crm|b2b_inbound_outbound,Zgierz,remote,9000-12000 PLN/month b2b,mid,rocketjobs.pl,https://rocketjobs.pl/oferta-pracy/growton-group-specjalista-ds-sprzedazy-k-m--zgierz-sales-inzynieria-technika-produkcja,2026-09-11,"prospecting, sprzedaż B2B, CRM"
Growton Group,qualified,78.0, Specjalista ds. Sprzedaży (k/m),sales_specialist,68,remote|b2b_inbound_outbound,Łódź,remote,,senior,rocketjobs.pl,https://rocketjobs.pl/oferta-pracy/growton-group--specjalista-ds-sprzedazy-k-m--lodz-sales-inne,2026-08-03,sprzedaż B2B
Growton Group,qualified,78.0,Specjalista ds. Sprzedaży  (k/m) ,sales_specialist,60,,Warszawa,mobile,,mid,rocketjobs.pl,https://rocketjobs.pl/oferta-pracy/growton-group-specjalista-ds-sprzedazy-k-m--warszawa-sales-inne,2026-09-10,sprzedaż
Growton Group,qualified,78.0,Specjalista ds. Sprzedaży  (k/m) ,sales_specialist,60,,Katowice,mobile,,mid,rocketjobs.pl,https://rocketjobs.pl/oferta-pracy/growton-group-specjalista-ds-sprzedazy-k-m--katowice-sales-inne,2026-09-10,sprzedaż
Growton Group,qualified,78.0,Regionalny Opiekun Marki(k/m),account_mgmt,59,b2b_inbound_outbound,Szczecin,mobile,,mid,rocketjobs.pl,https://rocketjobs.pl/oferta-pracy/growton-group-regionalny-opiekun-marki-k-m--szczecin-sales-kosmetyki-chemia,2026-09-17,sprzedaż B2B
Growton Group,qualified,78.0,Regionalny Opiekun Marki(k/m),account_mgmt,59,b2b_inbound_outbound,Gdańsk,mobile,,mid,rocketjobs.pl,https://rocketjobs.pl/oferta-pracy/growton-group-regionalny-opiekun-marki-k-m--gdansk-sales-kosmetyki-chemia,2026-09-17,sprzedaż B2B
Growton Group,qualified,78.0,Specjalista/ka ds. Sprzedaży,generic_sales,54,b2b_inbound_outbound,Łódź,office,,mid,rocketjobs.pl,https://rocketjobs.pl/oferta-pracy/growton-group-specjalista-ka-ds-sprzedazy-lodz-sales-uslugi-profesjonalne-d6f6761e,2026-09-09,"praca tymczasowa, sprzedaż B2B"
Growton Group,qualified,78.0,Przedstawiciel/ka handlowy/a,generic_sales,54,b2b_inbound_outbound,Warszawa,mobile,,mid,rocketjobs.pl,https://rocketjobs.pl/oferta-pracy/growton-group-przedstawiciel-ka-handlowy-a-warszawa-sales-inne,2026-09-17,sprzedaż B2B
ECO RUN,qualified,77.7,Specjalista ds. Pozyskiwania Klientów,sdr_bdr_inside,96,junior_ramp,Rzeszów,hybrid,,junior,rocketjobs.pl,https://rocketjobs.pl/oferta-pracy/eco-run-specjalista-ds-pozyskiwania-klientow-rzeszow-sales-energia-srodowisko,2026-08-27,"prawo jazdy kat. B, komunikatywność, samodzielność"
ECO RUN,qualified,77.7,Doradca / Doradczyni klienta,high_ticket_b2c,86,junior_ramp,Rzeszów,mobile,,junior,rocketjobs.pl,https://rocketjobs.pl/oferta-pracy/eco-run-doradca-doradczyni-klienta-rzeszow-sales-energia-srodowisko,2026-08-27,"prawo jazdy kat. B, komunikatywność, samodzielność"
ECO RUN,qualified,77.7,Promotor Marki OZE | Łowicz,high_ticket_b2c,70,,Łowicz,mobile,,mid,rocketjobs.pl,https://rocketjobs.pl/oferta-pracy/eco-run-promotor-marki-oze-lowicz-lowicz-sales-energia-srodowisko-e5a95da8,2026-09-29,"komunikatywność, prawo jazdy kat. B"
ECO RUN,qualified,77.7,Promotor Marki OZE | Stalowa Wola,high_ticket_b2c,70,,Stalowa Wola,mobile,,mid,rocketjobs.pl,https://rocketjobs.pl/oferta-pracy/eco-run-promotor-marki-oze-stalowa-wola-stalowa-wola-sales-energia-srodowisko-e0f802e4,2026-09-29,"komunikatywność, prawo jazdy kat. B"
ECO RUN,qualified,77.7,Promotor Marki OZE | Wieliczka,high_ticket_b2c,70,,Wieliczka,mobile,,mid,rocketjobs.pl,https://rocketjobs.pl/oferta-pracy/eco-run-promotor-marki-oze-wieliczka-wieliczka-sales-energia-srodowisko-0ee15072,2026-09-29,"komunikatywność, prawo jazdy kat. B"
ECO RUN,qualified,77.7,Promotor Marki OZE | Ostrołęka,high_ticket_b2c,70,,Ostrołęka,mobile,,mid,rocketjobs.pl,https://rocketjobs.pl/oferta-pracy/eco-run-promotor-marki-oze-ostroleka-ostroleka-sales-energia-srodowisko-e112d4cb,2026-09-29,"komunikatywność, prawo jazdy kat. B"
ECO RUN,qualified,77.7,Promotor Marki OZE | Ostrów Wielkopolski,high_ticket_b2c,70,,Ostrów Wielkopolski,mobile,,mid,rocketjobs.pl,https://rocketjobs.pl/oferta-pracy/eco-run-promotor-marki-oze-ostrow-wielkopolski-ostrow-wielkopolski-sales-energia-srodowisko-cf99479c,2026-09-29,"komunikatywność, prawo jazdy kat. B"
ECO RUN,qualified,77.7,Promotor Marki OZE | Płock,high_ticket_b2c,70,,Płock,mobile,,mid,rocketjobs.pl,https://rocketjobs.pl/oferta-pracy/eco-run-promotor-marki-oze-plock-plock-sales-energia-srodowisko-3f852c05,2026-09-29,"komunikatywność, prawo jazdy kat. B"
ECO RUN,qualified,77.7,Promotor Marki OZE | Płońsk,high_ticket_b2c,70,,Płońsk,mobile,,mid,rocketjobs.pl,https://rocketjobs.pl/oferta-pracy/eco-run-promotor-marki-oze-plonsk-plonsk-sales-energia-srodowisko-d6cd3095,2026-09-29,"komunikatywność, prawo jazdy kat. B"
ECO RUN,qualified,77.7,Promotor Marki OZE | Pruszków,high_ticket_b2c,70,,Pruszków,mobile,,mid,rocketjobs.pl,https://rocketjobs.pl/oferta-pracy/eco-run-promotor-marki-oze-pruszkow-pruszkow-sales-energia-srodowisko-3b62ea79,2026-09-29,"komunikatywność, prawo jazdy kat. B"
ECO RUN,qualified,77.7,Promotor Marki OZE | Siedlce,high_ticket_b2c,70,,Siedlce,mobile,,mid,rocketjobs.pl,https://rocketjobs.pl/oferta-pracy/eco-run-promotor-marki-oze-siedlce-siedlce-sales-energia-srodowisko-80ce92c9,2026-09-29,"komunikatywność, prawo jazdy kat. B"
ECO RUN,qualified,77.7,Promotor Marki OZE | Leszno,high_ticket_b2c,70,,Leszno,mobile,,mid,rocketjobs.pl,https://rocketjobs.pl/oferta-pracy/eco-run-promotor-marki-oze-leszno-leszno-sales-energia-srodowisko-69d5910c,2026-09-29,"komunikatywność, prawo jazdy kat. B"
ECO RUN,qualified,77.7,Promotor Marki OZE | Piaseczno,high_ticket_b2c,70,,Piaseczno,mobile,,mid,rocketjobs.pl,https://rocketjobs.pl/oferta-pracy/eco-run-promotor-marki-oze-piaseczno-piaseczno-sales-energia-srodowisko-40a467b7,2026-09-29,"komunikatywność, prawo jazdy kat. B"
ECO RUN,qualified,77.7,Promotor Marki OZE | Turek,high_ticket_b2c,70,,Turek,mobile,,mid,rocketjobs.pl,https://rocketjobs.pl/oferta-pracy/eco-run-promotor-marki-oze-turek-turek-sales-energia-srodowisko-08492cba,2026-09-29,"komunikatywność, prawo jazdy kat. B"
ECO RUN,qualified,77.7,Promotor Marki OZE | Legionowo,high_ticket_b2c,70,,Legionowo,mobile,,mid,rocketjobs.pl,https://rocketjobs.pl/oferta-pracy/eco-run-promotor-marki-oze-legionowo-legionowo-sales-energia-srodowisko-e688942b,2026-09-29,"komunikatywność, prawo jazdy kat. B"
ECO RUN,qualified,77.7,Promotor Marki OZE | Radom,high_ticket_b2c,70,,Radom,mobile,,mid,rocketjobs.pl,https://rocketjobs.pl/oferta-pracy/eco-run-promotor-marki-oze-radom-radom-sales-energia-srodowisko-16ca69dd,2026-09-29,"komunikatywność, prawo jazdy kat. B"
ECO RUN,qualified,77.7,Promotor Marki OZE | Wrocław,high_ticket_b2c,70,,Wrocław,mobile,,mid,rocketjobs.pl,https://rocketjobs.pl/oferta-pracy/eco-run-promotor-marki-oze-wroclaw-wroclaw-sales-energia-srodowisko-8714f50d,2026-09-29,"komunikatywność, prawo jazdy kat. B"
ECO RUN,qualified,77.7,Promotor Marki OZE | Niepołomice,high_ticket_b2c,70,,Niepołomice,mobile,,mid,rocketjobs.pl,https://rocketjobs.pl/oferta-pracy/eco-run-promotor-marki-oze-niepolomice-niepolomice-sales-energia-srodowisko-d9faea26,2026-09-29,"komunikatywność, prawo jazdy kat. B"
ECO RUN,qualified,77.7,Promotor Marki OZE | Krosno,high_ticket_b2c,70,,Krosno,mobile,,mid,rocketjobs.pl,https://rocketjobs.pl/oferta-pracy/eco-run-promotor-marki-oze-krosno-krosno-sales-energia-srodowisko-76c14813,2026-09-29,"komunikatywność, prawo jazdy kat. B"
ECO RUN,qualified,77.7,Promotor Marki OZE | Września,high_ticket_b2c,70,,Września,mobile,,mid,rocketjobs.pl,https://rocketjobs.pl/oferta-pracy/eco-run-promotor-marki-oze-wrzesnia-wrzesnia-sales-energia-srodowisko-5a565942,2026-09-29,"komunikatywność, prawo jazdy kat. B"
ECO RUN,qualified,77.7,Promotor Marki OZE | Łódź,high_ticket_b2c,70,,Łódź,mobile,,mid,rocketjobs.pl,https://rocketjobs.pl/oferta-pracy/eco-run-promotor-marki-oze-lodz-lodz-sales-energia-srodowisko-24b3840c,2026-09-29,"komunikatywność, prawo jazdy kat. B"
ECO RUN,qualified,77.7,Promotor Marki OZE | Garwolin,high_ticket_b2c,70,,Garwolin,mobile,,mid,rocketjobs.pl,https://rocketjobs.pl/oferta-pracy/eco-run-promotor-marki-oze-garwolin-garwolin-sales-energia-srodowisko-52ac7f85,2026-09-29,"komunikatywność, prawo jazdy kat. B"
ECO RUN,qualified,77.7,Promotor Marki OZE | Sandomierz,high_ticket_b2c,70,,Sandomierz,mobile,,mid,rocketjobs.pl,https://rocketjobs.pl/oferta-pracy/eco-run-promotor-marki-oze-sandomierz-sandomierz-sales-energia-srodowisko-7549c087,2026-09-29,"komunikatywność, prawo jazdy kat. B"
ECO RUN,qualified,77.7,Promotor Marki OZE | Grodzisk Mazowiecki,high_ticket_b2c,70,,Grodzisk Mazowiecki,mobile,,mid,rocketjobs.pl,https://rocketjobs.pl/oferta-pracy/eco-run-promotor-marki-oze-grodzisk-mazowiecki-grodzisk-mazowiecki-sales-energia-srodowisko-d2b60f9d,2026-09-29,"komunikatywność, prawo jazdy kat. B"
ECO RUN,qualified,77.7,Promotor Marki OZE | Oleśnica,high_ticket_b2c,70,,Oleśnica,mobile,,mid,rocketjobs.pl,https://rocketjobs.pl/oferta-pracy/eco-run-promotor-marki-oze-olesnica-olesnica-sales-energia-srodowisko-efed0746,2026-09-29,"komunikatywność, prawo jazdy kat. B"
ECO RUN,qualified,77.7,Promotor Marki OZE | Głogów,high_ticket_b2c,70,,Głogów,mobile,,mid,rocketjobs.pl,https://rocketjobs.pl/oferta-pracy/eco-run-promotor-marki-oze-glogow-glogow-sales-energia-srodowisko-cb2eefe5,2026-09-29,"komunikatywność, prawo jazdy kat. B"
ECO RUN,qualified,77.7,Promotor Marki OZE | Wołomin,high_ticket_b2c,70,,Wołomin,mobile,,mid,rocketjobs.pl,https://rocketjobs.pl/oferta-pracy/eco-run-promotor-marki-oze-wolomin-wolomin-sales-energia-srodowisko-52d8ad67,2026-09-29,"komunikatywność, prawo jazdy kat. B"
ECO RUN,qualified,77.7,Promotor Marki OZE | Rzeszów,high_ticket_b2c,70,,Rzeszów,mobile,,mid,rocketjobs.pl,https://rocketjobs.pl/oferta-pracy/eco-run-promotor-marki-oze-rzeszow-rzeszow-sales-energia-srodowisko-49ae0261,2026-09-29,"komunikatywność, prawo jazdy kat. B"
ECO RUN,qualified,77.7,Promotor Marki OZE | Brzesko,high_ticket_b2c,70,,Brzesko,mobile,,mid,rocketjobs.pl,https://rocketjobs.pl/oferta-pracy/eco-run-promotor-marki-oze-brzesko-brzesko-sales-energia-srodowisko-d87efc32,2026-09-29,"komunikatywność, prawo jazdy kat. B"
ECO RUN,qualified,77.7,Promotor Marki OZE | Legnica,high_ticket_b2c,70,,Legnica,mobile,,mid,rocketjobs.pl,https://rocketjobs.pl/oferta-pracy/eco-run-promotor-marki-oze-legnica-legnica-sales-energia-srodowisko-3e35923e,2026-09-29,"komunikatywność, prawo jazdy kat. B"
ECO RUN,qualified,77.7,Promotor Marki OZE | Poznań,high_ticket_b2c,70,,Poznań,mobile,,mid,rocketjobs.pl,https://rocketjobs.pl/oferta-pracy/eco-run-promotor-marki-oze-poznan-poznan-sales-energia-srodowisko-14ca6cec,2026-09-29,"komunikatywność, prawo jazdy kat. B"
ECO RUN,qualified,77.7,Promotor Marki OZE | Nisko,high_ticket_b2c,70,,Nisko,mobile,,mid,rocketjobs.pl,https://rocketjobs.pl/oferta-pracy/eco-run-promotor-marki-oze-nisko-nisko-sales-energia-srodowisko-49c87bae,2026-09-29,"komunikatywność, prawo jazdy kat. B"
ECO RUN,qualified,77.7,Promotor Marki OZE | Kutno,high_ticket_b2c,70,,Kutno,mobile,,mid,rocketjobs.pl,https://rocketjobs.pl/oferta-pracy/eco-run-promotor-marki-oze-kutno-kutno-sales-energia-srodowisko-924fe008,2026-09-29,"komunikatywność, prawo jazdy kat. B"
ECO RUN,qualified,77.7,Promotor Marki OZE | Konin,high_ticket_b2c,70,,Konin,mobile,,mid,rocketjobs.pl,https://rocketjobs.pl/oferta-pracy/eco-run-promotor-marki-oze-konin-konin-sales-energia-srodowisko-97ce5dfd,2026-09-29,"komunikatywność, prawo jazdy kat. B"
ECO RUN,qualified,77.7,Promotor Marki OZE | Wyszków,high_ticket_b2c,70,,Wyszków,mobile,,mid,rocketjobs.pl,https://rocketjobs.pl/oferta-pracy/eco-run-promotor-marki-oze-wyszkow-wyszkow-sales-energia-srodowisko-4c199a9e,2026-09-29,"komunikatywność, prawo jazdy kat. B"
ECO RUN,qualified,77.7,Promotor Marki OZE | Nałęczów,high_ticket_b2c,70,,Nałęczów,mobile,,mid,rocketjobs.pl,https://rocketjobs.pl/oferta-pracy/eco-run-promotor-marki-oze-naleczow-naleczow-sales-energia-srodowisko-6af52e40,2026-09-29,"komunikatywność, prawo jazdy kat. B"
ECO RUN,qualified,77.7,Promotor Marki OZE | Wieluń,high_ticket_b2c,70,,Wieluń,mobile,,mid,rocketjobs.pl,https://rocketjobs.pl/oferta-pracy/eco-run-promotor-marki-oze-wielun-wielun-sales-energia-srodowisko-b9383244,2026-09-29,"komunikatywność, prawo jazdy kat. B"
ECO RUN,qualified,77.7,Promotor Marki OZE | Zielona Góra,high_ticket_b2c,70,,Zielona Góra,mobile,,mid,rocketjobs.pl,https://rocketjobs.pl/oferta-pracy/eco-run-promotor-marki-oze-zielona-gora-zielona-gora-sales-energia-srodowisko-0aba329c,2026-09-29,"komunikatywność, prawo jazdy kat. B"
ECO RUN,qualified,77.7,Promotor Marki OZE | Tarnobrzeg,high_ticket_b2c,70,,Tarnobrzeg,mobile,,mid,rocketjobs.pl,https://rocketjobs.pl/oferta-pracy/eco-run-promotor-marki-oze-tarnobrzeg-tarnobrzeg-sales-energia-srodowisko-8d1d424b,2026-09-29,"komunikatywność, prawo jazdy kat. B"
ECO RUN,qualified,77.7,Promotor Marki OZE | Lublin,high_ticket_b2c,70,,Lublin,mobile,,mid,rocketjobs.pl,https://rocketjobs.pl/oferta-pracy/eco-run-promotor-marki-oze-lublin-lublin-sales-energia-srodowisko-734c63ea,2026-09-29,"komunikatywność, prawo jazdy kat. B"
ECO RUN,qualified,77.7,Promotor Marki OZE | Marki,high_ticket_b2c,70,,Marki,mobile,,mid,rocketjobs.pl,https://rocketjobs.pl/oferta-pracy/eco-run-promotor-marki-oze-marki-marki-sales-energia-srodowisko-010eb43f,2026-09-29,"komunikatywność, prawo jazdy kat. B"
ECO RUN,qualified,77.7,Promotor Marki OZE | Sieradz,high_ticket_b2c,70,,Sieradz,mobile,,mid,rocketjobs.pl,https://rocketjobs.pl/oferta-pracy/eco-run-promotor-marki-oze-sieradz-sieradz-sales-energia-srodowisko-342cb455,2026-09-29,"komunikatywność, prawo jazdy kat. B"
ECO RUN,qualified,77.7,Promotor Marki OZE | Gorzów Wielkopolski,high_ticket_b2c,70,,Gorzów Wielkopolski,mobile,,mid,rocketjobs.pl,https://rocketjobs.pl/oferta-pracy/eco-run-promotor-marki-oze-gorzow-wielkopolski-gorzow-wielkopolski-sales-energia-srodowisko-2195211a,2026-09-29,"komunikatywność, prawo jazdy kat. B"
ECO RUN,qualified,77.7,Promotor Marki OZE | Ciechanów,high_ticket_b2c,70,,Ciechanów,mobile,,mid,rocketjobs.pl,https://rocketjobs.pl/oferta-pracy/eco-run-promotor-marki-oze-ciechanow-ciechanow-sales-energia-srodowisko-566ede33,2026-09-29,"komunikatywność, prawo jazdy kat. B"
ECO RUN,qualified,77.7,Promotor Marki OZE | Kraśnik,high_ticket_b2c,70,,Kraśnik,mobile,,mid,rocketjobs.pl,https://rocketjobs.pl/oferta-pracy/eco-run-promotor-marki-oze-krasnik-krasnik-sales-energia-srodowisko-a886b71f,2026-09-29,"komunikatywność, prawo jazdy kat. B"
ECO RUN,qualified,77.7,Promotor Marki OZE | Mława,high_ticket_b2c,70,,Mława,mobile,,mid,rocketjobs.pl,https://rocketjobs.pl/oferta-pracy/eco-run-promotor-marki-oze-mlawa-mlawa-sales-energia-srodowisko-549788bf,2026-09-29,"komunikatywność, prawo jazdy kat. B"
ECO RUN,qualified,77.7,Promotor Marki OZE | Jarocin,high_ticket_b2c,70,,Jarocin,mobile,,mid,rocketjobs.pl,https://rocketjobs.pl/oferta-pracy/eco-run-promotor-marki-oze-jarocin-jarocin-sales-energia-srodowisko-9861151d,2026-09-29,"komunikatywność, prawo jazdy kat. B"
ECO RUN,qualified,77.7,Promotor Marki OZE | Mińsk Mazowiecki,high_ticket_b2c,70,,Mińsk Mazowiecki,mobile,,mid,rocketjobs.pl,https://rocketjobs.pl/oferta-pracy/eco-run-promotor-marki-oze-minsk-mazowiecki-minsk-mazowiecki-sales-energia-srodowisko-3f757bee,2026-09-29,"komunikatywność, prawo jazdy kat. B"
ECO RUN,qualified,77.7,Promotor Marki OZE | Warszawa,high_ticket_b2c,70,,Warszawa,mobile,,mid,rocketjobs.pl,https://rocketjobs.pl/oferta-pracy/eco-run-promotor-marki-oze-warszawa-warszawa-sales-energia-srodowisko-8cc476cc,2026-09-29,"komunikatywność, prawo jazdy kat. B"
ECO RUN,qualified,77.7,Promotor Marki OZE | Kalisz,high_ticket_b2c,70,,Kalisz,mobile,,mid,rocketjobs.pl,https://rocketjobs.pl/oferta-pracy/eco-run-promotor-marki-oze-kalisz-kalisz-sales-energia-srodowisko-f09eeab7,2026-09-29,"komunikatywność, prawo jazdy kat. B"
ECO RUN,qualified,77.7,Promotor Marki OZE | Dębica,high_ticket_b2c,70,,Dębica,mobile,,mid,rocketjobs.pl,https://rocketjobs.pl/oferta-pracy/eco-run-promotor-marki-oze-debica-debica-sales-energia-srodowisko-b11c3900,2026-09-29,"komunikatywność, prawo jazdy kat. B"
ECO RUN,qualified,77.7,Promotor Marki OZE | Przemyśl,high_ticket_b2c,70,,Przemyśl,mobile,,mid,rocketjobs.pl,https://rocketjobs.pl/oferta-pracy/eco-run-promotor-marki-oze-przemysl-przemysl-sales-energia-srodowisko-bbf5554c,2026-09-29,"komunikatywność, prawo jazdy kat. B"
ECO RUN,qualified,77.7,Promotor Marki OZE | Janów Lubelski,high_ticket_b2c,70,,Janów Lubelski,mobile,,mid,rocketjobs.pl,https://rocketjobs.pl/oferta-pracy/eco-run-promotor-marki-oze-janow-lubelski-janow-lubelski-sales-energia-srodowisko-ee42dab9,2026-09-29,"komunikatywność, prawo jazdy kat. B"
ECO RUN,qualified,77.7,Promotor Marki OZE | Mielec,high_ticket_b2c,70,,Mielec,mobile,,mid,rocketjobs.pl,https://rocketjobs.pl/oferta-pracy/eco-run-promotor-marki-oze-mielec-mielec-sales-energia-srodowisko-3701930a,2026-09-29,"komunikatywność, prawo jazdy kat. B"
ECO RUN,qualified,77.7,Promotor Marki OZE | Jarosław,high_ticket_b2c,70,,Jarosław,mobile,,mid,rocketjobs.pl,https://rocketjobs.pl/oferta-pracy/eco-run-promotor-marki-oze-jaroslaw-jaroslaw-sales-energia-srodowisko-aba3acc8,2026-09-29,"komunikatywność, prawo jazdy kat. B"
ECO RUN,qualified,77.7,Promotor Marki OZE | Otwock,high_ticket_b2c,70,,Otwock,mobile,,mid,rocketjobs.pl,https://rocketjobs.pl/oferta-pracy/eco-run-promotor-marki-oze-otwock-otwock-sales-energia-srodowisko-9dc60867,2026-09-29,"komunikatywność, prawo jazdy kat. B"
ECO RUN,qualified,77.7,Promotor Marki OZE | Skawina,high_ticket_b2c,70,,Skawina,mobile,,mid,rocketjobs.pl,https://rocketjobs.pl/oferta-pracy/eco-run-promotor-marki-oze-skawina-skawina-sales-energia-srodowisko-83810b37,2026-09-29,"komunikatywność, prawo jazdy kat. B"
ECO RUN,qualified,77.7,Promotor Marki OZE | Sochaczew,high_ticket_b2c,70,,Sochaczew,mobile,,mid,rocketjobs.pl,https://rocketjobs.pl/oferta-pracy/eco-run-promotor-marki-oze-sochaczew-sochaczew-sales-energia-srodowisko-9298fb0c,2026-09-29,"komunikatywność, prawo jazdy kat. B"
ECO RUN,qualified,77.7,Promotor Marki OZE | Leżajsk,high_ticket_b2c,70,,Leżajsk,mobile,,mid,rocketjobs.pl,https://rocketjobs.pl/oferta-pracy/eco-run-promotor-marki-oze-lezajsk-lezajsk-sales-energia-srodowisko-1d48b441,2026-09-29,"komunikatywność, prawo jazdy kat. B"
ECO RUN,qualified,77.7,Promotor Marki OZE | Namysłów,high_ticket_b2c,70,,Namysłów,mobile,,mid,rocketjobs.pl,https://rocketjobs.pl/oferta-pracy/eco-run-promotor-marki-oze-namyslow-namyslow-sales-energia-srodowisko-25d1b66c,2026-09-29,"komunikatywność, prawo jazdy kat. B"
ECO RUN,qualified,77.7,Promotor Marki OZE | Nowy Dwór Mazowiecki,high_ticket_b2c,70,,Nowy Dwór Mazowiecki,mobile,,mid,rocketjobs.pl,https://rocketjobs.pl/oferta-pracy/eco-run-promotor-marki-oze-nowy-dwor-mazowiecki-nowy-dwor-mazowiecki-sales-energia-srodowisko-f2827b55,2026-09-29,"komunikatywność, prawo jazdy kat. B"
ECO RUN,qualified,77.7,Promotor Marki OZE | Tarnów,high_ticket_b2c,70,,Tarnów,mobile,,mid,rocketjobs.pl,https://rocketjobs.pl/oferta-pracy/eco-run-promotor-marki-oze-tarnow-tarnow-sales-energia-srodowisko-40e64c9b,2026-09-29,"komunikatywność, prawo jazdy kat. B"
ECO RUN,qualified,77.7,Promotor Marki OZE | Skierniewice,high_ticket_b2c,70,,Skierniewice,mobile,,mid,rocketjobs.pl,https://rocketjobs.pl/oferta-pracy/eco-run-promotor-marki-oze-skierniewice-skierniewice-sales-energia-srodowisko-e41586ee,2026-09-29,"komunikatywność, prawo jazdy kat. B"
ECO RUN,qualified,77.7,Promotor Marki OZE | Żyrardów,high_ticket_b2c,70,,Żyrardów,mobile,,mid,rocketjobs.pl,https://rocketjobs.pl/oferta-pracy/eco-run-promotor-marki-oze-zyrardow-zyrardow-sales-energia-srodowisko-406f4764,2026-09-29,"komunikatywność, prawo jazdy kat. B"
ECO RUN,qualified,77.7,Promotor Marki OZE | Lubin,high_ticket_b2c,70,,Lubin,mobile,,mid,rocketjobs.pl,https://rocketjobs.pl/oferta-pracy/eco-run-promotor-marki-oze-lubin-lubin-sales-energia-srodowisko-28a3ee13,2026-09-29,"komunikatywność, prawo jazdy kat. B"
ECO RUN,qualified,77.7,Promotor Marki OZE | Bochnia,high_ticket_b2c,70,,Bochnia,mobile,,mid,rocketjobs.pl,https://rocketjobs.pl/oferta-pracy/eco-run-promotor-marki-oze-bochnia-bochnia-sales-energia-srodowisko-d585e143,2026-09-29,"komunikatywność, prawo jazdy kat. B"
ECO RUN,qualified,77.7,Promotor Marki OZE | Kraków,high_ticket_b2c,70,,Kraków,mobile,,mid,rocketjobs.pl,https://rocketjobs.pl/oferta-pracy/eco-run-promotor-marki-oze-krakow-krakow-sales-energia-srodowisko-c7640995,2026-09-29,"komunikatywność, prawo jazdy kat. B"
ECO RUN,qualified,77.7,Manager ds. Sprzedaży,generic_sales,50,,Warszawa,office,,mid,rocketjobs.pl,https://rocketjobs.pl/oferta-pracy/eco-run-manager-ds-sprzedazy-warszawa-sales-energia-srodowisko,2026-09-15,"sprzedaż, branża OZE, obsługa klienta"
Benefit Systems S.A.,disqualified,77.6,Opiekun / Opiekunka Klienta Biznesowego,high_ticket_b2c,96,phone|junior_ramp,Warszawa,Stacjonarna,,Młodszy specjalista / młodsza specjalistka (junior) / specjalista / specjalistka (mid),praca.pl,https://www.praca.pl/opiekun-opiekunka-klienta-biznesowego_11453260.html,3 dni temu,"Opis stanowiska: W naszym zespole będziesz odpowiadać za kompleksową obsługę Klientów biznesowych z użyciem systemu ticketowego i budowanie z nimi relacji. Twoimi codziennymi zadaniami będą kontakty mailowe i telefoniczne z Klientami - realizacja zleceń, badanie potrzeb oraz prace..."
Benefit Systems SA,disqualified,77.6,Specjalista/tka ds. Sprzedaży B2B,ae_b2b_saas,94,phone|b2b_inbound_outbound,Rzeszów,office,,mid,rocketjobs.pl,https://rocketjobs.pl/oferta-pracy/benefit-systems-sa-specjalista-tka-ds-sprzedazy-b2b-rzeszow-sales-uslugi-profesjonalne-d9686097,2026-09-10,"telefoniczne pozyskiwanie klientów, sprzedaż B2B, sprzedaż, analiza"
Benefit Systems SA,disqualified,77.6,Specjalista/tka ds. Sprzedaży B2B,ae_b2b_saas,94,phone|b2b_inbound_outbound,Poznań,office,6800-6800 PLN/month permanent,mid,rocketjobs.pl,https://rocketjobs.pl/oferta-pracy/benefit-systems-sa-specjalista-tka-ds-sprzedazy-b2b-poznan-sales-uslugi-profesjonalne-5542b979,2026-09-21,"sprzedaż B2B, telefoniczne pozyskiwanie klientów"
Benefit Systems SA,disqualified,77.6,Doradca / Doradczyni Klienta Biznesowego,high_ticket_b2c,85,script_crm,Warszawa,hybrid,,mid,rocketjobs.pl,https://rocketjobs.pl/oferta-pracy/benefit-systems-sa-doradca-doradczyni-klienta-biznesowego-warszawa-sales-uslugi-profesjonalne,2026-09-18,"sprzedaż, obsługa klienta, CRM"
Benefit Systems SA,disqualified,77.6,Specjalista ds. Sprzedaży B2B,ae_b2b_saas,84,b2b_inbound_outbound,Warszawa,office,,mid,rocketjobs.pl,https://rocketjobs.pl/oferta-pracy/benefit-systems-sa-specjalista-ds-sprzedazy-b2b-warszawa-sales-uslugi-profesjonalne,2026-09-04,"sprzedaż B2B, aktywne pozyskiwanie klientów, negocjacje"
Benefit Systems SA,disqualified,77.6,Specjalista / Specjalistka ds. Sprzedaży B2B,ae_b2b_saas,84,b2b_inbound_outbound,Rzeszów,Stacjonarna,6 800 zł brutto/mies.,,praca.pl,https://www.praca.pl/specjalista-specjalistka-ds-sprzedazy-b2b_11449468.html,3 dni temu,"Twój zakres obowiązków W naszym zespole będziesz odpowiadać za pozyskiwanie nowych klientów biznesowych. Zajmiesz się sprzedażą Programu MultiLife oraz MultiSport - jednego z głównych świadczeń oczekiwanych na rynku pracy oraz otrzymasz bazę potencjalnych klientów, którą będziesz..."
Benefit Systems SA,disqualified,77.6,Specjalista/Specjalistka ds. Sprzedaży Usług Wellbeingowych,sales_specialist,69,script_crm|b2b_inbound_outbound,Warszawa,hybrid,,mid,rocketjobs.pl,https://rocketjobs.pl/oferta-pracy/benefit-systems-sa-specjalista-specjalistka-ds-sprzedazy-uslug-wellbeingowych-warszawa-sales-uslugi-profesjonalne,2026-08-27,"sprzedaż B2B, sprzedaż, CRM"
Benefit Systems SA,disqualified,77.6,Account Manager,account_mgmt,64,script_crm|b2b_inbound_outbound,Wrocław,office,,mid,rocketjobs.pl,https://rocketjobs.pl/oferta-pracy/benefit-systems-sa-account-manager-wroclaw-sales-uslugi-profesjonalne,2026-09-24,"sprzedaż B2B, negocjacje, CRM"
Benefit Systems SA,disqualified,77.6,Key Account Manager,account_mgmt,64,script_crm|b2b_inbound_outbound,Warszawa,hybrid,,mid,rocketjobs.pl,https://rocketjobs.pl/oferta-pracy/benefit-systems-sa-key-account-manager-warszawa-sales-uslugi-profesjonalne-b0c13b68,2026-09-30,"sprzedaż B2B, negocjacje, CRM"
Job Finder,disqualified,77.1,Dyrektor ds. Rozwoju - B2B,ae_b2b_saas,84,b2b_inbound_outbound,Katowice,office,,c_level,rocketjobs.pl,https://rocketjobs.pl/oferta-pracy/job-finder-dyrektor-ds-rozwoju---b2b-katowice-sales-inne,2026-07-31,"wykształcenie wyższe, komunikatywność, rynek B2B, sprzedaż, sprzedaż B2B"
Job Finder,disqualified,77.1,Dyrektor ds. Rozwoju - B2B,ae_b2b_saas,84,b2b_inbound_outbound,Poznań,office,,c_level,rocketjobs.pl,https://rocketjobs.pl/oferta-pracy/job-finder-dyrektor-ds-rozwoju---b2b-poznan-sales-inne,2026-07-31,"wykształcenie wyższe, komunikatywność, rynek B2B, sprzedaż, sprzedaż B2B"
Job Finder,disqualified,77.1,Dyrektor ds. Rozwoju - B2B,ae_b2b_saas,84,b2b_inbound_outbound,Warszawa,office,,c_level,rocketjobs.pl,https://rocketjobs.pl/oferta-pracy/job-finder-dyrektor-ds-rozwoju---b2b-warszawa-sales-inne,2026-07-31,"wykształcenie wyższe, komunikatywność, rynek B2B, sprzedaż, sprzedaż B2B"
Job Finder,disqualified,77.1,Kierownik ds. Sprzedaży i Rozwoju Biznesu,sales_leadership,74,b2b_inbound_outbound,Warszawa,hybrid,,manager,rocketjobs.pl,https://rocketjobs.pl/oferta-pracy/job-finder-kierownik-ds-sprzedazy-i-rozwoju-biznesu-warszawa-sales-inzynieria-technika-produkcja,2026-09-30,"BHP, branża budowlana, sprzedaż B2B"
Job Finder,disqualified,77.1,Regionalny Manager Sprzedaży,generic_sales,50,,Kraków,mobile,,mid,rocketjobs.pl,https://rocketjobs.pl/oferta-pracy/job-finder-regionalny-manager-sprzedazy-krakow-sales-inne,2026-09-18,sprzedaż
4 GRANTS Sp. z o. o.,qualified,76.7,Konsultant / Konsultantka ds. Sprzedaży Telefonicznej,telesales_callcenter,100,phone|junior_ramp|b2b_inbound_outbound,Ostrów Wielkopolski,Stacjonarna,4 810 - 7 000 zł brutto/mies.,Młodszy specjalista / młodsza specjalistka (junior) / specjalista / specjalistka (mid),praca.pl,https://www.praca.pl/konsultant-konsultantka-ds-sprzedazy-telefonicznej_11468503.html,3 dni temu,"Zakres obowiązków: prowadzenie kontaktu z klientami telefonicznie, SMS-owo i mailowo; obsługa oraz rozwijanie relacji z obecnymi klientami; aktywne pozyskiwanie nowych leadów; realizowanie założonych celów sprzedażowych;"
4 GRANTS Sp. z o. o.,qualified,76.7,Konsultant telefoniczny / Konsultantka telefoniczna,telesales_callcenter,100,phone|junior_ramp|b2b_inbound_outbound,Ostrów Wielkopolski,Stacjonarna,4 810 - 7 000 zł brutto/mies.,Młodszy specjalista / młodsza specjalistka (junior) / specjalista / specjalistka (mid),praca.pl,https://www.praca.pl/konsultant-telefoniczny-konsultantka-telefoniczna_11467972.html,5 dni temu,"Opis stanowiska: Kontakt telefoniczny, SMS i mailowy z klientami; Dbałość o dotychczasowych klientów; Pozyskiwanie nowych leadów; Realizowanie zakreślonych targetów sprzedażowych;"
4Value Business Consulting,qualified,76.7,Specjalista / Specjalistka ds. Sprzedaży Telefonicznej,telesales_callcenter,100,phone|video_calls|junior_ramp,"Warszawa, Włochy",,,Młodszy specjalista / młodsza specjalistka (junior) / specjalista / specjalistka (mid),praca.pl,https://www.praca.pl/specjalista-specjalistka-ds-sprzedazy-telefonicznej_11502910.html,7 dni temu,"Opis stanowiska Budowanie i rozwijanie długofalowych relacji z klientami biznesowymi. Aktywna sprzedaż telefoniczna oraz prowadzenie spotkań online z potencjalnymi i obecnymi klientami. Prezentowanie oferty usług doradczych, szkoleniowych i rozwiązań wspierających rozwój biznesu...."
4Value Business Consulting,qualified,76.7,Specjalista ds. sprzedaży telefonicznej i obsługi klienta,telesales_callcenter,100,phone|junior_ramp|commission,"Warszawa, Włochy",,,Młodszy specjalista / młodsza specjalistka (junior) / specjalista / specjalistka (mid),praca.pl,https://www.praca.pl/specjalista-ds-sprzedazy-telefonicznej-i-obslugi-klienta_11502907.html,9 dni temu,OFERUJEMY: rozwój umiejętności z zakresu komunikacji i sprzedaży; poznanie rozwiązań biznesowych i najnowszych trendów pracę na cały etat lub czas dostosowany do Twoich możliwości; wynagrodzenie podstawowe z atrakcyjnym systemem premii; stabilne warunki zatrudnienia; możliwość...
Consulting Solutions Łukasz Walter,qualified,76.7,Konsultant / Konsultantka ds. Sprzedaży Telefonicznej,telesales_callcenter,100,phone|junior_ramp,"Warszawa, Praga-Południe",Stacjonarna,"31,40 zł brutto/godz.",Młodszy specjalista / młodsza specjalistka (junior) / specjalista / specjalistka (mid),praca.pl,https://www.praca.pl/konsultant-konsultantka-ds-sprzedazy-telefonicznej_11443543.html,9 dni temu,"Na czym będzie polegać Twoja praca? Kontakt telefoniczny z obecnymi klientami w związku ze zbliżającym się końcem ich umów i przedstawianie możliwości ich przedłużenia. Telefoniczna sprzedaż usług z oferty, takich jak telewizja, internet oraz telefon, na podstawie dostępnej bazy..."
Consulting Solutions Łukasz Walter,qualified,76.7,Konsultant telefoniczny,telesales_callcenter,100,phone|b2b_inbound_outbound,"Warszawa, Praga-Południe",Stacjonarna,"31,40 zł brutto/godz.",,praca.pl,https://www.praca.pl/konsultant-telefoniczny_11442814.html,11 dni temu,"Do Twoich zadań należeć będzie: kontakt z obecnymi Klientami Firmy w celu przedłużenia kończącej się umowy, telefoniczna sprzedaż usług takich jak telewizja, internet, telefon Klientom z naszej bazy, kontakt w odpowiedzi na pozostawione na stronie www zgłoszenie zainteresowania usługami (lead)."
Dobry Plan sp. z o.o.,qualified,76.7,Junior Account Executive / Junior Sales Specialist,sdr_bdr_inside,100,remote|junior_ramp,Wrocław,remote,6000-13000 PLN/month mandate_contract,junior,rocketjobs.pl,https://rocketjobs.pl/oferta-pracy/dobry-plan-sp-z-o-o--junior-account-executive-junior-sales-specialist-wroclaw-sales-it-i-telekomunikacja,2026-09-16,sprzedaż
Dobry Plan sp. z o.o.,qualified,76.7,Senior Sales Development Representative (SDR),sdr_bdr_inside,94,remote,Wrocław,remote,7500-10000 PLN/month mandate_contract,senior,rocketjobs.pl,https://rocketjobs.pl/oferta-pracy/dobry-plan-sp-z-o-o--senior-sales-development-representative-sdr--wroclaw-sales-it-i-telekomunikacja,2026-09-16,"Efektywna komunikacja, samoorganizacja, negocjacje, obsługa klienta, tworzenie ofert, sprzedaż"
Dobry Plan sp. z o.o.,qualified,76.7,Account Executive / Sales Specialist,ae_b2b_saas,84,remote,Wrocław,remote,7000-15000 PLN/month b2b,mid,rocketjobs.pl,https://rocketjobs.pl/oferta-pracy/dobry-plan-sp-z-o-o--account-executive-sales-specialist-wroclaw-sales-it-i-telekomunikacja-5f98a4b5,2026-09-16,"efektywa komunikacja, samoorganizacja, negocjacje, obsługa klienta, tworzenie ofert, sprzedaż"
FO Group,qualified,76.7,Lead Generation s/m (outbound),telesales_callcenter,100,remote|b2b_inbound_outbound,Poznań,remote,,senior,rocketjobs.pl,https://rocketjobs.pl/oferta-pracy/fo-group-lead-generation-s-m-outbound--poznan-sales-marketing-reklama-media,2026-09-17,"cold mailing, B2B, account manager, e-mail marketing, lead generation, growth"
FO Group Sp. z o.o.,qualified,76.7,Outbound Lead Generation Specialist / SDR,telesales_callcenter,100,remote|script_crm|b2b_inbound_outbound,Poznań,remote,8000-11000 PLN/month b2b,mid,rocketjobs.pl,https://rocketjobs.pl/oferta-pracy/fo-group-sp-z-o-o--outbound-lead-generation-specialist-sdr-poznan-sales-uslugi-profesjonalne,2026-09-24,"sprzedaż B2B, CRM, zarządzanie projektami, lead generation, generowanie leadów, prospecting, outbound, cold mailing"
FO Group Sp. z o.o.,qualified,76.7,Business Development Manager,ae_b2b_saas,93,remote|script_crm|b2b_inbound_outbound,Poznań,remote,9000-16000 PLN/month b2b,senior,rocketjobs.pl,https://rocketjobs.pl/oferta-pracy/fo-group-sp-z-o-o--business-development-manager-poznan-sales-marketing-reklama-media,2026-09-04,"sprzedaż B2B, lead genearation, prospecting, zarządzanie sprzedażą, outbound, cold outreach, generowanie leadów, CRM"
INVETTE HOLDING GROUP,qualified,76.7,Handlowiec / Inside Sales - Invette,sdr_bdr_inside,100,phone|b2b_inbound_outbound,Kraków,hybrid,6000-8000 PLN/month b2b,mid,rocketjobs.pl,https://rocketjobs.pl/oferta-pracy/invette-holding-group-handlowiec-inside-sales---invette-krakow-sales-marketing-reklama-media,2026-08-24,"sprzedaż B2B, badanie potrzeb klienta, sprzedaż telefoniczna, budowanie relacji z klientami"
INVETTE HOLDING GROUP,qualified,76.7,Handlowiec / Inside Sales - VeloMarketplace,sdr_bdr_inside,94,b2b_inbound_outbound,Kraków,hybrid,6000-8000 PLN/month b2b,mid,rocketjobs.pl,https://rocketjobs.pl/oferta-pracy/invette-holding-group-handlowiec-inside-sales---velomarketplace-krakow-sales-marketing-reklama-media,2026-08-24,"sprzedaż B2B, badanie potrzeb klienta, Sprzedaż usług"
No Limit Sp. z o.o.,qualified,76.7,Specjalista ds. TeleSprzedaży z językiem niemieckim (k/m/n),telesales_callcenter,100,phone,Wrocław,office,,mid,rocketjobs.pl,https://rocketjobs.pl/oferta-pracy/no-limit-sp-z-o-o--specjalista-ds-telesprzedazy-z-jezykiem-niemieckim-k-m-n--wroclaw-sales-uslugi-profesjonalne,2026-09-21,"sprzedaż, prawo jazdy kat. B, obsługa klienta, sprzedaż telefoniczna, Microsoft Office, Microsoft Office Excel"
No Limit Sp. z o.o.,qualified,76.7,Specjalista ds. TeleSprzedaży z językiem niemieckim (k/m/n),telesales_callcenter,95,,Sosnowiec,office,,mid,rocketjobs.pl,https://rocketjobs.pl/oferta-pracy/no-limit-sp-z-o-o--specjalista-ds-telesprzedazy-z-jezykiem-niemieckim-k-m-n--sosnowiec-sales-motoryzacja-transport,2026-09-30,"Microsoft Office, sprzedaż, obsługa klienta"
No Limit Sp. z o.o.,qualified,76.7,Business Development Manager International,ae_b2b_saas,80,,Warszawa,office,,mid,rocketjobs.pl,https://rocketjobs.pl/oferta-pracy/no-limit-sp-z-o-o--business-development-manager-international-warszawa-sales-uslugi-profesjonalne,2026-09-21,"sprzedaż, prawo jazdy kat. B, obsługa klienta, sprzedaż cross border"
PARETTi,qualified,76.7,Pracownik ds. telefonicznej obsługi klienta z j. niemieckim (k/m),telesales_callcenter,100,phone|video_calls|remote|junior_ramp,Remote,remote,5500.0-6000.0 PLN permanent,Junior,nofluffjobs.com,https://nofluffjobs.com/pl/job/pracownik-ds-telefonicznej-obslugi-klienta-z-j-niemieckim-k-m-paretti-remote-1,2026-09-27,"MS Teams, de"
PARETTi,qualified,76.7,Pracownik ds. telefonicznej obsługi klienta z j. niemieckim (k/m),telesales_callcenter,100,phone|video_calls|remote|junior_ramp,Opole,remote,5500.0-6000.0 PLN permanent,Junior,nofluffjobs.com,https://nofluffjobs.com/pl/job/pracownik-ds-telefonicznej-obslugi-klienta-z-j-niemieckim-k-m-paretti-opole-1,2026-09-27,"MS Teams, de"
Space Ads Sp. z o.o.,qualified,76.7,Sales Development / Closer (Digital Marketing) – Part-time / Freelance,sdr_bdr_inside,100,remote|junior_ramp|script_crm|b2b_inbound_outbound,Kraków,remote,8400-10080 PLN/hour b2b,junior,rocketjobs.pl,https://rocketjobs.pl/oferta-pracy/space-ads-sp-z-o-o--sales-development-closer-digital-marketing---part-time-freelance-krakow-sales-marketing-reklama-media,2026-09-29,"sales, CRM, negocjacje, sprzedaż, sprzedaż B2B, marketing, e-commerce"
Space Ads Sp. z o.o.,qualified,76.7,"Lead Generation Specialist (Email, LinkedIn, Calls) – Part-time / Freelance",sdr_bdr_inside,100,phone|remote|junior_ramp|script_crm|b2b_inbound_outbound,Kraków,remote,8400-10080 PLN/hour b2b,junior,rocketjobs.pl,https://rocketjobs.pl/oferta-pracy/space-ads-sp-z-o-o--lead-generation-specialist-email-linkedin-calls---part-time-freelance-krakow-sales-marketing-reklama-media,2026-09-29,"CRM, prospecting, sprzedaż B2B, samodzielność, digital marketing, Google Ads, Meta Ads, TikTok"
Klient RocketJobs,disqualified,76.4,Opiekun Klienta Biznesowego – Sprzedaż Opieki Medycznej dla Firm | Podstawa + wysoka prowizja | ,high_ticket_b2c,94,junior_ramp|commission|b2b_inbound_outbound,Wrocław,hybrid,8000-12000 PLN/month b2b,junior,rocketjobs.pl,https://rocketjobs.pl/oferta-pracy/klient-rocketjobs-opiekun-klienta-biznesowego---sprzedaz-opieki-medycznej-dla-firm-podstawa-wysoka-prowizja--wroclaw-sales-finanse-bankowosc-ubezpieczenia,2026-09-23,"aktywna sprzedaż, sprzedaż B2B, sprzedaż"
Klient RocketJobs,disqualified,76.4,Doradca Klienta Biznesowego ,high_ticket_b2c,90,junior_ramp|b2b_inbound_outbound,Syców,hybrid,5000-12000 PLN/month b2b,junior,rocketjobs.pl,https://rocketjobs.pl/oferta-pracy/klient-rocketjobs-doradca-klienta-biznesowego--sycow-sales-finanse-bankowosc-ubezpieczenia,2026-09-23,"aktywna sprzedaż, sprzedaż B2B, sprzedaż, dyspozycyjność, obsługa klienta"
Klient RocketJobs,disqualified,76.4,Doradca Biznesowy ds. Sprzedaży Opieki Medycznej i Ubezpieczeń ,high_ticket_b2c,90,junior_ramp|b2b_inbound_outbound,Włocławek,hybrid,8000-12000 PLN/month b2b,junior,rocketjobs.pl,https://rocketjobs.pl/oferta-pracy/klient-rocketjobs-doradca-biznesowy-ds-sprzedazy-opieki-medycznej-i-ubezpieczen--wloclawek-sales-finanse-bankowosc-ubezpieczenia,2026-09-23,"aktywna sprzedaż, sprzedaż B2B, sprzedaż"
Klient RocketJobs,disqualified,76.4,Doradca Biznesowy ds. Sprzedaży Opieki Medycznej i Ubezpieczeń ,high_ticket_b2c,90,junior_ramp|b2b_inbound_outbound,Wrocław,hybrid,8000-12000 PLN/month b2b,junior,rocketjobs.pl,https://rocketjobs.pl/oferta-pracy/klient-rocketjobs-doradca-biznesowy-ds-sprzedazy-opieki-medycznej-i-ubezpieczen--wroclaw-sales-finanse-bankowosc-ubezpieczenia,2026-09-23,"aktywna sprzedaż, sprzedaż B2B, sprzedaż"
Klient RocketJobs,disqualified,76.4,Doradca Klienta Biznesowego B2B – MSP,ae_b2b_saas,88,remote|b2b_inbound_outbound,Wrocław,remote,9000-15000 PLN/month b2b,mid,rocketjobs.pl,https://rocketjobs.pl/oferta-pracy/klient-rocketjobs-doradca-klienta-biznesowego-b2b---msp-wroclaw-sales-finanse-bankowosc-ubezpieczenia,2026-09-23,"aktywna sprzedaż, sprzedaż B2B, sprzedaż"
Klient RocketJobs,disqualified,76.4,Doradca Finansowy | 8–15 tys. zł | Podstawa + Prowizje + Premie,high_ticket_b2c,88,commission|b2b_inbound_outbound,Kalisz,hybrid,8000-15000 PLN/month b2b,mid,rocketjobs.pl,https://rocketjobs.pl/oferta-pracy/klient-rocketjobs-doradca-finansowy-8-15-tys-zl-podstawa-prowizje-premie-kalisz-sales-inne,2026-09-07,"aktywna sprzedaż, sprzedaż B2B, sprzedaż"
Klient RocketJobs,disqualified,76.4,Opiekun Klienta – Podstawa 5000–7000 + Wysoka Prowizja,high_ticket_b2c,88,commission|b2b_inbound_outbound,Włocławek,hybrid,5000-8000 PLN/month b2b,mid,rocketjobs.pl,https://rocketjobs.pl/oferta-pracy/klient-rocketjobs-opiekun-klienta---podstawa-5000-7000-wysoka-prowizja-wloclawek-sales-finanse-bankowosc-ubezpieczenia,2026-09-23,"aktywna sprzedaż, sprzedaż B2B, sprzedaż, dyspozycyjność, obsługa klienta"
Klient RocketJobs,disqualified,76.4,Opiekun Klienta – Podstawa 5000–7000 + Wysoka Prowizja,high_ticket_b2c,88,commission|b2b_inbound_outbound,Wrocław,hybrid,8000-12000 PLN/month b2b,mid,rocketjobs.pl,https://rocketjobs.pl/oferta-pracy/klient-rocketjobs-opiekun-klienta---podstawa-5000-7000-wysoka-prowizja-wroclaw-sales-finanse-bankowosc-ubezpieczenia,2026-09-23,"aktywna sprzedaż, sprzedaż B2B, sprzedaż, dyspozycyjność, obsługa klienta"
Klient RocketJobs,disqualified,76.4,Doradca finansowy (Sprzedaż B2C&B2B),ae_b2b_saas,84,b2b_inbound_outbound,Wrocław,hybrid,8000-24000 PLN/month b2b,mid,rocketjobs.pl,https://rocketjobs.pl/oferta-pracy/klient-rocketjobs-doradca-finansowy-sprzedaz-b2c-b2b--wroclaw-sales-finanse-bankowosc-ubezpieczenia-f1b00a0c,2026-09-24,"aktywna sprzedaż, sprzedaż B2B, sprzedaż, prospecting, budowanie relacji, negocjacje"
Klient RocketJobs,disqualified,76.4,Doradca Biznesowy ds. Sprzedaży Opieki Medycznej i Ubezpieczeń ,high_ticket_b2c,84,b2b_inbound_outbound,Gliwice,hybrid,8000-12000 PLN/month b2b,mid,rocketjobs.pl,https://rocketjobs.pl/oferta-pracy/klient-rocketjobs-doradca-biznesowy-ds-sprzedazy-opieki-medycznej-i-ubezpieczen--gliwice-sales-finanse-bankowosc-ubezpieczenia,2026-10-02,"aktywna sprzedaż, sprzedaż B2B, sprzedaż"
Klient RocketJobs,disqualified,76.4,Doradca Biznesowy ds. Sprzedaży Opieki Medycznej i Ubezpieczeń ,high_ticket_b2c,84,b2b_inbound_outbound,Katowice,hybrid,8000-12000 PLN/month b2b,mid,rocketjobs.pl,https://rocketjobs.pl/oferta-pracy/klient-rocketjobs-doradca-biznesowy-ds-sprzedazy-opieki-medycznej-i-ubezpieczen--katowice-sales-finanse-bankowosc-ubezpieczenia,2026-10-02,"aktywna sprzedaż, sprzedaż B2B, sprzedaż"
Klient RocketJobs,disqualified,76.4,Doradca klienta - umawianie spotkań,high_ticket_b2c,80,,Lublin,hybrid,,mid,rocketjobs.pl,https://rocketjobs.pl/oferta-pracy/klient-rocketjobs-doradca-klienta---umawianie-spotkan-lublin-sales-finanse-bankowosc-ubezpieczenia,2026-09-14,"obsługa klienta, Wykształcenie średnie"
Klient RocketJobs,disqualified,76.4,Doradca klienta - umawianie spotkań,high_ticket_b2c,80,,Grajewo,hybrid,,mid,rocketjobs.pl,https://rocketjobs.pl/oferta-pracy/klient-rocketjobs-doradca-klienta---umawianie-spotkan-grajewo-sales-finanse-bankowosc-ubezpieczenia,2026-09-17,"obsługa klienta, Wykształcenie średnie"
Klient RocketJobs,disqualified,76.4,Doradca klienta - umawianie spotkań,high_ticket_b2c,80,,Pułtusk,hybrid,,mid,rocketjobs.pl,https://rocketjobs.pl/oferta-pracy/klient-rocketjobs-doradca-klienta---umawianie-spotkan-pultusk-sales-finanse-bankowosc-ubezpieczenia,2026-09-15,"obsługa klienta, Wykształcenie średnie"
Klient RocketJobs,disqualified,76.4, Specjalista ds. sprzedaży ,sales_specialist,60,,Łódź,hybrid,,mid,rocketjobs.pl,https://rocketjobs.pl/oferta-pracy/klient-rocketjobs--specjalista-ds-sprzedazy--lodz-sales-finanse-bankowosc-ubezpieczenia,2026-09-01,"nawiązywanie relacji, obsługa klienta"
Klient Rocket Jobs,disqualified,76.4,Specjalista/Specjalistka ds. Sprzedaży,sales_specialist,60,,Kalisz,mobile,,mid,rocketjobs.pl,https://rocketjobs.pl/oferta-pracy/klient-rocket-jobs-specjalista-specjalistka-ds-sprzedazy-kalisz-sales-uslugi-profesjonalne-373adfdd,2026-09-11,"prawo jazdy kat. B, budowanie relacji z klientami"
Klient RocketJobs,disqualified,76.4,Menadżer Sprzedaży,generic_sales,56,junior_ramp,Nowy Sącz,hybrid,10000-20000 PLN/month b2b,mid,rocketjobs.pl,https://rocketjobs.pl/oferta-pracy/klient-rocketjobs-menadzer-sprzedazy-nowy-sacz-sales-finanse-bankowosc-ubezpieczenia,2026-10-02,"rekrutacja, wdrażanie, realizacja celów, szkolenia, samodzielność, budowanie relacji, negocjacje, sprzedaż"
Klient RocketJobs,disqualified,76.4,Menedżer Zespołu Sprzedaży do Klienta Biznesowego ,generic_sales,54,b2b_inbound_outbound,Olsztyn,hybrid,4000-11000 PLN/month b2b,mid,rocketjobs.pl,https://rocketjobs.pl/oferta-pracy/klient-rocketjobs-menedzer-zespolu-sprzedazy-do-klienta-biznesowego--olsztyn-sales-finanse-bankowosc-ubezpieczenia,2026-09-18,"badanie potrzeb, obsługa klienta, sprzedaż, sprzedaż B2B"
Klient RocketJobs,disqualified,76.4,Menedżer Zespołu Sprzedaży do Klienta Biznesowego ,generic_sales,54,b2b_inbound_outbound,Radom,hybrid,4000-11000 PLN/month b2b,mid,rocketjobs.pl,https://rocketjobs.pl/oferta-pracy/klient-rocketjobs-menedzer-zespolu-sprzedazy-do-klienta-biznesowego--radom-sales-finanse-bankowosc-ubezpieczenia,2026-09-18,"badanie potrzeb, obsługa klienta, sprzedaż, sprzedaż B2B"
Klient RocketJobs,disqualified,76.4,Menedżer Zespołu Sprzedaży do Klienta Biznesowego ,generic_sales,54,b2b_inbound_outbound,Warszawa,hybrid,4000-11000 PLN/month b2b,mid,rocketjobs.pl,https://rocketjobs.pl/oferta-pracy/klient-rocketjobs-menedzer-zespolu-sprzedazy-do-klienta-biznesowego--warszawa-sales-finanse-bankowosc-ubezpieczenia,2026-09-18,"badanie potrzeb, obsługa klienta, sprzedaż, sprzedaż B2B"
Klient RocketJobs,disqualified,76.4,Menedżer Zespołu Sprzedaży do Klienta Biznesowego ,generic_sales,54,b2b_inbound_outbound,Białystok,hybrid,4000-11000 PLN/month b2b,mid,rocketjobs.pl,https://rocketjobs.pl/oferta-pracy/klient-rocketjobs-menedzer-zespolu-sprzedazy-do-klienta-biznesowego--bialystok-sales-finanse-bankowosc-ubezpieczenia,2026-09-18,"badanie potrzeb, obsługa klienta, sprzedaż, sprzedaż B2B"
Klient RocketJobs,disqualified,76.4,Menedżer Zespołu Sprzedaży do Klienta Biznesowego ,generic_sales,54,b2b_inbound_outbound,Łomża,hybrid,4000-11000 PLN/month b2b,mid,rocketjobs.pl,https://rocketjobs.pl/oferta-pracy/klient-rocketjobs-menedzer-zespolu-sprzedazy-do-klienta-biznesowego--lomza-sales-finanse-bankowosc-ubezpieczenia,2026-09-18,"badanie potrzeb, obsługa klienta, sprzedaż, sprzedaż B2B"
Klient RocketJobs,disqualified,76.4,Masz doświadczenie w sprzedaży? Zrób kolejny krok w swojej karierze,generic_sales,54,b2b_inbound_outbound,Kielce,hybrid,6000-11000 PLN/month b2b,mid,rocketjobs.pl,https://rocketjobs.pl/oferta-pracy/klient-rocketjobs-masz-doswiadczenie-w-sprzedazy-zrob-kolejny-krok-w-swojej-karierze-kielce-sales-finanse-bankowosc-ubezpieczenia,2026-08-20,"badanie potrzeb, obsługa klienta, sprzedaż, sprzedaż B2B"
Klient RocketJobs,disqualified,76.4,Masz doświadczenie w sprzedaży? Zrób kolejny krok w swojej karierze,generic_sales,54,b2b_inbound_outbound,Częstochowa,hybrid,6000-11000 PLN/month b2b,mid,rocketjobs.pl,https://rocketjobs.pl/oferta-pracy/klient-rocketjobs-masz-doswiadczenie-w-sprzedazy-zrob-kolejny-krok-w-swojej-karierze-czestochowa-sales-finanse-bankowosc-ubezpieczenia,2026-07-17,"badanie potrzeb, obsługa klienta, sprzedaż, sprzedaż B2B"
Klient RocketJobs,disqualified,76.4,Masz doświadczenie w sprzedaży? Zrób kolejny krok w swojej karierze,generic_sales,54,b2b_inbound_outbound,Poznań,hybrid,6000-15000 PLN/month b2b,mid,rocketjobs.pl,https://rocketjobs.pl/oferta-pracy/klient-rocketjobs-masz-doswiadczenie-w-sprzedazy-zrob-kolejny-krok-w-swojej-karierze-poznan-sales-finanse-bankowosc-ubezpieczenia-555e245d,2026-09-11,"badanie potrzeb, obsługa klienta, sprzedaż, sprzedaż B2B"
Klient RocketJobs,disqualified,76.4,Masz doświadczenie w sprzedaży? Zrób kolejny krok w swojej karierze,generic_sales,54,b2b_inbound_outbound,Gniezno,hybrid,6000-15000 PLN/month b2b,mid,rocketjobs.pl,https://rocketjobs.pl/oferta-pracy/klient-rocketjobs-masz-doswiadczenie-w-sprzedazy-zrob-kolejny-krok-w-swojej-karierze-gniezno-sales-finanse-bankowosc-ubezpieczenia-b3a0cbd9,2026-09-11,"badanie potrzeb, obsługa klienta, sprzedaż, sprzedaż B2B"
Klient RocketJobs,disqualified,76.4,Masz doświadczenie w sprzedaży? Zrób kolejny krok w swojej karierze,generic_sales,54,b2b_inbound_outbound,Kartuzy,hybrid,4000-11000 PLN/month b2b,mid,rocketjobs.pl,https://rocketjobs.pl/oferta-pracy/klient-rocketjobs-masz-doswiadczenie-w-sprzedazy-zrob-kolejny-krok-w-swojej-karierze-kartuzy-sales-finanse-bankowosc-ubezpieczenia,2026-09-11,"badanie potrzeb, obsługa klienta, sprzedaż, sprzedaż B2B"
Klient RocketJobs,disqualified,76.4,Masz doświadczenie w sprzedaży? Zrób kolejny krok w swojej karierze,generic_sales,54,b2b_inbound_outbound,Brodnica,hybrid,4000-11000 PLN/month b2b,mid,rocketjobs.pl,https://rocketjobs.pl/oferta-pracy/klient-rocketjobs-masz-doswiadczenie-w-sprzedazy-zrob-kolejny-krok-w-swojej-karierze-brodnica-sales-finanse-bankowosc-ubezpieczenia,2026-09-11,"badanie potrzeb, obsługa klienta, sprzedaż, sprzedaż B2B"
Klient RocketJobs,disqualified,76.4,Masz doświadczenie w sprzedaży? Zrób kolejny krok w swojej karierze,generic_sales,54,b2b_inbound_outbound,Płock,hybrid,6000-11000 PLN/month b2b,mid,rocketjobs.pl,https://rocketjobs.pl/oferta-pracy/klient-rocketjobs-masz-doswiadczenie-w-sprzedazy-zrob-kolejny-krok-w-swojej-karierze-plock-sales-finanse-bankowosc-ubezpieczenia,2026-07-29,"badanie potrzeb, obsługa klienta, sprzedaż, sprzedaż B2B"
Klient RocketJobs,disqualified,76.4,Masz doświadczenie w sprzedaży? Zrób kolejny krok w swojej karierze,generic_sales,54,b2b_inbound_outbound,Gdańsk,hybrid,6000-11000 PLN/month b2b,mid,rocketjobs.pl,https://rocketjobs.pl/oferta-pracy/klient-rocketjobs-masz-doswiadczenie-w-sprzedazy-zrob-kolejny-krok-w-swojej-karierze-gdansk-sales-finanse-bankowosc-ubezpieczenia,2026-07-29,"badanie potrzeb, obsługa klienta, sprzedaż, sprzedaż B2B"
Klient RocketJobs,disqualified,76.4,Masz doświadczenie w sprzedaży? Zrób kolejny krok w swojej karierze,generic_sales,54,b2b_inbound_outbound,Szczecin,hybrid,6000-11000 PLN/month b2b,mid,rocketjobs.pl,https://rocketjobs.pl/oferta-pracy/klient-rocketjobs-masz-doswiadczenie-w-sprzedazy-zrob-kolejny-krok-w-swojej-karierze-szczecin-sales-finanse-bankowosc-ubezpieczenia,2026-07-29,"badanie potrzeb, obsługa klienta, sprzedaż, sprzedaż B2B"
Klient RocketJobs,disqualified,76.4,Masz doświadczenie w sprzedaży? Zrób kolejny krok w swojej karierze,generic_sales,54,b2b_inbound_outbound,Bydgoszcz,hybrid,6000-11000 PLN/month b2b,mid,rocketjobs.pl,https://rocketjobs.pl/oferta-pracy/klient-rocketjobs-masz-doswiadczenie-w-sprzedazy-zrob-kolejny-krok-w-swojej-karierze-bydgoszcz-sales-finanse-bankowosc-ubezpieczenia,2026-07-29,"badanie potrzeb, obsługa klienta, sprzedaż, sprzedaż B2B"
Klient RocketJobs,disqualified,76.4,Masz doświadczenie w sprzedaży? Zrób kolejny krok w swojej karierze,generic_sales,54,b2b_inbound_outbound,Kraków,hybrid,6000-11000 PLN/month b2b,mid,rocketjobs.pl,https://rocketjobs.pl/oferta-pracy/klient-rocketjobs-masz-doswiadczenie-w-sprzedazy-zrob-kolejny-krok-w-swojej-karierze-krakow-sales-finanse-bankowosc-ubezpieczenia,2026-07-16,"badanie potrzeb, obsługa klienta, sprzedaż, sprzedaż B2B"
Klient RocketJobs,disqualified,76.4,Osoba do pracy biurowej - Sprzedaż - Spotkania handlowe,generic_sales,50,,Grajewo,hybrid,,mid,rocketjobs.pl,https://rocketjobs.pl/oferta-pracy/klient-rocketjobs-osoba-do-pracy-biurowej---sprzedaz---spotkania-handlowe-grajewo-sales-uslugi-profesjonalne,2026-09-17,"Wykształcenie średnie, organizacja, nawiązywanie relacji, obsługa klienta"
Klient RocketJobs,disqualified,76.4,Osoba do pracy biurowej - Sprzedaż - Spotkania handlowe,generic_sales,50,,Kluczbork,hybrid,,mid,rocketjobs.pl,https://rocketjobs.pl/oferta-pracy/klient-rocketjobs-osoba-do-pracy-biurowej---sprzedaz---spotkania-handlowe-kluczbork-sales-uslugi-profesjonalne,2026-09-15,"Wykształcenie średnie, organizacja, nawiązywanie relacji, obsługa klienta"
Klient RocketJobs,disqualified,76.4,Osoba do pracy biurowej - Sprzedaż - Spotkania handlowe,generic_sales,50,,Pułtusk,hybrid,,mid,rocketjobs.pl,https://rocketjobs.pl/oferta-pracy/klient-rocketjobs-osoba-do-pracy-biurowej---sprzedaz---spotkania-handlowe-pultusk-sales-uslugi-profesjonalne-b596572e,2026-09-15,"Wykształcenie średnie, organizacja, nawiązywanie relacji, obsługa klienta"
TELTONIKA POLAND sp. z o.o.,qualified,76.4,B2B Sales Representative • Telematics,sdr_bdr_inside,94,b2b_inbound_outbound,Warszawa,hybrid,8500-13000 PLN/month permanent,mid,rocketjobs.pl,https://rocketjobs.pl/oferta-pracy/teltonika-poland-sp-z-o-o--b2b-sales-representative-telematics-warszawa-sales-it-i-telekomunikacja-5cf97289,2026-09-02,sprzedaż B2B
TELTONIKA POLAND sp. z o.o.,qualified,76.4,B2B Sales Representative • Security,sdr_bdr_inside,94,b2b_inbound_outbound,Warszawa,hybrid,10000-13500 PLN/month permanent,mid,rocketjobs.pl,https://rocketjobs.pl/oferta-pracy/teltonika-poland-sp-z-o-o--b2b-sales-representative-security-warszawa-sales-it-i-telekomunikacja-7f856e9b,2026-09-02,sprzedaż B2B
TELTONIKA POLAND sp. z o.o.,qualified,76.4,B2B Sales Representative | Networking Solutions,sdr_bdr_inside,94,b2b_inbound_outbound,Warszawa,hybrid,9000-13000 PLN/month permanent,mid,rocketjobs.pl,https://rocketjobs.pl/oferta-pracy/teltonika-poland-sp-z-o-o--b2b-sales-representative-networking-solutions-warszawa-sales-it-i-telekomunikacja,2026-08-31,"Active sales, B2B Sales, Driving licence"
FTP PL sp. z o.o.,qualified,76.1,Koordynator / Koordynatorka ds. Rozwoju Sprzedaży B2B,ae_b2b_saas,99,phone|script_crm|b2b_inbound_outbound,"Marki, leja Marszałka Józefa Piłsudskiego 119c",Stacjonarna,,Kierownik / kierowniczka / koordynator / koordynatorka,praca.pl,https://www.praca.pl/koordynator-koordynatorka-ds-rozwoju-sprzedazy-b2b_11526094.html,przed chwilą,Zadania: Aktywny kontakt telefoniczny (zimny i ciepły) z potencjalnymi partnerami. Budowanie długofalowych relacji i opieka nad obecnym portfelem klientów. Wprowadzanie i aktualizacja danych w systemie CRM. Oferowanie i sprzedaż rozwiązań z zakresu logistyki. Domknięcie oraz obsługa...
FTP PL sp. z o.o.,qualified,76.1,Kierowniczka / Kierownik ds. Sprzedaży,sales_leadership,85,phone|script_crm,"Marki, leja Marszałka Józefa Piłsudskiego 119c",Stacjonarna,,Kierownik / kierowniczka / koordynator / koordynatorka,praca.pl,https://www.praca.pl/kierowniczka-kierownik-ds-sprzedazy_11526091.html,wczoraj,Obowiązki: Prowadzenie telefonicznych rozmów sprzedażowych z nowymi i obecnymi klientami. Rozwijanie relacji biznesowych i obsługa pierwszych transakcji z kontrahentami. Praca z bazą danych oraz bieżąca obsługa systemu CRM. Sprzedaż pełnego portfela usług logistycznych firmy. Udział w...
Premium Digital,qualified,76.1,New Business Manager (Zdalnie)- SEO/Digital Marketing,sdr_bdr_inside,99,remote|script_crm,Łódź,remote,7500-12000 PLN/month b2b,mid,rocketjobs.pl,https://rocketjobs.pl/oferta-pracy/premium-digital-new-business-manager-zdalnie---seo-digital-marketing-lodz-sales-uslugi-profesjonalne,2026-08-14,"digital marketing, MS Office, CRM, dobra organizacja pracy, komunikatywność, zaangażowanie, sprzedaż, AI"
Premium Digital,qualified,76.1,Senior New Business Manager - SEO/Digital Marketing,sdr_bdr_inside,95,script_crm,Łódź,hybrid,7500-12000 PLN/month b2b,mid,rocketjobs.pl,https://rocketjobs.pl/oferta-pracy/premium-digital-senior-new-business-manager---seo-digital-marketing-lodz-sales-uslugi-profesjonalne,2026-08-14,"digital marketing, MS Office, CRM, dobra organizacja pracy, komunikatywność, zaangażowanie, sprzedaż, AI"
SmartLunch,qualified,76.1,Sales Development Representative,sdr_bdr_inside,99,script_crm|b2b_inbound_outbound,Wrocław,hybrid,6000-6500 PLN/month permanent,mid,rocketjobs.pl,https://rocketjobs.pl/oferta-pracy/smartlunch-sales-development-representative-wroclaw-sales-turystyka-hotelarstwo-catering-3b6a3cfb,2026-09-29,"CRM, skuteczna komunikacja, priorytetyzacja, sprzedaż B2B"
SmartLunch,qualified,76.1,Sales Development Representative | Czech Republic,sdr_bdr_inside,90,,Brno,hybrid,,mid,rocketjobs.pl,https://rocketjobs.pl/oferta-pracy/smartlunch-sales-development-representative-czech-republic-brno-sales-turystyka-hotelarstwo-catering,2026-10-01,"skuteczna komunikacja, dobra organizacja pracy, elastyczność"
Vecten,qualified,76.1,Business Development Representative,sdr_bdr_inside,99,remote|script_crm,Remote,remote,10000.0-15000.0 PLN b2b,Mid,nofluffjobs.com,https://nofluffjobs.com/pl/job/business-development-representative-vecten-remote,2026-10-02,"AI, LinkedIn, CRM, en"
Vecten,qualified,76.1,Business Development Representative,sdr_bdr_inside,99,remote|script_crm,Warszawa,remote,10000.0-15000.0 PLN b2b,Mid,nofluffjobs.com,https://nofluffjobs.com/pl/job/business-development-representative-vecten-warszawa,2026-10-02,"AI, LinkedIn, CRM, en"
Forum Media Polska,qualified,75.8,Specjalista / Specjalistka ds. Sprzedaży Telefonicznej,telesales_callcenter,100,phone|junior_ramp|b2b_inbound_outbound,Lublin,office,,junior,rocketjobs.pl,https://rocketjobs.pl/oferta-pracy/forum-media-polska-specjalista-specjalistka-ds-sprzedazy-telefonicznej-lublin-sales-marketing-reklama-media,2026-04-21,"obsługa komputera, B2B, sprzedaż telefoniczna"
Forum Media Polska,qualified,75.8,Trener / Trenerka Sprzedaży,generic_sales,60,phone,Poznań,office,,mid,rocketjobs.pl,https://rocketjobs.pl/oferta-pracy/forum-media-polska-trener-trenerka-sprzedazy-poznan-sales-marketing-reklama-media,2026-09-28,"Microsoft Office, sprzedaż, sprzedaż telefoniczna"
Forum Media Polska,qualified,75.8,Specjalista ds. sprzedaży reklam i sponsoringu,sales_specialist,60,,Poznań,hybrid,5275-5275 PLN/hour permanent,mid,rocketjobs.pl,https://rocketjobs.pl/oferta-pracy/forum-media-polska-specjalista-ds-sprzedazy-reklam-i-sponsoringu-poznan-sales-marketing-reklama-media-2c3b26b0,2026-07-24,"Microsoft Office, sprzedaż, praca z klientem, pozyskiwanie klientów, pozyskiwanie sponsorów, Poszerzanie bazy klientów"
Forum Media Polska,qualified,75.8,Manager zespołu sprzedażowego (K/M),generic_sales,50,,Poznań,office,,senior,rocketjobs.pl,https://rocketjobs.pl/oferta-pracy/forum-media-polska-manager-zespolu-sprzedazowego-k-m--poznan-sales-uslugi-profesjonalne,2026-07-13,"zarządzanie zespołem, sprzedaż, zarządzanie zespołem sprzedażowym"
MODIVO PLATFORM,qualified,75.6,Lider Zespołu Sprzedawców (k/m) HalfPrice Tarnowskie Góry PH,sales_leadership,76,junior_ramp,Tarnowskie Góry,office,,junior,rocketjobs.pl,https://rocketjobs.pl/oferta-pracy/modivo-platform-lider-zespolu-sprzedawcow-k-m-halfprice-tarnowskie-gory-ph-tarnowskie-gory-sales-odziez-i-akcesoria,2026-08-06,"zarządzanie zespołem, zarządzanie sprzedażą"
MODIVO PLATFORM,qualified,75.6,Lider Zespołu Sprzedawców (k/m) HalfPrice Legnica - praca mobilna,sales_leadership,70,,Legnica,mobile,,senior,rocketjobs.pl,https://rocketjobs.pl/oferta-pracy/modivo-platform-lider-zespolu-sprzedawcow-k-m-halfprice-legnica---praca-mobilna-legnica-sales-odziez-i-akcesoria,2026-08-26,"obsługa klienta, obsługa kasy fiskalnej, zarządzanie zespołem, prawo jazdy kat. B"
MODIVO PLATFORM,qualified,75.6,Lider Zespołu Sprzedawców (k/m) ShockPrice Białystok Horodniany,sales_leadership,70,,Białystok,office,,senior,rocketjobs.pl,https://rocketjobs.pl/oferta-pracy/modivo-platform-lider-zespolu-sprzedawcow-k-m-shockprice-bialystok-horodniany-bialystok-sales-odziez-i-akcesoria,2026-07-23,"zarządzanie zespołem, zarządzanie sprzedażą"
MODIVO PLATFORM,qualified,75.6,Lider Zespołu Sprzedawców (k/m) ShockPrice Pabianice PH A-Centrum,sales_leadership,70,,Pabianice,office,,senior,rocketjobs.pl,https://rocketjobs.pl/oferta-pracy/modivo-platform-lider-zespolu-sprzedawcow-k-m-shockprice-pabianice-ph-a-centrum-pabianice-sales-odziez-i-akcesoria,2026-07-29,"zarządzanie zespołem, obsługa klienta"
MODIVO PLATFORM,qualified,75.6,Lider Zespołu Sprzedawców (k/m) HalfPrice Warszawa WSJ,sales_leadership,70,,Warszawa,office,,senior,rocketjobs.pl,https://rocketjobs.pl/oferta-pracy/modivo-platform-lider-zespolu-sprzedawcow-k-m-halfprice-warszawa-wsj-warszawa-sales-odziez-i-akcesoria,2026-07-14,"praca z klientem, zarządzanie zespołem"
MODIVO PLATFORM,qualified,75.6,Lider Zespołu Sprzedawców (k/m) HalfPrice Gorzów Wielkopolski - praca mobilna,sales_leadership,70,,Gorzów Wielkopolski,mobile,,senior,rocketjobs.pl,https://rocketjobs.pl/oferta-pracy/modivo-platform-lider-zespolu-sprzedawcow-k-m-halfprice-gorzow-wielkopolski---praca-mobilna-gorzow-wielkopolski-sales-odziez-i-akcesoria,2026-09-03,"obsługa klienta, obsługa kasy fiskalnej, zarządzanie zespołem, prawo jazdy kat. B"
MODIVO PLATFORM,qualified,75.6,Lider Zespołu Sprzedawców (k/m) HalfPrice Kędzierzyn Koźle,sales_leadership,70,,Kędzierzyn-Koźle,office,,senior,rocketjobs.pl,https://rocketjobs.pl/oferta-pracy/modivo-platform-lider-zespolu-sprzedawcow-k-m-halfprice-kedzierzyn-kozle-kedzierzyn-kozle-sales-odziez-i-akcesoria,2026-07-28,"zarządzanie zespołem, obsługa klienta"
MODIVO PLATFORM,qualified,75.6,Lider Zespołu Sprzedawców (k/m) ShockPrice Rybnik PH S1,sales_leadership,70,,Rybnik,office,,mid,rocketjobs.pl,https://rocketjobs.pl/oferta-pracy/modivo-platform-lider-zespolu-sprzedawcow-k-m-shockprice-rybnik-ph-s1-rybnik-sales-odziez-i-akcesoria,2026-07-28,"zarządzanie zespołem, obsługa klienta"
MODIVO PLATFORM,qualified,75.6,Lider Zespołu Sprzedawców (k/m) HalfPrice Katowice Silesia City Center,sales_leadership,70,,Katowice,office,,mid,rocketjobs.pl,https://rocketjobs.pl/oferta-pracy/modivo-platform-lider-zespolu-sprzedawcow-k-m-halfprice-katowice-silesia-city-center-katowice-sales-odziez-i-akcesoria,2026-07-28,"zarządzanie zespołem, obsługa klienta"
MODIVO PLATFORM,qualified,75.6,Lider Zespołu Sprzedawców (k/m) HalfPrice Warszawa Atrium Targówek,sales_leadership,70,,Warszawa,office,,senior,rocketjobs.pl,https://rocketjobs.pl/oferta-pracy/modivo-platform-lider-zespolu-sprzedawcow-k-m-halfprice-warszawa-atrium-targowek-warszawa-sales-odziez-i-akcesoria,2026-07-28,zarządzanie zespołem
MODIVO PLATFORM,qualified,75.6,Lider Zespołu Sprzedawców (k/m) HalfPrice Warszawa Janki,sales_leadership,70,,Janki,office,,senior,rocketjobs.pl,https://rocketjobs.pl/oferta-pracy/modivo-platform-lider-zespolu-sprzedawcow-k-m-halfprice-warszawa-janki-janki-sales-odziez-i-akcesoria,2026-07-28,"zarządzanie zespołem, obsługa klienta"
MODIVO PLATFORM,qualified,75.6,Lider Zespołu Sprzedawców (k/m) HalfPrice Bolesławiec Vendo Park,sales_leadership,70,,Bolesławiec,office,,senior,rocketjobs.pl,https://rocketjobs.pl/oferta-pracy/modivo-platform-lider-zespolu-sprzedawcow-k-m-halfprice-boleslawiec-vendo-park-boleslawiec-sales-odziez-i-akcesoria,2026-08-24,"zarządzanie zespołem, zarządzanie sprzedażą"
MODIVO PLATFORM,qualified,75.6,Zastępca Managera Sklepu (k/m) HalfPrice Olkusz Park Handlowy Big,generic_sales,50,,Olkusz,office,,senior,rocketjobs.pl,https://rocketjobs.pl/oferta-pracy/modivo-platform-zastepca-managera-sklepu-k-m-halfprice-olkusz-park-handlowy-big-olkusz-sales-odziez-i-akcesoria,2026-08-05,"zarządzanie zespołem, zarządzanie sprzedażą"
MODIVO PLATFORM,qualified,75.6,Lider Sprzedaży eobuwie.pl (k/m) - Warszawa Wola Park,generic_sales,50,,Warszawa,office,,mid,rocketjobs.pl,https://rocketjobs.pl/oferta-pracy/modivo-platform-lider-sprzedazy-eobuwie-pl-k-m---warszawa-wola-park-warszawa-sales-odziez-i-akcesoria,2026-09-21,"customer service, zarządzanie zespołem, zarządzanie sprzedażą"
TechGenius Recruitment Kft.,disqualified,75.5,Medior IT Sales Representative,sdr_bdr_inside,98,remote|b2b_inbound_outbound,Remote,remote,10708-10708 PLN permanent,Mid,nofluffjobs.com,https://nofluffjobs.com/pl/job/medior-it-sales-representative-techgenius-recruitment-kft--remote-1,2026-10-02,"B2B, HUNTING, en"
TechGenius Recruitment Kft.,disqualified,75.5,Medior IT Sales Representative,sdr_bdr_inside,98,remote|b2b_inbound_outbound,Budapest,remote,10708-10708 PLN permanent,Mid,nofluffjobs.com,https://nofluffjobs.com/pl/job/medior-it-sales-representative-techgenius-recruitment-kft--budapest-1,2026-10-02,"B2B, HUNTING, en"
KODANO,qualified,74.4,"Kierownik Sprzedaży Mobilnej (B2B) - Poznań, M1",sales_leadership,74,b2b_inbound_outbound,Poznań,mobile,,senior,rocketjobs.pl,https://rocketjobs.pl/oferta-pracy/kodano-lider-grupy-kierownik-sprzedazy-mobilnej-b2b---poznan-m1-poznan-sales-sieci-handlowe,2026-07-15,"praca z klientem, zarządzanie zespołem, obsługa klienta, sprzedaż"
KODANO,qualified,74.4,Kierownik Sprzedaży Mobilnej (B2B) - Bełchatów,sales_leadership,74,b2b_inbound_outbound,Bełchatów,mobile,,senior,rocketjobs.pl,https://rocketjobs.pl/oferta-pracy/kodano-kierownik-sprzedazy-mobilnej-b2b---belchatow-belchatow-sales-sieci-handlowe,2026-07-15,"praca z klientem, zarządzanie zespołem, obsługa klienta, sprzedaż"
KODANO,qualified,74.4,Lider Grupy / Kierownik Sprzedaży Mobilnej (B2B) - Poznań,sales_leadership,74,b2b_inbound_outbound,Poznań,mobile,,senior,rocketjobs.pl,https://rocketjobs.pl/oferta-pracy/kodano-lider-grupy-kierownik-sprzedazy-mobilnej-b2b---poznan-poznan-sales-sieci-handlowe,2026-09-11,"zarządzanie zespołem, praca z klientem, obsługa klienta, sprzedaż"
KODANO,qualified,74.4,Regionalny Kierownik Sprzedaży - sieć salonów optycznych,sales_leadership,70,,Kraków,mobile,,manager,rocketjobs.pl,https://rocketjobs.pl/oferta-pracy/kodano-regionalny-kierownik-sprzedazy---siec-salonow-optycznych-krakow-sales-sieci-handlowe,2026-08-17,"sprzedaż, zarządzanie sprzedażą, Retail, prawo jazdy kat. B, zarządzanie zespołem"
KODANO,qualified,74.4,Kierownik Regionalny / Regionalny Kierownik Sprzedaży  -Kraków,sales_leadership,70,,Kraków,mobile,,manager,rocketjobs.pl,https://rocketjobs.pl/oferta-pracy/kodano-kierownik-regionalny-regionalny-kierownik-sprzedazy--krakow-krakow-sales-sieci-handlowe,2026-09-30,"sprzedaż, zarządzanie sprzedażą, Retail, prawo jazdy kat. B, zarządzanie zespołem"
KODANO,qualified,74.4,Kierownik Działu Handlowego - Moloka (k/m),generic_sales,50,,Kraków,mobile,,manager,rocketjobs.pl,https://rocketjobs.pl/oferta-pracy/kodano-kierownik-dzialu-handlowego---moloka-k-m--krakow-sales-odziez-i-akcesoria,2026-08-20,"sprzedaż, zarządzanie zespołem, zarządzanie sprzedażą, negocjacje, Skalowanie sprzedaży, prawo jazdy kat. B"
SILENT EIGHT,qualified,74.4,Enterprise Sales Director with French – Europe (Poland),sales_leadership,74,b2b_inbound_outbound,Warszawa,mobile,40000-55000 PLN/month b2b,senior,rocketjobs.pl,https://rocketjobs.pl/oferta-pracy/silent-eight-enterprise-sales-director-with-french---europe-poland--warszawa-sales-it-i-telekomunikacja,2026-09-15,"AML, sprzedaż B2B, RegTech, FinCrime, sprzedaż"
Silent Eight,qualified,74.4,Enterprise Sales Director with French – Europe (Poland),sales_leadership,74,remote,Remote,remote,40000.0-55000.0 PLN b2b,Senior,nofluffjobs.com,https://nofluffjobs.com/pl/job/enterprise-sales-director-with-french-europe-poland-silent-eight-remote,2026-10-02,"AI, Enterprise sales, AML, FinCrime"
Silent Eight,qualified,74.4,Enterprise Sales Director with French – Europe (Poland),sales_leadership,74,remote,Gdynia,remote,40000.0-55000.0 PLN b2b,Senior,nofluffjobs.com,https://nofluffjobs.com/pl/job/enterprise-sales-director-with-french-europe-poland-silent-eight-gdynia,2026-10-02,"AI, Enterprise sales, AML, FinCrime"
Silent Eight,qualified,74.4,Enterprise Sales Director with French – Europe (Poland),sales_leadership,74,remote,Rzeszów,remote,40000.0-55000.0 PLN b2b,Senior,nofluffjobs.com,https://nofluffjobs.com/pl/job/enterprise-sales-director-with-french-europe-poland-silent-eight-rzeszow,2026-10-02,"AI, Enterprise sales, AML, FinCrime"
Silent Eight,qualified,74.4,Enterprise Sales Director with French – Europe (Poland),sales_leadership,74,remote,Białystok,remote,40000.0-55000.0 PLN b2b,Senior,nofluffjobs.com,https://nofluffjobs.com/pl/job/enterprise-sales-director-with-french-europe-poland-silent-eight-bialystok,2026-10-02,"AI, Enterprise sales, AML, FinCrime"
Silent Eight,qualified,74.4,Enterprise Sales Director with French – Europe (Poland),sales_leadership,74,remote,Wrocław,remote,40000.0-55000.0 PLN b2b,Senior,nofluffjobs.com,https://nofluffjobs.com/pl/job/enterprise-sales-director-with-french-europe-poland-silent-eight-wroclaw,2026-10-02,"AI, Enterprise sales, AML, FinCrime"
Silent Eight,qualified,74.4,Enterprise Sales Director with French – Europe (Poland),sales_leadership,74,remote,Kraków,remote,40000.0-55000.0 PLN b2b,Senior,nofluffjobs.com,https://nofluffjobs.com/pl/job/enterprise-sales-director-with-french-europe-poland-silent-eight-krakow,2026-10-02,"AI, Enterprise sales, AML, FinCrime"
Silent Eight,qualified,74.4,Enterprise Sales Director with French – Europe (Poland),sales_leadership,74,remote,Poznań,remote,40000.0-55000.0 PLN b2b,Senior,nofluffjobs.com,https://nofluffjobs.com/pl/job/enterprise-sales-director-with-french-europe-poland-silent-eight-poznan,2026-10-02,"AI, Enterprise sales, AML, FinCrime"
OVB Allfinanz Polska sp. z o.o.,qualified,74.0,Opiekun / Opiekunka Klienta,high_ticket_b2c,90,remote|junior_ramp,Szczecin,remote,6000-9000 PLN/month b2b,junior,rocketjobs.pl,https://rocketjobs.pl/oferta-pracy/ovb-allfinanz-polska-sp-z-o-o--opiekun-opiekunka-klienta-szczecin-sales-finanse-bankowosc-ubezpieczenia-a8828f49,2026-10-03,"ambicja i nastawienie na rozwój, Łatwość w nawiązywaniu kontaktu z ludźmi, sprzedaż"
OVB Allfinanz Polska sp. z o.o.,qualified,74.0,Opiekun / Opiekunka Klienta,high_ticket_b2c,90,remote|junior_ramp,Gdańsk,remote,6000-9000 PLN/month b2b,junior,rocketjobs.pl,https://rocketjobs.pl/oferta-pracy/ovb-allfinanz-polska-sp-z-o-o--opiekun-opiekunka-klienta-gdansk-sales-finanse-bankowosc-ubezpieczenia-f6631d12,2026-10-03,"ambicja i nastawienie na rozwój, Łatwość w nawiązywaniu kontaktu z ludźmi, sprzedaż"
OVB Allfinanz Polska sp. z o.o.,qualified,74.0,Opiekun / Opiekunka Klienta,high_ticket_b2c,90,remote|junior_ramp,Wrocław,remote,6000-9000 PLN/month b2b,junior,rocketjobs.pl,https://rocketjobs.pl/oferta-pracy/ovb-allfinanz-polska-sp-z-o-o--opiekun-opiekunka-klienta-wroclaw-sales-finanse-bankowosc-ubezpieczenia-eff2fcf8,2026-10-03,"ambicja i nastawienie na rozwój, Łatwość w nawiązywaniu kontaktu z ludźmi, sprzedaż"
OVB Allfinanz Polska sp. z o.o.,qualified,74.0,Opiekun / Opiekunka Klienta,high_ticket_b2c,90,remote|junior_ramp,Bydgoszcz,remote,6000-9000 PLN/month b2b,junior,rocketjobs.pl,https://rocketjobs.pl/oferta-pracy/ovb-allfinanz-polska-sp-z-o-o--opiekun-opiekunka-klienta-bydgoszcz-sales-finanse-bankowosc-ubezpieczenia-5d767fae,2026-10-03,"ambicja i nastawienie na rozwój, Łatwość w nawiązywaniu kontaktu z ludźmi, sprzedaż"
OVB Allfinanz Polska sp. z o.o.,qualified,74.0,Opiekun / Opiekunka Klienta,high_ticket_b2c,90,remote|junior_ramp,Lublin,remote,6000-9000 PLN/month b2b,junior,rocketjobs.pl,https://rocketjobs.pl/oferta-pracy/ovb-allfinanz-polska-sp-z-o-o--opiekun-opiekunka-klienta-lublin-sales-finanse-bankowosc-ubezpieczenia-1bf3af6f,2026-10-03,"ambicja i nastawienie na rozwój, Łatwość w nawiązywaniu kontaktu z ludźmi, sprzedaż"
OVB Allfinanz Polska sp. z o.o.,qualified,74.0,Opiekun / Opiekunka Klienta,high_ticket_b2c,90,remote|junior_ramp,Zielona Góra,remote,6000-9000 PLN/month b2b,junior,rocketjobs.pl,https://rocketjobs.pl/oferta-pracy/ovb-allfinanz-polska-sp-z-o-o--opiekun-opiekunka-klienta-zielona-gora-sales-finanse-bankowosc-ubezpieczenia-95125759,2026-10-03,"ambicja i nastawienie na rozwój, Łatwość w nawiązywaniu kontaktu z ludźmi, sprzedaż"
OVB Allfinanz Polska sp. z o.o.,qualified,74.0,Opiekun / Opiekunka Klienta,high_ticket_b2c,90,remote|junior_ramp,Łódź,remote,6000-9000 PLN/month b2b,junior,rocketjobs.pl,https://rocketjobs.pl/oferta-pracy/ovb-allfinanz-polska-sp-z-o-o--opiekun-opiekunka-klienta-lodz-sales-finanse-bankowosc-ubezpieczenia-8a5300d9,2026-10-03,"ambicja i nastawienie na rozwój, Łatwość w nawiązywaniu kontaktu z ludźmi, sprzedaż"
OVB Allfinanz Polska sp. z o.o.,qualified,74.0,Opiekun / Opiekunka Klienta,high_ticket_b2c,90,remote|junior_ramp,Kraków,remote,6000-9000 PLN/month b2b,junior,rocketjobs.pl,https://rocketjobs.pl/oferta-pracy/ovb-allfinanz-polska-sp-z-o-o--opiekun-opiekunka-klienta-krakow-sales-finanse-bankowosc-ubezpieczenia-03de74c5,2026-10-03,"ambicja i nastawienie na rozwój, Łatwość w nawiązywaniu kontaktu z ludźmi, sprzedaż"
OVB Allfinanz Polska sp. z o.o.,qualified,74.0,Opiekun / Opiekunka Klienta,high_ticket_b2c,90,remote|junior_ramp,Warszawa,remote,6000-9000 PLN/month b2b,junior,rocketjobs.pl,https://rocketjobs.pl/oferta-pracy/ovb-allfinanz-polska-sp-z-o-o--opiekun-opiekunka-klienta-warszawa-sales-finanse-bankowosc-ubezpieczenia-ba1defcb,2026-10-03,"ambicja i nastawienie na rozwój, Łatwość w nawiązywaniu kontaktu z ludźmi, sprzedaż"
OVB Allfinanz Polska sp. z o.o.,qualified,74.0,Opiekun / Opiekunka Klienta,high_ticket_b2c,90,remote|junior_ramp,Opole,remote,6000-9000 PLN/month b2b,junior,rocketjobs.pl,https://rocketjobs.pl/oferta-pracy/ovb-allfinanz-polska-sp-z-o-o--opiekun-opiekunka-klienta-opole-sales-finanse-bankowosc-ubezpieczenia-9bc5cd64,2026-10-03,"ambicja i nastawienie na rozwój, Łatwość w nawiązywaniu kontaktu z ludźmi, sprzedaż"
OVB Allfinanz Polska sp. z o.o.,qualified,74.0,Opiekun / Opiekunka Klienta,high_ticket_b2c,90,remote|junior_ramp,Rzeszów,remote,6000-9000 PLN/month b2b,junior,rocketjobs.pl,https://rocketjobs.pl/oferta-pracy/ovb-allfinanz-polska-sp-z-o-o--opiekun-opiekunka-klienta-rzeszow-sales-finanse-bankowosc-ubezpieczenia-b78796c1,2026-10-03,"ambicja i nastawienie na rozwój, Łatwość w nawiązywaniu kontaktu z ludźmi, sprzedaż"
OVB Allfinanz Polska sp. z o.o.,qualified,74.0,Opiekun / Opiekunka Klienta,high_ticket_b2c,90,remote|junior_ramp,Białystok,remote,6000-9000 PLN/month b2b,junior,rocketjobs.pl,https://rocketjobs.pl/oferta-pracy/ovb-allfinanz-polska-sp-z-o-o--opiekun-opiekunka-klienta-bialystok-sales-finanse-bankowosc-ubezpieczenia-f97cc547,2026-10-03,"ambicja i nastawienie na rozwój, Łatwość w nawiązywaniu kontaktu z ludźmi, sprzedaż"
OVB Allfinanz Polska sp. z o.o.,qualified,74.0,Opiekun / Opiekunka Klienta,high_ticket_b2c,90,remote|junior_ramp,Katowice,remote,6000-9000 PLN/month b2b,junior,rocketjobs.pl,https://rocketjobs.pl/oferta-pracy/ovb-allfinanz-polska-sp-z-o-o--opiekun-opiekunka-klienta-katowice-sales-finanse-bankowosc-ubezpieczenia-208c6b7d,2026-10-03,"ambicja i nastawienie na rozwój, Łatwość w nawiązywaniu kontaktu z ludźmi, sprzedaż"
OVB Allfinanz Polska sp. z o.o.,qualified,74.0,Opiekun / Opiekunka Klienta,high_ticket_b2c,90,remote|junior_ramp,Kielce,remote,6000-9000 PLN/month b2b,junior,rocketjobs.pl,https://rocketjobs.pl/oferta-pracy/ovb-allfinanz-polska-sp-z-o-o--opiekun-opiekunka-klienta-kielce-sales-finanse-bankowosc-ubezpieczenia-87797937,2026-10-03,"ambicja i nastawienie na rozwój, Łatwość w nawiązywaniu kontaktu z ludźmi, sprzedaż"
OVB Allfinanz Polska sp. z o.o.,qualified,74.0,Opiekun / Opiekunka Klienta,high_ticket_b2c,90,remote|junior_ramp,Olsztyn,remote,6000-9000 PLN/month b2b,junior,rocketjobs.pl,https://rocketjobs.pl/oferta-pracy/ovb-allfinanz-polska-sp-z-o-o--opiekun-opiekunka-klienta-olsztyn-sales-finanse-bankowosc-ubezpieczenia-4967cc8b,2026-10-03,"ambicja i nastawienie na rozwój, Łatwość w nawiązywaniu kontaktu z ludźmi, sprzedaż"
OVB Allfinanz Polska sp. z o.o.,qualified,74.0,Opiekun / Opiekunka Klienta,high_ticket_b2c,90,remote|junior_ramp,Poznań,remote,6000-9000 PLN/month b2b,junior,rocketjobs.pl,https://rocketjobs.pl/oferta-pracy/ovb-allfinanz-polska-sp-z-o-o--opiekun-opiekunka-klienta-poznan-sales-finanse-bankowosc-ubezpieczenia-8ef0b1bb,2026-10-03,"ambicja i nastawienie na rozwój, Łatwość w nawiązywaniu kontaktu z ludźmi, sprzedaż"
OVB Allfinanz Polska sp. z o.o.,qualified,74.0,Osoba ds. Obsługi Klienta,customer_service,45,remote|junior_ramp,Szczecin,remote,5000-7000 PLN/month b2b,junior,rocketjobs.pl,https://rocketjobs.pl/oferta-pracy/ovb-allfinanz-polska-sp-z-o-o--osoba-ds-obslugi-klienta-szczecin-sales-finanse-bankowosc-ubezpieczenia,2026-10-03,"komunikatywność, sprawna obsługa komputera, kultura osobista w kontakcie z klientem, chęć nauki i rozwoju w branży finansowej, Łatwość nawiązywania kontaktu z klientem, pozytywne nastawienie i chęć budowania relacji"
OVB Allfinanz Polska sp. z o.o.,qualified,74.0,Osoba ds. Obsługi Klienta,customer_service,45,remote|junior_ramp,Poznań,remote,5000-7000 PLN/month b2b,junior,rocketjobs.pl,https://rocketjobs.pl/oferta-pracy/ovb-allfinanz-polska-sp-z-o-o--osoba-ds-obslugi-klienta-poznan-sales-finanse-bankowosc-ubezpieczenia,2026-10-03,"komunikatywność, sprawna obsługa komputera, kultura osobista w kontakcie z klientem, chęć nauki i rozwoju w branży finansowej, Łatwość nawiązywania kontaktu z klientem, pozytywne nastawienie i chęć budowania relacji"
OVB Allfinanz Polska sp. z o.o.,qualified,74.0,Osoba ds. Obsługi Klienta,customer_service,45,remote|junior_ramp,Olsztyn,remote,5000-7000 PLN/month b2b,junior,rocketjobs.pl,https://rocketjobs.pl/oferta-pracy/ovb-allfinanz-polska-sp-z-o-o--osoba-ds-obslugi-klienta-olsztyn-sales-finanse-bankowosc-ubezpieczenia,2026-10-03,"komunikatywność, sprawna obsługa komputera, kultura osobista w kontakcie z klientem, chęć nauki i rozwoju w branży finansowej, Łatwość nawiązywania kontaktu z klientem, pozytywne nastawienie i chęć budowania relacji"
OVB Allfinanz Polska sp. z o.o.,qualified,74.0,Osoba ds. Obsługi Klienta,customer_service,45,remote|junior_ramp,Białystok,remote,5000-7000 PLN/month b2b,junior,rocketjobs.pl,https://rocketjobs.pl/oferta-pracy/ovb-allfinanz-polska-sp-z-o-o--osoba-ds-obslugi-klienta-bialystok-sales-finanse-bankowosc-ubezpieczenia,2026-10-03,"komunikatywność, sprawna obsługa komputera, kultura osobista w kontakcie z klientem, chęć nauki i rozwoju w branży finansowej, Łatwość nawiązywania kontaktu z klientem, pozytywne nastawienie i chęć budowania relacji"
OVB Allfinanz Polska sp. z o.o.,qualified,74.0,Osoba ds. Obsługi Klienta,customer_service,45,remote|junior_ramp,Katowice,remote,5000-7000 PLN/month b2b,junior,rocketjobs.pl,https://rocketjobs.pl/oferta-pracy/ovb-allfinanz-polska-sp-z-o-o--osoba-ds-obslugi-klienta-katowice-sales-finanse-bankowosc-ubezpieczenia,2026-10-03,"komunikatywność, sprawna obsługa komputera, kultura osobista w kontakcie z klientem, chęć nauki i rozwoju w branży finansowej, Łatwość nawiązywania kontaktu z klientem, pozytywne nastawienie i chęć budowania relacji"
OVB Allfinanz Polska sp. z o.o.,qualified,74.0,Osoba ds. Obsługi Klienta,customer_service,45,remote|junior_ramp,Kielce,remote,5000-7000 PLN/month b2b,junior,rocketjobs.pl,https://rocketjobs.pl/oferta-pracy/ovb-allfinanz-polska-sp-z-o-o--osoba-ds-obslugi-klienta-kielce-sales-finanse-bankowosc-ubezpieczenia,2026-10-03,"komunikatywność, sprawna obsługa komputera, kultura osobista w kontakcie z klientem, chęć nauki i rozwoju w branży finansowej, Łatwość nawiązywania kontaktu z klientem, pozytywne nastawienie i chęć budowania relacji"
OVB Allfinanz Polska sp. z o.o.,qualified,74.0,Osoba ds. Obsługi Klienta,customer_service,45,remote|junior_ramp,Warszawa,remote,5000-7000 PLN/month b2b,junior,rocketjobs.pl,https://rocketjobs.pl/oferta-pracy/ovb-allfinanz-polska-sp-z-o-o--osoba-ds-obslugi-klienta-warszawa-sales-finanse-bankowosc-ubezpieczenia,2026-10-03,"komunikatywność, sprawna obsługa komputera, kultura osobista w kontakcie z klientem, chęć nauki i rozwoju w branży finansowej, Łatwość nawiązywania kontaktu z klientem, pozytywne nastawienie i chęć budowania relacji"
OVB Allfinanz Polska sp. z o.o.,qualified,74.0,Osoba ds. Obsługi Klienta,customer_service,45,remote|junior_ramp,Lublin,remote,5000-7000 PLN/month b2b,junior,rocketjobs.pl,https://rocketjobs.pl/oferta-pracy/ovb-allfinanz-polska-sp-z-o-o--osoba-ds-obslugi-klienta-lublin-sales-finanse-bankowosc-ubezpieczenia,2026-10-03,"komunikatywność, sprawna obsługa komputera, kultura osobista w kontakcie z klientem, chęć nauki i rozwoju w branży finansowej, Łatwość nawiązywania kontaktu z klientem, pozytywne nastawienie i chęć budowania relacji"
OVB Allfinanz Polska sp. z o.o.,qualified,74.0,Osoba ds. Obsługi Klienta,customer_service,45,remote|junior_ramp,Opole,remote,5000-7000 PLN/month b2b,junior,rocketjobs.pl,https://rocketjobs.pl/oferta-pracy/ovb-allfinanz-polska-sp-z-o-o--osoba-ds-obslugi-klienta-opole-sales-finanse-bankowosc-ubezpieczenia,2026-10-03,"komunikatywność, sprawna obsługa komputera, kultura osobista w kontakcie z klientem, chęć nauki i rozwoju w branży finansowej, Łatwość nawiązywania kontaktu z klientem, pozytywne nastawienie i chęć budowania relacji"
OVB Allfinanz Polska sp. z o.o.,qualified,74.0,Osoba ds. Obsługi Klienta,customer_service,45,remote|junior_ramp,Rzeszów,remote,5000-7000 PLN/month b2b,junior,rocketjobs.pl,https://rocketjobs.pl/oferta-pracy/ovb-allfinanz-polska-sp-z-o-o--osoba-ds-obslugi-klienta-rzeszow-sales-finanse-bankowosc-ubezpieczenia,2026-10-03,"komunikatywność, sprawna obsługa komputera, kultura osobista w kontakcie z klientem, chęć nauki i rozwoju w branży finansowej, Łatwość nawiązywania kontaktu z klientem, pozytywne nastawienie i chęć budowania relacji"
OVB Allfinanz Polska sp. z o.o.,qualified,74.0,Osoba ds. Obsługi Klienta,customer_service,45,remote|junior_ramp,Kraków,remote,5000-7000 PLN/month b2b,junior,rocketjobs.pl,https://rocketjobs.pl/oferta-pracy/ovb-allfinanz-polska-sp-z-o-o--osoba-ds-obslugi-klienta-krakow-sales-finanse-bankowosc-ubezpieczenia,2026-10-03,"komunikatywność, sprawna obsługa komputera, kultura osobista w kontakcie z klientem, chęć nauki i rozwoju w branży finansowej, Łatwość nawiązywania kontaktu z klientem, pozytywne nastawienie i chęć budowania relacji"
OVB Allfinanz Polska sp. z o.o.,qualified,74.0,Osoba ds. Obsługi Klienta,customer_service,45,remote|junior_ramp,Łódź,remote,5000-7000 PLN/month b2b,junior,rocketjobs.pl,https://rocketjobs.pl/oferta-pracy/ovb-allfinanz-polska-sp-z-o-o--osoba-ds-obslugi-klienta-lodz-sales-finanse-bankowosc-ubezpieczenia,2026-10-03,"komunikatywność, sprawna obsługa komputera, kultura osobista w kontakcie z klientem, chęć nauki i rozwoju w branży finansowej, Łatwość nawiązywania kontaktu z klientem, pozytywne nastawienie i chęć budowania relacji"
OVB Allfinanz Polska sp. z o.o.,qualified,74.0,Osoba ds. Obsługi Klienta,customer_service,45,remote|junior_ramp,Zielona Góra,remote,5000-7000 PLN/month b2b,junior,rocketjobs.pl,https://rocketjobs.pl/oferta-pracy/ovb-allfinanz-polska-sp-z-o-o--osoba-ds-obslugi-klienta-zielona-gora-sales-finanse-bankowosc-ubezpieczenia,2026-10-03,"komunikatywność, sprawna obsługa komputera, kultura osobista w kontakcie z klientem, chęć nauki i rozwoju w branży finansowej, Łatwość nawiązywania kontaktu z klientem, pozytywne nastawienie i chęć budowania relacji"
OVB Allfinanz Polska sp. z o.o.,qualified,74.0,Osoba ds. Obsługi Klienta,customer_service,45,remote|junior_ramp,Wrocław,remote,5000-7000 PLN/month b2b,junior,rocketjobs.pl,https://rocketjobs.pl/oferta-pracy/ovb-allfinanz-polska-sp-z-o-o--osoba-ds-obslugi-klienta-wroclaw-sales-finanse-bankowosc-ubezpieczenia,2026-10-03,"komunikatywność, sprawna obsługa komputera, kultura osobista w kontakcie z klientem, chęć nauki i rozwoju w branży finansowej, Łatwość nawiązywania kontaktu z klientem, pozytywne nastawienie i chęć budowania relacji"
OVB Allfinanz Polska sp. z o.o.,qualified,74.0,Osoba ds. Obsługi Klienta,customer_service,45,remote|junior_ramp,Bydgoszcz,remote,5000-7000 PLN/month b2b,junior,rocketjobs.pl,https://rocketjobs.pl/oferta-pracy/ovb-allfinanz-polska-sp-z-o-o--osoba-ds-obslugi-klienta-bydgoszcz-sales-finanse-bankowosc-ubezpieczenia,2026-10-03,"komunikatywność, sprawna obsługa komputera, kultura osobista w kontakcie z klientem, chęć nauki i rozwoju w branży finansowej, Łatwość nawiązywania kontaktu z klientem, pozytywne nastawienie i chęć budowania relacji"
OVB Allfinanz Polska sp. z o.o.,qualified,74.0,Osoba ds. Obsługi Klienta,customer_service,45,remote|junior_ramp,Gdańsk,remote,5000-7000 PLN/month b2b,junior,rocketjobs.pl,https://rocketjobs.pl/oferta-pracy/ovb-allfinanz-polska-sp-z-o-o--osoba-ds-obslugi-klienta-gdansk-sales-finanse-bankowosc-ubezpieczenia,2026-10-03,"komunikatywność, sprawna obsługa komputera, kultura osobista w kontakcie z klientem, chęć nauki i rozwoju w branży finansowej, Łatwość nawiązywania kontaktu z klientem, pozytywne nastawienie i chęć budowania relacji"
TechTree,qualified,73.4,Founding BDR,sdr_bdr_inside,96,junior_ramp,Warszawa,hybrid,7000-9000 PLN/month b2b,junior,rocketjobs.pl,https://rocketjobs.pl/oferta-pracy/techtree-founding-bdr-warszawa-sales-inne,2026-07-08,2 years of experience in a similar role
TechTree,qualified,73.4,Business Development Manager,ae_b2b_saas,84,remote,Warsaw,remote,16667-25000 PLN/year b2b,mid,rocketjobs.pl,https://rocketjobs.pl/oferta-pracy/techtree-business-development-manager-warsaw-sales-motoryzacja-transport,2026-07-08,TSL (transport-spedition-logistics) sector
TechTree,qualified,73.4,Business Development Manager,ae_b2b_saas,80,,Kraków,office,10833-29000 PLN/year any,mid,rocketjobs.pl,https://rocketjobs.pl/oferta-pracy/techtree-business-development-manager-krakow-sales-inne-ff0ac4ab,2026-08-25,"Proven track record of driving business growth., Ability to negotiate, Strong interpersonal skills"
TechTree,qualified,73.4,Sales Specialist,sales_specialist,66,junior_ramp,Warszawa,hybrid,7000-9000 PLN/month b2b,junior,rocketjobs.pl,https://rocketjobs.pl/oferta-pracy/techtree-sales-specialist-warszawa-sales-inne-884a01aa,2026-10-01,2 years of experience in a similar role
Ambro Express,qualified,73.3,Specjalista / Specjalistka ds. Sprzedaży B2B - Telefoniczne pozyskiwanie klientów,telesales_callcenter,100,phone|junior_ramp|b2b_inbound_outbound,Żeroniczki,office,,junior,rocketjobs.pl,https://rocketjobs.pl/oferta-pracy/ambro-express-specjalista-specjalistka-ds-sprzedazy-b2b---telefoniczne-pozyskiwanie-klientow-zeroniczki-sales-motoryzacja-transport,2026-09-09,"sprzedaż, obsługa klienta"
Audit HR,disqualified,73.3,Agent Call Center - j. niemiecki (K/M),telesales_callcenter,100,phone,Gorzów Wielkopolski,,7000.0-9000.0 PLN permanent,Mid,nofluffjobs.com,https://nofluffjobs.com/pl/job/agent-call-center-j-niemiecki-k-m-audit-hr-gorzowwielkopolski-1,2026-09-28,"MS Office, Terminowość, Samodzielność, Otwartość"
Avalio,qualified,73.3,Sales Development Representative (UoP / B2B | Pełny etat),sdr_bdr_inside,100,phone|junior_ramp|b2b_inbound_outbound,Warszawa,hybrid,7000-9000 PLN/month b2b,junior,rocketjobs.pl,https://rocketjobs.pl/oferta-pracy/avalio-sales-development-representative-uop-b2b-pelny-etat--warszawa-sales-farmacja-medycyna,2026-07-22,"SDR, sprzedaż B2B, cold calling, sprzedaż telefoniczna"
Big Four Group | bfagencja,qualified,73.3,"Key Account Manager B2B | rozwój klientów, bez cold calli",sdr_bdr_inside,100,phone|b2b_inbound_outbound,Warszawa,office,11000-15000 PLN/month b2b,senior,rocketjobs.pl,https://rocketjobs.pl/oferta-pracy/big-four-group-bfagencja-key-account-manager-b2b-rozwoj-klientow-bez-cold-calli-warszawa-sales-marketing-reklama-media-c9246b38,2026-09-29,"merchandisign, Obsługa klienta B2B, account management, zarządzanie projektami, komunikacja biznesowa, praca zespołowa, client service"
Cartrack Polska  Sp. z o.o.,qualified,73.3,Specjalista ds. pozyskiwania Klientów Biznesowych (K/M),sdr_bdr_inside,100,phone|b2b_inbound_outbound,Warszawa,office,,mid,rocketjobs.pl,https://rocketjobs.pl/oferta-pracy/cartrack-polska-sp-z-o-o--specjalista-ds-pozyskiwania-klientow-biznesowych-k-m--warszawa-sales-motoryzacja-transport,2026-08-20,"lead generation, cold calling, Umawianie spotkań B2B, sprzedaż B2B, komunikacja z klientem"
Cartrack Polska,qualified,73.3,Doradca ds. sprzedaży,high_ticket_b2c,85,script_crm,Warszawa,office,,mid,rocketjobs.pl,https://rocketjobs.pl/oferta-pracy/cartrack-polska-doradca-ds-sprzedazy-warszawa-sales-motoryzacja-transport,2026-09-10,"CRM, samodzielność, sprzedaż, obsługa klienta"
Cartrack Polska  Sp. z o.o.,qualified,73.3,Specjalista ds. sprzedaży (K/M),sales_specialist,65,script_crm,Warszawa,office,,mid,rocketjobs.pl,https://rocketjobs.pl/oferta-pracy/cartrack-polska-sp-z-o-o--specjalista-ds-sprzedazy-k-m--warszawa-sales-motoryzacja-transport-bb70f5c4,2026-09-04,CRM
EWT Truck & Trailer Polska Sp. z o.o.,qualified,73.3,Konsultant Call Center Działu Business Development (m/k),telesales_callcenter,100,phone,"Ołtarzew, ul. Poznańska 339",Stacjonarna,,,praca.pl,https://www.praca.pl/konsultant-call-center-dzialu-business-development-m-k_11449249.html,10 dni temu,"Do głównych obowiązków osoby zatrudnionej na tym stanowisku należą między innymi: Obsługa zgłoszeń telefonicznych Klientów; Obsługa zgłoszeń Klientów w mediach społecznych, na stronach internetowych itp. Rejestracja i kontrola przebiegu prac związanych z obsługą zgłoszenia..."
FinanSys Solutions Ltd,qualified,73.3,Business Development Representative,sdr_bdr_inside,100,remote|script_crm|b2b_inbound_outbound,London,remote,8000-13000 PLN/month b2b,mid,rocketjobs.pl,https://rocketjobs.pl/oferta-pracy/finansys-solutions-ltd-business-development-representative-london-sales-finanse-bankowosc-ubezpieczenia,2026-09-17,"outbound, CRM, sprzedaż B2B, język angielski"
"Holiday Travel Resorts sp, z o.o.",qualified,73.3,Ankieter Telefoniczny / Ankieterka Telefoniczna (możliwość przyuczenia),telesales_callcenter,100,phone|junior_ramp,"Warszawa, Mokotów",Stacjonarna,2 000 - 5 000 zł brutto/mies.,Młodszy specjalista / młodsza specjalistka (junior) / specjalista / specjalistka (mid),praca.pl,https://www.praca.pl/ankieter-telefoniczny-ankieterka-telefoniczna-mozliwosc-przyuczenia_11509054.html,2 dni temu,Opis stanowiska: Praca od zaraz.
Kcalmar,qualified,73.3,Sales Representative,sdr_bdr_inside,100,phone|remote|script_crm|b2b_inbound_outbound,Lublin,remote,6000-11000 PLN/month b2b,mid,rocketjobs.pl,https://rocketjobs.pl/oferta-pracy/kcalmar-sales-representative-lublin-sales-farmacja-medycyna,2026-09-24,"outbound, cold calling, lead generation, CRM"
Milo Solutions OÜ,qualified,73.3,Business Development Representative – Software Services (remote) ,sdr_bdr_inside,100,remote|script_crm|b2b_inbound_outbound,Remote,remote,12000.0-15000.0 PLN b2b,Expert,nofluffjobs.com,https://nofluffjobs.com/pl/job/business-development-representative-software-services-remote-milo-solutions-ou-1,2026-09-29,"CRM, Outbound, Lead generation, Prospecting"
Netguru,qualified,73.3,Business Development Representative - Outbound,telesales_callcenter,100,remote|b2b_inbound_outbound,Poznań,remote,,mid,rocketjobs.pl,https://rocketjobs.pl/oferta-pracy/netguru-business-development-representative---outbound-poznan-sales-it-i-telekomunikacja-7412bd69,2026-09-17,"sales, new business, IT Services"
Netguru,qualified,73.3,Business Development Manager,ae_b2b_saas,88,remote|b2b_inbound_outbound,Poznań,remote,18000-28900 PLN/month b2b,mid,rocketjobs.pl,https://rocketjobs.pl/oferta-pracy/netguru-business-development-manager-poznan-sales-it-i-telekomunikacja,2026-07-07,"sales, sprzedaż, sprzedaż B2B, obsługa klienta"
Netguru,qualified,73.3,Senior Account Manager,account_mgmt,59,remote,Poznań,remote,14400-22800 PLN/month b2b,senior,rocketjobs.pl,https://rocketjobs.pl/oferta-pracy/netguru-senior-account-manager-poznan-sales-it-i-telekomunikacja-64bc6406,2026-09-16,"obsługa klienta, Product Engineering, Tier-1/2 IT services, enterprise accounts, business development"
Restaumatic S.A.,qualified,73.3,Konsultant / Konsultantka ds. sprzedaży produktów IT,telesales_callcenter,100,phone|remote,Zabrze,remote,5400-16200 PLN/month permanent,mid,rocketjobs.pl,https://rocketjobs.pl/oferta-pracy/restaumatic-s-a--konsultant-konsultantka-ds-sprzedazy-produktow-it-zabrze-sales-it-i-telekomunikacja,2026-09-18,"sprzedaż, sprzedaż telefoniczna, obsługa klienta"
Ringostat,qualified,73.3,Specjalista/ka ds. rozwoju sprzedaży (SDR),sdr_bdr_inside,100,remote|junior_ramp|script_crm|b2b_inbound_outbound,Warsaw,remote,5800-6900 PLN/month b2b,junior,rocketjobs.pl,https://rocketjobs.pl/oferta-pracy/ringostat-specjalista-ka-ds-rozwoju-sprzedazy-sdr--warsaw-sales-it-i-telekomunikacja-fd8d71e9,2026-09-15,"CRM, B2B"
Supra Brokers S.A.,qualified,73.3,Konsultant telefoniczny ds. pozyskiwania i obsługi klientów (K/M/X),telesales_callcenter,100,phone,Wrocław,office,,senior,rocketjobs.pl,https://rocketjobs.pl/oferta-pracy/supra-brokers-s-a--konsultant-telefoniczny-ds-pozyskiwania-i-obslugi-klientow-k-m-x--wroclaw-sales-finanse-bankowosc-ubezpieczenia,2026-08-06,"obsługa klienta, pozyskiwanie klienta, Microsoft Office"
Talkersi,qualified,73.3,New Business Specialist (sprzedaż doradcza),sdr_bdr_inside,100,remote|junior_ramp,Gdynia,remote,5700-8200 PLN/month permanent,junior,rocketjobs.pl,https://rocketjobs.pl/oferta-pracy/talkersi-new-business-specialist-sprzedaz-doradcza--gdynia-sales-uslugi-profesjonalne,2026-10-02,"administracja, sprzedaż, obsługa klienta, praca z klientem"
TAX JOBS LEGAL POLSKA sp. z o.o.,qualified,73.3,Specjalista / Specjalistka ds. Sprzedaży B2B i Lead Generation,sdr_bdr_inside,100,phone|remote|b2b_inbound_outbound,Wrocław,Zdalna,8 000 - 18 000 zł netto (+VAT)/mies.,Specjalista / specjalistka (mid) / starszy specjalista / starsza specjalistka (senior),praca.pl,https://www.praca.pl/specjalista-specjalistka-ds-sprzedazy-b2b-i-lead-generation_11497624.html,6 dni temu,"Samodzielne pozyskiwanie nowych klientów B2B poprzez cold calling, cold mailing, LinkedIn oraz pracę z przekazanymi, ciepłymi leadami. Prezentowanie oferty firmy i wspieranie potencjalnych klientów w procesie składania wniosków. Prowadzenie pełnego procesu sprzedaży – od identyfikacji..."
TAX JOBS LEGAL POLSKA sp. z o.o.,qualified,73.3,Specjalista ds. Sprzedaży,sales_specialist,84,phone|video_calls|remote|b2b_inbound_outbound,Wrocław,Zdalna,8 500 - 18 000 zł netto (+VAT)/mies.,Specjalista / specjalistka (mid) / starszy specjalista / starsza specjalistka (senior),praca.pl,https://www.praca.pl/specjalista-ds-sprzedazy_11497567.html,8 dni temu,"Samodzielne pozyskiwanie nowych klientów B2B poprzez aktywne działania outbound (cold calling, cold mailing, LinkedIn) oraz praca z przekazanymi kontaktami (ciepłe leady) - Prezentacja oferty firmy i wsparcie klientów przy składaniu wniosków; Kompleksowe zarządzanie procesem sprzedaży – od..."
TAX JOBS LEGAL POLSKA sp. z o.o.,qualified,73.3,Specjalista / Specjalistka ds. Sprzedaży,sales_specialist,78,phone|remote|b2b_inbound_outbound,Wrocław,Zdalna,8 000 - 18 000 zł netto (+VAT)/mies.,Specjalista / specjalistka (mid) / starszy specjalista / starsza specjalistka (senior),praca.pl,https://www.praca.pl/specjalista-specjalistka-ds-sprzedazy_11497627.html,4 dni temu,"Rozwijanie sprzedaży B2B poprzez aktywne pozyskiwanie klientów z wykorzystaniem telefonu, e-maila i LinkedIn oraz obsługę ciepłych leadów. Prezentowanie rozwiązań firmy i wspieranie klientów przy składaniu wniosków. Samodzielne prowadzenie procesu sprzedażowego od pierwszego kontaktu do..."
Tebim,qualified,73.3,Specjalista ds. Rozwoju Sprzedaży (SDR),sdr_bdr_inside,100,remote|script_crm|b2b_inbound_outbound,Kalisz,remote,8400-11760 PLN/hour b2b,mid,rocketjobs.pl,https://rocketjobs.pl/oferta-pracy/tebim-specjalista-ds-rozwoju-sprzedazy-sdr--kalisz-sales-it-i-telekomunikacja,2026-09-25,"sprzedaż B2B, outbound reach, CRM"
Unique People Sp. z o.o.,qualified,73.3,Konsultant ds. sprzedaży - infolinia wychodząca [k/n/m],telesales_callcenter,100,junior_ramp,Zielona Góra,office,5275-5544 PLN/hour mandate_contract,junior,rocketjobs.pl,https://rocketjobs.pl/oferta-pracy/unique-people-sp-z-o-o--konsultant-ds-sprzedazy---infolinia-wychodzaca-k-n-m--zielona-gora-sales-it-i-telekomunikacja,2026-07-20,"język polski, sprzedaż, obsługa klienta"
Wemolo,qualified,73.3,Sales Development Representative,sdr_bdr_inside,100,phone|b2b_inbound_outbound,Wrocław,hybrid,12729-13833 PLN/year permanent,mid,rocketjobs.pl,https://rocketjobs.pl/oferta-pracy/wemolo-sales-development-representative-wroclaw-sales-inne,2026-09-17,"cold calling, B2B, sales, Kommunikation, teamwork"
Yango Sp. z o.o.,qualified,73.3,Konsultant ds. sprzedaży (k/m/n),telesales_callcenter,100,phone|junior_ramp,Warszawa,office,,junior,rocketjobs.pl,https://rocketjobs.pl/oferta-pracy/yango-sp-z-o-o--konsultant-ds-sprzedazy-k-m-n--warszawa-sales-farmacja-medycyna,2026-10-01,"sprzedaż telefoniczna, obsługa klienta, budowanie relacji, komunikatywność, zarządzanie czasem"
Zdrowa Sylwetka Bieńko Zarębska Spółka Komandytowa,qualified,73.3,"Specjalista/ specjalistka ds. sprzedaży telefonicznej | 100 % zdalnie, cała Polska",telesales_callcenter,100,phone|remote|script_crm,Warszawa,remote,5500-16000 PLN/month b2b,mid,rocketjobs.pl,https://rocketjobs.pl/oferta-pracy/zdrowa-sylwetka-bienko-zarebska-spolka-komandytowa-specjalista-specjalistka-ds-sprzedazy-telefonicznej-100-zdalnie-cala-polska-warszawa-sales-uslugi-profesjonalne-51b17291,2026-09-08,"CRM, negocjacje, obsługa klienta, sprzedaż"
UTH Damian Utecht,qualified,72.8,Specjalista/-ka B2B ds. Sprzedaży Usług Telekomunikacyjnych w PLAY | Mazowieckie,ae_b2b_saas,88,remote|b2b_inbound_outbound,Warszawa,remote,5000-15000 PLN/month mandate_contract,mid,rocketjobs.pl,https://rocketjobs.pl/oferta-pracy/uth-damian-utecht-specjalista--ka-b2b-ds-sprzedazy-uslug-telekomunikacyjnych-w-play-mazowieckie-warszawa-sales-it-i-telekomunikacja,2026-09-29,"doradztwo, branża telekomunikacyjna, praca z klientem, telekomunikacja, sprzedaż, budowanie relacji z klientem"
UTH Damian Utecht,qualified,72.8,Specjalista/-ka B2B ds. Sprzedaży Usług Telekomunikacyjnych w PLAY | Lubuskie,ae_b2b_saas,88,remote|b2b_inbound_outbound,Zielona Góra,remote,5000-15000 PLN/month mandate_contract,mid,rocketjobs.pl,https://rocketjobs.pl/oferta-pracy/uth-damian-utecht-specjalista--ka-b2b-ds-sprzedazy-uslug-telekomunikacyjnych-w-play-lubuskie-zielona-gora-sales-it-i-telekomunikacja,2026-09-29,"doradztwo, branża telekomunikacyjna, praca z klientem, telekomunikacja, sprzedaż, budowanie relacji z klientem"
UTH Damian Utecht,qualified,72.8,Specjalista/-ka B2B ds. Sprzedaży Usług Telekomunikacyjnych w PLAY | Małopolskie,ae_b2b_saas,88,remote|b2b_inbound_outbound,Kraków,remote,5000-15000 PLN/month mandate_contract,mid,rocketjobs.pl,https://rocketjobs.pl/oferta-pracy/uth-damian-utecht-specjalista--ka-b2b-ds-sprzedazy-uslug-telekomunikacyjnych-w-play-malopolskie-krakow-sales-it-i-telekomunikacja,2026-09-29,"doradztwo, branża telekomunikacyjna, praca z klientem, telekomunikacja, sprzedaż, budowanie relacji z klientem"
UTH Damian Utecht,qualified,72.8,Specjalista/-ka B2B ds. Sprzedaży Usług Telekomunikacyjnych w PLAY | Łódzkie,ae_b2b_saas,88,remote|b2b_inbound_outbound,Łódź,remote,5000-15000 PLN/month mandate_contract,mid,rocketjobs.pl,https://rocketjobs.pl/oferta-pracy/uth-damian-utecht-specjalista--ka-b2b-ds-sprzedazy-uslug-telekomunikacyjnych-w-play-lodzkie-lodz-sales-it-i-telekomunikacja,2026-09-29,"doradztwo, branża telekomunikacyjna, praca z klientem, telekomunikacja, sprzedaż, budowanie relacji z klientem"
UTH Damian Utecht,qualified,72.8,Specjalista/-ka B2B ds. Sprzedaży Usług Telekomunikacyjnych w PLAY | Kujawsko-Pomorskie,ae_b2b_saas,88,remote|b2b_inbound_outbound,Bydgoszcz,remote,5000-15000 PLN/month mandate_contract,mid,rocketjobs.pl,https://rocketjobs.pl/oferta-pracy/uth-damian-utecht-specjalista--ka-b2b-ds-sprzedazy-uslug-telekomunikacyjnych-w-play-kujawsko-pomorskie-bydgoszcz-sales-it-i-telekomunikacja,2026-09-29,"doradztwo, branża telekomunikacyjna, praca z klientem, telekomunikacja, sprzedaż, budowanie relacji z klientem"
UTH Damian Utecht,qualified,72.8,Specjalista/-ka B2B ds. Sprzedaży Usług Telekomunikacyjnych w PLAY | Lubelskie,ae_b2b_saas,88,remote|b2b_inbound_outbound,Lublin,remote,5000-15000 PLN/month mandate_contract,mid,rocketjobs.pl,https://rocketjobs.pl/oferta-pracy/uth-damian-utecht-specjalista--ka-b2b-ds-sprzedazy-uslug-telekomunikacyjnych-w-play-lubelskie-lublin-sales-it-i-telekomunikacja,2026-09-29,"doradztwo, branża telekomunikacyjna, praca z klientem, telekomunikacja, sprzedaż, budowanie relacji z klientem"
UTH Damian Utecht,qualified,72.8,Specjalista/-ka B2B ds. Sprzedaży Usług Telekomunikacyjnych w PLAY | Zachodniopomorskie,ae_b2b_saas,88,remote|b2b_inbound_outbound,Szczecin,remote,5000-15000 PLN/month mandate_contract,mid,rocketjobs.pl,https://rocketjobs.pl/oferta-pracy/uth-damian-utecht-specjalista--ka-b2b-ds-sprzedazy-uslug-telekomunikacyjnych-w-play-zachodniopomorskie-szczecin-sales-it-i-telekomunikacja,2026-09-29,"doradztwo, branża telekomunikacyjna, praca z klientem, telekomunikacja, sprzedaż, budowanie relacji z klientem"
UTH Damian Utecht,qualified,72.8,Specjalista/-ka B2B ds. Sprzedaży Usług Telekomunikacyjnych w PLAY | Wielkopolskie,ae_b2b_saas,88,remote|b2b_inbound_outbound,Poznań,remote,5000-15000 PLN/month mandate_contract,mid,rocketjobs.pl,https://rocketjobs.pl/oferta-pracy/uth-damian-utecht-specjalista--ka-b2b-ds-sprzedazy-uslug-telekomunikacyjnych-w-play-wielkopolskie-poznan-sales-it-i-telekomunikacja,2026-09-29,"doradztwo, branża telekomunikacyjna, praca z klientem, telekomunikacja, sprzedaż, budowanie relacji z klientem"
UTH Damian Utecht,qualified,72.8,Specjalista/-ka B2B ds. Sprzedaży Usług Telekomunikacyjnych w PLAY | Warmińsko-Mazurskie,ae_b2b_saas,88,remote|b2b_inbound_outbound,Olsztyn,remote,5000-15000 PLN/month mandate_contract,mid,rocketjobs.pl,https://rocketjobs.pl/oferta-pracy/uth-damian-utecht-specjalista--ka-b2b-ds-sprzedazy-uslug-telekomunikacyjnych-w-play-warminsko-mazurskie-olsztyn-sales-it-i-telekomunikacja,2026-09-29,"doradztwo, branża telekomunikacyjna, praca z klientem, telekomunikacja, sprzedaż, budowanie relacji z klientem"
UTH Damian Utecht,qualified,72.8,Specjalista/-ka B2B ds. Sprzedaży Usług Telekomunikacyjnych w PLAY | Świętokrzyskie,ae_b2b_saas,88,remote|b2b_inbound_outbound,Kielce,remote,5000-15000 PLN/month mandate_contract,mid,rocketjobs.pl,https://rocketjobs.pl/oferta-pracy/uth-damian-utecht-specjalista--ka-b2b-ds-sprzedazy-uslug-telekomunikacyjnych-w-play-swietokrzyskie-kielce-sales-it-i-telekomunikacja,2026-09-29,"doradztwo, branża telekomunikacyjna, praca z klientem, telekomunikacja, sprzedaż, budowanie relacji z klientem"
UTH Damian Utecht,qualified,72.8,Specjalista/-ka B2B ds. Sprzedaży Usług Telekomunikacyjnych w PLAY | Śląskie,ae_b2b_saas,88,remote|b2b_inbound_outbound,Katowice,remote,5000-15000 PLN/month mandate_contract,mid,rocketjobs.pl,https://rocketjobs.pl/oferta-pracy/uth-damian-utecht-specjalista--ka-b2b-ds-sprzedazy-uslug-telekomunikacyjnych-w-play-slaskie-katowice-sales-it-i-telekomunikacja,2026-09-29,"doradztwo, branża telekomunikacyjna, praca z klientem, telekomunikacja, sprzedaż, budowanie relacji z klientem"
UTH Damian Utecht,qualified,72.8,Specjalista/-ka B2B ds. Sprzedaży Usług Telekomunikacyjnych w PLAY | Pomorskie,ae_b2b_saas,88,remote|b2b_inbound_outbound,Gdańsk,remote,5000-15000 PLN/month mandate_contract,mid,rocketjobs.pl,https://rocketjobs.pl/oferta-pracy/uth-damian-utecht-specjalista--ka-b2b-ds-sprzedazy-uslug-telekomunikacyjnych-w-play-pomorskie-gdansk-sales-it-i-telekomunikacja,2026-09-29,"doradztwo, branża telekomunikacyjna, praca z klientem, telekomunikacja, sprzedaż, budowanie relacji z klientem"
UTH Damian Utecht,qualified,72.8,Specjalista/-ka B2B ds. Sprzedaży Usług Telekomunikacyjnych w PLAY | Podlaskie,ae_b2b_saas,88,remote|b2b_inbound_outbound,Białystok,remote,5000-15000 PLN/month mandate_contract,mid,rocketjobs.pl,https://rocketjobs.pl/oferta-pracy/uth-damian-utecht-specjalista--ka-b2b-ds-sprzedazy-uslug-telekomunikacyjnych-w-play-podlaskie-bialystok-sales-it-i-telekomunikacja,2026-09-29,"doradztwo, branża telekomunikacyjna, praca z klientem, telekomunikacja, sprzedaż, budowanie relacji z klientem"
UTH Damian Utecht,qualified,72.8,Specjalista/-ka B2B ds. Sprzedaży Usług Telekomunikacyjnych w PLAY | Podkarpackie,ae_b2b_saas,88,remote|b2b_inbound_outbound,Rzeszów,remote,5000-15000 PLN/month mandate_contract,mid,rocketjobs.pl,https://rocketjobs.pl/oferta-pracy/uth-damian-utecht-specjalista--ka-b2b-ds-sprzedazy-uslug-telekomunikacyjnych-w-play-podkarpackie-rzeszow-sales-it-i-telekomunikacja,2026-09-29,"doradztwo, branża telekomunikacyjna, praca z klientem, telekomunikacja, sprzedaż, budowanie relacji z klientem"
UTH Damian Utecht,qualified,72.8,Specjalista/-ka B2B ds. Sprzedaży Usług Telekomunikacyjnych w PLAY | Opolskie,ae_b2b_saas,88,remote|b2b_inbound_outbound,Opole,remote,5000-15000 PLN/month mandate_contract,mid,rocketjobs.pl,https://rocketjobs.pl/oferta-pracy/uth-damian-utecht-specjalista--ka-b2b-ds-sprzedazy-uslug-telekomunikacyjnych-w-play-opolskie-opole-sales-it-i-telekomunikacja,2026-09-29,"doradztwo, branża telekomunikacyjna, praca z klientem, telekomunikacja, sprzedaż, budowanie relacji z klientem"
UTH Damian Utecht,qualified,72.8,Specjalista/-ka B2B ds. Sprzedaży Usług Telekomunikacyjnych w PLAY | Dolnośląskie,ae_b2b_saas,84,b2b_inbound_outbound,Wałbrzych,hybrid,5000-15000 PLN/month mandate_contract,mid,rocketjobs.pl,https://rocketjobs.pl/oferta-pracy/uth-damian-utecht-specjalista--ka-b2b-ds-sprzedazy-uslug-telekomunikacyjnych-w-play-dolnoslaskie-walbrzych-sales-it-i-telekomunikacja,2026-09-16,"doradztwo, branża telekomunikacyjna, praca z klientem, telekomunikacja, sprzedaż, budowanie relacji z klientem"
UTH Damian Utecht,qualified,72.8,Przedstawicielstwo Handlowe na rynku D2D w PLAY | Małopolska,generic_sales,50,,Kraków,hybrid,5000-15000 PLN/month b2b,mid,rocketjobs.pl,https://rocketjobs.pl/oferta-pracy/uth-damian-utecht-przedstawicielstwo-handlowe-na-rynku-d2d-w-play-malopolska-krakow-sales-it-i-telekomunikacja,2026-09-18,"doradztwo, branża telekomunikacyjna, praca z klientem, telekomunikacja, sprzedaż, budowanie relacji z klientem"
UTH Damian Utecht,qualified,72.8,Przedstawicielstwo Handlowe na rynku D2D w PLAY | Dolnośląskie,generic_sales,50,,Wałbrzych,hybrid,5000-15000 PLN/month mandate_contract,mid,rocketjobs.pl,https://rocketjobs.pl/oferta-pracy/uth-damian-utecht-przedstawicielstwo-handlowe-na-rynku-d2d-w-play-dolnoslaskie-walbrzych-sales-it-i-telekomunikacja,2026-09-21,"doradztwo, branża telekomunikacyjna, praca z klientem, telekomunikacja, sprzedaż, budowanie relacji z klientem"
UTH Damian Utecht,qualified,72.8,Przedstawicielstwo Handlowe na rynku D2D w PLAY | Zachodniopomorskie,generic_sales,50,,Szczecin,hybrid,5000-15000 PLN/month b2b,mid,rocketjobs.pl,https://rocketjobs.pl/oferta-pracy/uth-damian-utecht-przedstawicielstwo-handlowe-na-rynku-d2d-w-play-zachodniopomorskie-szczecin-sales-it-i-telekomunikacja,2026-09-16,"doradztwo, branża telekomunikacyjna, praca z klientem, telekomunikacja, sprzedaż, budowanie relacji z klientem"
UTH Damian Utecht,qualified,72.8,Przedstawicielstwo Handlowe na rynku D2D w PLAY | Lubuskie,generic_sales,50,,Zielona Góra,hybrid,5000-15000 PLN/month b2b,mid,rocketjobs.pl,https://rocketjobs.pl/oferta-pracy/uth-damian-utecht-przedstawicielstwo-handlowe-na-rynku-d2d-w-play-lubuskie-zielona-gora-sales-it-i-telekomunikacja,2026-09-16,"doradztwo, branża telekomunikacyjna, praca z klientem, telekomunikacja, sprzedaż, budowanie relacji z klientem"
0101MARKETING,qualified,72.7,Sales Development Representative,sdr_bdr_inside,99,script_crm|b2b_inbound_outbound,Kraków,office,8000-9000 PLN/month b2b,mid,rocketjobs.pl,https://rocketjobs.pl/oferta-pracy/0101marketing-sales-development-representative-krakow-sales-it-i-telekomunikacja,2026-09-18,"CRM, outbound, sprzedaż B2B, HubSpot, business development"
Digital Broker Nieruchomości,qualified,72.7,Specjalista ds. telemarketingu,telesales_callcenter,99,remote,Warszawa,remote,7000-15000 PLN/month b2b,mid,rocketjobs.pl,https://rocketjobs.pl/oferta-pracy/digital-broker-nieruchomosci-specjalista-ds-telemarketingu-warszawa-sales-nieruchomosci-budownictwo-17ba83df,2026-09-23,sprzedaż
Fieldworker,qualified,72.7,New Business Manager,sdr_bdr_inside,99,script_crm|b2b_inbound_outbound,Poznań,hybrid,8000-15000 PLN/month b2b,mid,rocketjobs.pl,https://rocketjobs.pl/oferta-pracy/fieldworker-new-business-manager-poznan-sales-it-i-telekomunikacja-de138a72,2026-09-13,"CRM, B2B, sprzedaż B2B, SaaS, negocjacje, sprzedaż"
Kadromierz,qualified,72.7,Specjalista ds. Outbound Lead Generation,telesales_callcenter,99,b2b_inbound_outbound,Wrocław,hybrid,9000-11500 PLN/month b2b,mid,rocketjobs.pl,https://rocketjobs.pl/oferta-pracy/kadromierz-specjalista-ds-outbound-lead-generation-wroclaw-sales-it-i-telekomunikacja,2026-07-31,"prospecting, marketing automation, outreach, lead generation"
Kompan.pl Sp. z o.o.,qualified,72.7,Specjalista/ka ds. umawiania spotkań B2B / Appointment Setter,sdr_bdr_inside,99,script_crm|b2b_inbound_outbound,Warszawa,office,5500-8000 PLN/month mandate_contract,mid,rocketjobs.pl,https://rocketjobs.pl/oferta-pracy/kompan-pl-sp-z-o-o--specjalista-ka-ds-umawiania-spotkan-b2b-appointment-setter-warszawa-sales-uslugi-profesjonalne,2026-09-18,"CRM, telemarketing, lead generation, Umiejętność rozmowy, organizacja, współpraca z zespołem, Wiadomości biznesowe, kreatywność"
Mate academy Polska,qualified,72.7,Sales Representative,sdr_bdr_inside,99,remote|script_crm,Lublin,remote,8000-12000 PLN/month b2b,mid,rocketjobs.pl,https://rocketjobs.pl/oferta-pracy/mate-academy-polska-sales-representative-lublin-sales-it-i-telekomunikacja-a23748b9,2026-07-23,"CRM, sales, sprzedaż B2C, sprzedaż"
SAYFLU SPÓŁKA Z OGRANICZONĄ ODPOWIEDZIALNOŚCIĄ,qualified,72.2,New Business Manager (Influencer Marketing),sdr_bdr_inside,94,remote,Warszawa,remote,7000-11000 PLN/month b2b,mid,rocketjobs.pl,https://rocketjobs.pl/oferta-pracy/sayflu-spolka-z-ograniczona-odpowiedzialnoscia-new-business-manager-influencer-marketing--warszawa-sales-marketing-reklama-media,2026-07-31,"influencer marketing, sprzedaż, social media"
SAYFLU SPÓŁKA Z OGRANICZONĄ ODPOWIEDZIALNOŚCIĄ,qualified,72.2,Senior Business Development Manager (Influencer Marketing),ae_b2b_saas,88,remote|b2b_inbound_outbound,Warszawa,remote,10000-13000 PLN/month b2b,senior,rocketjobs.pl,https://rocketjobs.pl/oferta-pracy/sayflu-spolka-z-ograniczona-odpowiedzialnoscia-senior-business-development-manager-influencer-marketing--warszawa-sales-marketing-reklama-media,2026-07-31,"influencer marketing, sprzedaż, sprzedaż B2B"
SAYFLU SPÓŁKA Z OGRANICZONĄ ODPOWIEDZIALNOŚCIĄ,qualified,72.2,Partnership Manager (Influencer Marketing),ae_b2b_saas,84,remote,Warszawa,remote,7000-11000 PLN/month b2b,mid,rocketjobs.pl,https://rocketjobs.pl/oferta-pracy/sayflu-spolka-z-ograniczona-odpowiedzialnoscia-partnership-manager-influencer-marketing--warszawa-sales-marketing-reklama-media,2026-07-31,"influencer marketing, sprzedaż, social media"
SAYFLU SPÓŁKA Z OGRANICZONĄ ODPOWIEDZIALNOŚCIĄ,qualified,72.2,Business Development Manager (Influencer Marketing),ae_b2b_saas,84,remote,Warszawa,remote,7000-11000 PLN/month b2b,mid,rocketjobs.pl,https://rocketjobs.pl/oferta-pracy/sayflu-spolka-z-ograniczona-odpowiedzialnoscia-business-development-manager-influencer-marketing--warszawa-sales-marketing-reklama-media-be1df584,2026-07-30,"influencer marketing, sprzedaż, social media"
HIRE A HEAD JOANNA WRÓBLEWSKA,qualified,72.1,Sales Representative,sdr_bdr_inside,98,remote|b2b_inbound_outbound,Łódź,remote,7000-10000 PLN/month b2b,mid,rocketjobs.pl,https://rocketjobs.pl/oferta-pracy/hire-a-head-joanna-wroblewska-sales-representative-lodz-sales-odziez-i-akcesoria,2026-09-24,"sprzedaż B2B, negocjacje, pozyskiwanie klientów, branża tekstylna, personalizacja produktów, samodzielność, znajomość angielskiego, sieć kontaktów"
InfinityHR,qualified,72.1,specjalista ds. pozyskiwania klientów,sdr_bdr_inside,98,remote|b2b_inbound_outbound,Warszawa,remote,6500-9000 PLN/month b2b,mid,rocketjobs.pl,https://rocketjobs.pl/oferta-pracy/infinityhr-specjalista-ds-pozyskiwania-klientow-warszawa-sales-finanse-bankowosc-ubezpieczenia,2026-09-28,"sprzedaż B2B, samodzielność, obsługa klienta"
Saute Nails Sp. z o.o.,qualified,72.1,Handlowiec B2B (K/M) - Pozyskiwanie Klientów Zagranicznych,sdr_bdr_inside,98,remote|b2b_inbound_outbound,Radom,remote,,mid,rocketjobs.pl,https://rocketjobs.pl/oferta-pracy/saute-nails-sp-z-o-o--handlowiec-b2b-k-m---pozyskiwanie-klientow-zagranicznych-radom-sales-kosmetyki-chemia,2026-09-21,"sprzedaż, sprzedaż B2B, komunikatywność, branża beauty"
Upvanta,qualified,72.1,Business Development Manager / New Business Manager – IT Outsourcing,sdr_bdr_inside,98,remote|b2b_inbound_outbound,Łódź,remote,,mid,rocketjobs.pl,https://rocketjobs.pl/oferta-pracy/upvanta-business-development-manager-new-business-manager---it-outsourcing-lodz-sales-it-i-telekomunikacja,2026-09-16,"sprzedaż B2B, sprzedaż, branża IT"
Polkomtel Sp. z o.o.,disqualified,72.0,Regionalny Koordynator Sprzedaży (k/m),sales_leadership,70,,Zielona Góra,mobile,,mid,rocketjobs.pl,https://rocketjobs.pl/oferta-pracy/polkomtel-sp-z-o-o--regionalny-koordynator-sprzedazy-k-m--zielona-gora-sales-it-i-telekomunikacja,2026-09-21,"sprzedaż, negocjacje, komunikacja"
Polkomtel Sp. z o.o.,disqualified,72.0,Specjalista Sprzedaży (k/m) - Lublin,generic_sales,60,phone,Lublin,office,,mid,rocketjobs.pl,https://rocketjobs.pl/oferta-pracy/polkomtel-sp-z-o-o--specjalista-sprzedazy-k-m---lublin-lublin-sales-it-i-telekomunikacja,2026-09-14,"obsługa klienta, sprzedaż, telefoniczna obsługa klienta"
Polkomtel Sp. z o.o.,disqualified,72.0,Specjalista Sprzedaży (k/m) - Radom,generic_sales,60,phone,Radom,office,,mid,rocketjobs.pl,https://rocketjobs.pl/oferta-pracy/polkomtel-sp-z-o-o--specjalista-sprzedazy-k-m---radom-radom-sales-it-i-telekomunikacja,2026-09-28,"sprzedaż, obsługa klienta, telefoniczna obsługa klienta"
Polkomtel Sp. z o.o.,disqualified,72.0,Specjalista Sprzedaży (k/m),generic_sales,60,phone,Opole,office,,mid,rocketjobs.pl,https://rocketjobs.pl/oferta-pracy/polkomtel-sp-z-o-o--specjalista-sprzedazy-k-m--opole-sales-it-i-telekomunikacja,2026-09-22,"sprzedaż, obsługa klienta, komunikacja telefoniczna"
Polkomtel Sp. z o.o.,disqualified,72.0,Młodszy Specjalista Sprzedaży (k/m) - Rzeszów,generic_sales,60,phone,Rzeszów,office,,mid,rocketjobs.pl,https://rocketjobs.pl/oferta-pracy/polkomtel-sp-z-o-o--mlodszy-specjalista-sprzedazy-k-m---rzeszow-rzeszow-sales-it-i-telekomunikacja,2026-09-21,"sprzedaż, obsługa klienta, kontakt telefoniczny"
Polkomtel Sp. z o.o.,disqualified,72.0,Młodszy Specjalista Sprzedaży (k/m),generic_sales,56,junior_ramp,Warszawa,office,,junior,rocketjobs.pl,https://rocketjobs.pl/oferta-pracy/polkomtel-sp-z-o-o--mlodszy-specjalista-sprzedazy-k-m--warszawa-sales-it-i-telekomunikacja,2026-09-08,"sprzedaż, obsługa klienta, komunikacja"
Polkomtel Sp. z o.o.,disqualified,72.0,Młodszy Specjalista Sprzedaży (k/m),generic_sales,56,junior_ramp,Kalisz,office,,junior,rocketjobs.pl,https://rocketjobs.pl/oferta-pracy/polkomtel-sp-z-o-o--mlodszy-specjalista-sprzedazy-k-m--kalisz-sales-it-i-telekomunikacja,2026-09-08,"sprzedaż, obsługa klienta"
Polkomtel Sp. z o.o.,disqualified,72.0,Młodszy Specjalista Sprzedaży (k/m),generic_sales,56,junior_ramp,Lublin,office,,junior,rocketjobs.pl,https://rocketjobs.pl/oferta-pracy/polkomtel-sp-z-o-o--mlodszy-specjalista-sprzedazy-k-m--lublin-sales-it-i-telekomunikacja,2026-09-07,"obsługa klienta, sprzedaż"
Polkomtel Sp. z o.o.,disqualified,72.0,Młodszy Specjalista Sprzedaży (k/m),generic_sales,56,junior_ramp,Tomaszów Lubelski,office,,junior,rocketjobs.pl,https://rocketjobs.pl/oferta-pracy/polkomtel-sp-z-o-o--mlodszy-specjalista-sprzedazy-k-m--tomaszow-lubelski-sales-it-i-telekomunikacja,2026-09-21,"obsługa klienta, sprzedaż, komunikacja"
Polkomtel Sp. z o.o.,disqualified,72.0,Kierownik Punktu Sprzedaży (k/m),generic_sales,50,,Zielona Góra,office,,mid,rocketjobs.pl,https://rocketjobs.pl/oferta-pracy/polkomtel-sp-z-o-o--kierownik-punktu-sprzedazy-k-m--zielona-gora-sales-it-i-telekomunikacja,2026-09-08,"zarządzanie zespołem, sprzedaż"
Polkomtel Sp. z o.o.,disqualified,72.0,Specjalista Sprzedaży (k/m),generic_sales,50,,Knurów,office,,mid,rocketjobs.pl,https://rocketjobs.pl/oferta-pracy/polkomtel-sp-z-o-o--specjalista-sprzedazy-k-m--knurow-sales-it-i-telekomunikacja,2026-09-07,"sprzedaż, obsługa klienta"
Polkomtel Sp. z o.o.,disqualified,72.0,Kierownik Punktu Sprzedaży (k/m),generic_sales,50,,Ostrowiec Świętokrzyski,office,,mid,rocketjobs.pl,https://rocketjobs.pl/oferta-pracy/polkomtel-sp-z-o-o--kierownik-punktu-sprzedazy-k-m--ostrowiec-swietokrzyski-sales-inne,2026-09-17,"zarządzanie zespołem, sprzedaż, rekrutacja"
Polkomtel Sp. z o.o.,disqualified,72.0,Specjalista Sprzedaży (k/m),generic_sales,50,,Sokółka,office,,mid,rocketjobs.pl,https://rocketjobs.pl/oferta-pracy/polkomtel-sp-z-o-o--specjalista-sprzedazy-k-m--sokolka-sales-it-i-telekomunikacja,2026-09-14,"sprzedaż, obsługa klienta"
Polkomtel Sp. z o.o.,disqualified,72.0,Kierownik Punktu Sprzedaży (k/m),generic_sales,50,,Kalisz,office,,mid,rocketjobs.pl,https://rocketjobs.pl/oferta-pracy/polkomtel-sp-z-o-o--kierownik-punktu-sprzedazy-k-m--kalisz-sales-it-i-telekomunikacja,2026-09-14,"zarządzanie zespołem, Realizacja planów sprzedażowych"
Polkomtel Sp. z o.o.,disqualified,72.0,Specjalista Sprzedaży (k/m),generic_sales,50,,Lipsko,office,,mid,rocketjobs.pl,https://rocketjobs.pl/oferta-pracy/polkomtel-sp-z-o-o--specjalista-sprzedazy-k-m--lipsko-sales-it-i-telekomunikacja,2026-09-14,"sprzedaż, obsługa klienta"
Cyclad,qualified,71.7,Business Development Representative (cybersecurity),sdr_bdr_inside,100,phone|remote|b2b_inbound_outbound,Warszawa,remote,13000-17000 PLN/month b2b,mid,rocketjobs.pl,https://rocketjobs.pl/oferta-pracy/cyclad-business-development-representative-cybersecurity--warszawa-sales-it-i-telekomunikacja,2026-08-18,"Business Development Representative, cybersecurity knowledge, cold-calling"
Cyclad,qualified,71.7,Business Development Director (Data & AI),ae_b2b_saas,80,,Warszawa,hybrid,26880-30240 PLN/hour b2b,manager,rocketjobs.pl,https://rocketjobs.pl/oferta-pracy/cyclad-business-development-director-data-ai--warszawa-sales-it-i-telekomunikacja-5ce51d34,2026-08-26,"business development, AI, Data&Cloud"
MEWA Textil-Service Sp. z o.o.,qualified,71.7,Asystent (m/k) ds. wsparcia sprzedaży - telefoniczne umawianie spotkań,telesales_callcenter,100,phone|video_calls,Opacz Mała,,,,praca.pl,https://www.praca.pl/asystent-m-k-ds-wsparcia-sprzedazy-telefoniczne-umawianie-spotkan_11458894.html,2 dni temu,"Dodatkowe informacje: Dni pracy: dni robocze (poniedziałek - piątek) Twój zakres obowiązków: Głównym zakresem obowiązków będzie telefoniczne umawianie przedstawiciela handlowego na spotkania w terenie celem prezentacji naszego produktu, Samodzielne wyszukiwanie potencjalnych klientów w..."
MEWA Textil-Service Sp. z o.o.,qualified,71.7,Asystent / Asystentka ds. wsparcia sprzedaży,generic_sales,65,phone|script_crm,Opacz Mała,,,,praca.pl,https://www.praca.pl/asystent-asystentka-ds-wsparcia-sprzedazy_11461909.html,19 godzin temu,Opis stanowiska: Telefoniczne umawianie spotkań handlowych w terenie dla przedstawicieli handlowych. Wyszukiwanie potencjalnych klientów w internecie oraz bazach wewnętrznych. Prowadzenie rozmów prezentujących produkty firmy. Ewidencjonowanie i bieżąca aktualizacja danych w systemie CRM....
Papukurier,qualified,71.7,Specjalista/Specjalistka ds. Generowania Leadów B2B (SDR) / Cold Calling Ninja,sdr_bdr_inside,100,phone|script_crm|b2b_inbound_outbound,Poznań,hybrid,7000-8100 PLN/month permanent,mid,rocketjobs.pl,https://rocketjobs.pl/oferta-pracy/papukurier-specjalista-specjalistka-ds-generowania-leadow-b2b-sdr-cold-calling-ninja-poznan-sales-it-i-telekomunikacja,2026-09-30,"sprzedaż B2B, zarządzanie czasem, lead generation, CRM, prospecting"
Papukurier,qualified,71.7,Field Account Executive,ae_b2b_saas,84,b2b_inbound_outbound,Poznań,mobile,12000-25000 PLN/month b2b,senior,rocketjobs.pl,https://rocketjobs.pl/oferta-pracy/papukurier-field-account-executive-poznan-sales-it-i-telekomunikacja,2026-09-30,"sprzedaż, B2B, zarządzanie sprzedażą, praca z klientem"
Positive (User),qualified,71.7,Sales Dev. Representative (SDR),sdr_bdr_inside,100,remote|junior_ramp|b2b_inbound_outbound,Warszawa,remote,5500-7000 PLN/month any,junior,rocketjobs.pl,https://rocketjobs.pl/oferta-pracy/positive-user--sales-dev-representative-sdr--warszawa-sales-marketing-reklama-media,2026-09-04,"SaaS, sprzedaż B2B"
Positive (User),qualified,71.7,Key Account Executive,ae_b2b_saas,84,remote,Warszawa,remote,11500-13000 PLN/month b2b,mid,rocketjobs.pl,https://rocketjobs.pl/oferta-pracy/positive-user--key-account-executive-warszawa-sales-marketing-reklama-media-49fd47a2,2026-09-04,"SaaS, account manager"
Freedom Nieruchomości,qualified,71.6,Agent Nieruchomości,high_ticket_b2c,86,junior_ramp,"Olsztyn, ul. Staromiejska 13/6",,5 000 - 50 000 zł netto (+VAT)/mies.,Młodszy specjalista / młodsza specjalistka (junior) / specjalista / specjalistka (mid) / starszy specjalista / starsza specjalistka (senior),praca.pl,https://www.praca.pl/agent-nieruchomosci_11425759.html,20 godzin temu,Twoje zadania? Systematyczne pozyskiwanie nieruchomości w oparciu o umowy na wyłączność. Utrzymywanie profesjonalnych relacji z klientami. Organizacja cyklu sprzedaży i marketingu własnej bazy ofert nieruchomości. Realizacja celów sprzedażowych. Współpraca z zespołem i dbałość o...
Freedom Nieruchomości,qualified,71.6,Agent Nieruchomości,high_ticket_b2c,86,junior_ramp,"Kołobrzeg, ul. Łopuskiego 40A",,10 000 - 30 000 zł netto (+VAT)/mies.,Młodszy specjalista / młodsza specjalistka (junior) / specjalista / specjalistka (mid) / starszy specjalista / starsza specjalistka (senior),praca.pl,https://www.praca.pl/agent-nieruchomosci_11471815.html,2 dni temu,Twoje zadania? Systematyczne pozyskiwanie nieruchomości. Utrzymywanie profesjonalnych relacji z klientami. Organizacja cyklu sprzedaży i marketingu własnej bazy ofert nieruchomości. Realizacja celów sprzedażowych. Współpraca z zespołem i dbałość o pozytywne relacje. Rozwój i realizacja...
Freedom Nieruchomości,qualified,71.6,Agent Nieruchomości,high_ticket_b2c,86,junior_ramp,"Warszawa, ul. Markowska 22",,10 000 - 20 000 zł / mies. (w zal. od umowy),Młodszy specjalista / młodsza specjalistka (junior) / specjalista / specjalistka (mid) / starszy specjalista / starsza specjalistka (senior),praca.pl,https://www.praca.pl/agent-nieruchomosci_11469325.html,4 dni temu,Twoje zadania? Systematyczne pozyskiwanie nieruchomości w oparciu o umowy na wyłączność. Utrzymywanie profesjonalnych relacji z klientami. Organizacja cyklu sprzedaży i marketingu własnej bazy ofert nieruchomości. Realizacja celów sprzedażowych. Współpraca z zespołem i dbałość o...
Freedom Nieruchomości,qualified,71.6,Specjalista ds. Sprzedaży Nieruchomości,high_ticket_b2c,86,junior_ramp,"Katowice, ul. Jana III Sobieskiego 27/9",,8 000 - 14 000 zł / mies. (w zal. od umowy),Młodszy specjalista / młodsza specjalistka (junior) / specjalista / specjalistka (mid) / starszy specjalista / starsza specjalistka (senior),praca.pl,https://www.praca.pl/specjalista-ds-sprzedazy-nieruchomosci_11469337.html,4 dni temu,Twoje zadania? Systematyczne pozyskiwanie nieruchomości w oparciu o umowy na wyłączność. Utrzymywanie profesjonalnych relacji z klientami. Organizacja cyklu sprzedaży i marketingu własnej bazy ofert nieruchomości. Realizacja celów sprzedażowych. Współpraca z zespołem i dbałość o...
Freedom Nieruchomości,qualified,71.6,Agent Nieruchomości,high_ticket_b2c,86,junior_ramp,"Kraków, ul. Wielicka 28",,7 000 - 30 000 zł netto (+VAT)/mies.,Młodszy specjalista / młodsza specjalistka (junior) / specjalista / specjalistka (mid) / starszy specjalista / starsza specjalistka (senior),praca.pl,https://www.praca.pl/agent-nieruchomosci_11469361.html,4 dni temu,Twoje zadania? Systematyczne pozyskiwanie nieruchomości w oparciu o umowy na wyłączność. Utrzymywanie profesjonalnych relacji z klientami. Organizacja cyklu sprzedaży i marketingu własnej bazy ofert nieruchomości. Realizacja celów sprzedażowych. Współpraca z zespołem i dbałość o...
Freedom Nieruchomości,qualified,71.6,Agent Nieruchomości,high_ticket_b2c,86,junior_ramp,"Częstochowa, ul. Jasnogórska 96",,10 000 - 30 000 zł netto (+VAT)/mies.,Młodszy specjalista / młodsza specjalistka (junior) / specjalista / specjalistka (mid) / starszy specjalista / starsza specjalistka (senior),praca.pl,https://www.praca.pl/agent-nieruchomosci_11472178.html,4 dni temu,Twoje zadania? Systematyczne pozyskiwanie nieruchomości w oparciu o umowy na wyłączność. Utrzymywanie profesjonalnych relacji z klientami. Organizacja cyklu sprzedaży i marketingu własnej bazy ofert nieruchomości. Realizacja celów sprzedażowych. Współpraca z zespołem i dbałość o...
Freedom Nieruchomości,qualified,71.6,Menedżerka / Menedżer Zespołu Sprzedaży,generic_sales,50,,"Katowice, ul. Szewczenki 8",,8 000 zł netto (+VAT)/mies.,,praca.pl,https://www.praca.pl/menedzerka-menedzer-zespolu-sprzedazy_11441602.html,12 dni temu,"Twój zakres obowiązków zarządzanie codzienną pracą oddziału i odpowiedzialność za realizację celów sprzedażowych, planowanie pracy zespołu, wyznaczanie celów indywidualnych i zespołowych oraz monitorowanie ich realizacji, rekrutacja, wdrażanie i rozwój Agentów Nieruchomości,..."
Leroy Merlin Polska Sp. z o.o.,disqualified,71.6,Doradca / Doradczyni klienta,high_ticket_b2c,86,junior_ramp,Legnica,Stacjonarna,,Specjalista / specjalistka (mid) / młodszy specjalista / młodsza specjalistka (junior),praca.pl,https://www.praca.pl/doradca-doradczyni-klienta_11450161.html,3 godziny temu,"Co będziesz robić? Twój start z Buddym: przez pierwsze 4 miesiące będziesz pracować na dziale oraz zdobywać wiedzę sprzedażową przy wsparciu opiekuna wdrożenia i zespołu, Aktywna sprzedaż i doradztwo: będziesz sprzedawać i doradzać klientom w wyborze najlepszych produktów i usług,..."
Leroy Merlin Polska Sp. z o.o.,disqualified,71.6,Doradca / Doradczyni klienta w sektorze konstrukcje,high_ticket_b2c,86,junior_ramp,Swadzim,Stacjonarna,,Specjalista / specjalistka (mid) / młodszy specjalista / młodsza specjalistka (junior),praca.pl,https://www.praca.pl/doradca-doradczyni-klienta-w-sektorze-konstrukcje_11452714.html,2 dni temu,"Co będziesz robić? Twój start z Buddym: przez pierwsze 4 miesiące będziesz pracować na dziale oraz zdobywać wiedzę sprzedażową przy wsparciu opiekuna wdrożenia i zespołu, Aktywna sprzedaż i doradztwo: będziesz sprzedawać i doradzać klientom w wyborze najlepszych produktów i usług,..."
Leroy Merlin Polska Sp. z o.o.,disqualified,71.6,Doradca / Doradczyni klienta,high_ticket_b2c,86,junior_ramp,Opole,Stacjonarna,,Specjalista / specjalistka (mid) / młodszy specjalista / młodsza specjalistka (junior),praca.pl,https://www.praca.pl/doradca-doradczyni-klienta_11493319.html,2 dni temu,"Co będziesz robić? Twój start z Buddym: przez pierwsze 4 miesiące będziesz pracować na dziale oraz zdobywać wiedzę sprzedażową przy wsparciu opiekuna wdrożenia i zespołu, Aktywna sprzedaż i doradztwo: będziesz sprzedawać i doradzać klientom w wyborze najlepszych produktów i usług,..."
Leroy Merlin Polska Sp. z o.o.,disqualified,71.6,Doradca / Doradczyni klienta,high_ticket_b2c,86,junior_ramp,Płock,Stacjonarna,,Specjalista / specjalistka (mid) / młodszy specjalista / młodsza specjalistka (junior),praca.pl,https://www.praca.pl/doradca-doradczyni-klienta_11494516.html,2 dni temu,"Co będziesz robić? Twój start z Buddym: przez pierwsze 4 miesiące będziesz pracować na dziale oraz zdobywać wiedzę sprzedażową przy wsparciu opiekuna wdrożenia i zespołu, Aktywna sprzedaż i doradztwo: będziesz sprzedawać i doradzać klientom w wyborze najlepszych produktów i usług,..."
Leroy Merlin Polska Sp. z o.o.,disqualified,71.6,Doradca / Doradczyni ds. Oszczędnego Domu (OZE),high_ticket_b2c,86,junior_ramp,"Warszawa, Praga-Południe, ul. Ostrobramska",Stacjonarna,,Specjalista / specjalistka (mid) / młodszy specjalista / młodsza specjalistka (junior),praca.pl,https://www.praca.pl/doradca-doradczyni-ds-oszczednego-domu-oze_11444287.html,3 dni temu,"Jakie zadania na Ciebie czekają? analizowanie potrzeb klientów; przygotowywanie spersonalizowanych rozwiązań z zakresu termomodernizacją, OZE i ich sprzedaż; budowanie relacji z klientami i wzmacnianie ich poprzez programy partnerskie i lojalnościowe; szkolenie współpracowników oraz..."
Leroy Merlin Polska Sp. z o.o.,disqualified,71.6,Doradca / Doradczyni ds. Oszczędnego Domu (OZE),high_ticket_b2c,86,junior_ramp,Komorniki,Stacjonarna,,Specjalista / specjalistka (mid) / młodszy specjalista / młodsza specjalistka (junior),praca.pl,https://www.praca.pl/doradca-doradczyni-ds-oszczednego-domu-oze_11471470.html,3 dni temu,"Jakie zadania na Ciebie czekają? analizowanie potrzeb klientów; przygotowywanie spersonalizowanych rozwiązań z zakresu termomodernizacją, OZE i ich sprzedaż; budowanie relacji z klientami i wzmacnianie ich poprzez programy partnerskie i lojalnościowe; szkolenie współpracowników oraz..."
Leroy Merlin Polska Sp. z o.o.,disqualified,71.6,Doradca / Doradczyni klienta,high_ticket_b2c,86,junior_ramp,"Bolesławiec, ul. Staroszkolna 20",Stacjonarna,,,praca.pl,https://www.praca.pl/doradca-doradczyni-klienta_11449879.html,3 dni temu,"Co będziesz robić? Twój start z Buddym: przez pierwsze 4 miesiące będziesz pracować na dziale oraz zdobywać wiedzę sprzedażową przy wsparciu opiekuna wdrożenia i zespołu, Aktywna sprzedaż i doradztwo: będziesz sprzedawać i doradzać klientom w wyborze najlepszych produktów i usług,..."
Leroy Merlin Polska Sp. z o.o.,disqualified,71.6,Doradca / Doradczyni klienta,high_ticket_b2c,86,junior_ramp,"Piaseczno, ul. Puławska 46",Stacjonarna,,,praca.pl,https://www.praca.pl/doradca-doradczyni-klienta_11470024.html,4 dni temu,"Co będziesz robić? Twój start z Buddym: przez pierwsze 4 miesiące będziesz pracować na dziale oraz zdobywać wiedzę sprzedażową przy wsparciu opiekuna wdrożenia i zespołu, Aktywna sprzedaż i doradztwo: będziesz sprzedawać i doradzać klientom w wyborze najlepszych produktów i usług,..."
Leroy Merlin Polska Sp. z o.o.,disqualified,71.6,Doradca / Doradczyni klienta,high_ticket_b2c,86,junior_ramp,"Łódź, Bałuty, ul. Pojezierska 93",Stacjonarna,,Specjalista / specjalistka (mid) / młodszy specjalista / młodsza specjalistka (junior),praca.pl,https://www.praca.pl/doradca-doradczyni-klienta_11444266.html,4 dni temu,"Co będziesz robić? Twój start z Buddym: przez pierwsze 4 miesiące będziesz pracować na dziale oraz zdobywać wiedzę sprzedażową przy wsparciu opiekuna wdrożenia i zespołu, Aktywna sprzedaż i doradztwo: będziesz sprzedawać i doradzać klientom w wyborze najlepszych produktów i usług,..."
Leroy Merlin Polska Sp. z o.o.,disqualified,71.6,Doradca / Doradczyni klienta,high_ticket_b2c,86,junior_ramp,Mielec,Stacjonarna,,Specjalista / specjalistka (mid) / młodszy specjalista / młodsza specjalistka (junior),praca.pl,https://www.praca.pl/doradca-doradczyni-klienta_11525374.html,4 dni temu,"Co będziesz robić? Twój start z Buddym: przez pierwsze 4 miesiące będziesz pracować na dziale oraz zdobywać wiedzę sprzedażową przy wsparciu opiekuna wdrożenia i zespołu, Aktywna sprzedaż i doradztwo: będziesz sprzedawać i doradzać klientom w wyborze najlepszych produktów i usług,..."
Leroy Merlin Polska Sp. z o.o.,disqualified,71.6,Doradca / Doradczyni klienta,high_ticket_b2c,86,junior_ramp,"Warszawa, Bemowo, Połczyńska",Stacjonarna,,Specjalista / specjalistka (mid) / młodszy specjalista / młodsza specjalistka (junior),praca.pl,https://www.praca.pl/doradca-doradczyni-klienta_11525404.html,4 dni temu,"Co będziesz robić? Twój start z Buddym: przez pierwsze 4 miesiące będziesz pracować na dziale oraz zdobywać wiedzę sprzedażową przy wsparciu opiekuna wdrożenia i zespołu, Aktywna sprzedaż i doradztwo: będziesz sprzedawać i doradzać klientom w wyborze najlepszych produktów i usług,..."
Leroy Merlin Polska Sp. z o.o.,disqualified,71.6,Doradca / Doradczyni ds. Oszczędnego Domu (OZE),high_ticket_b2c,86,junior_ramp,Głogów,Stacjonarna,,Specjalista / specjalistka (mid) / młodszy specjalista / młodsza specjalistka (junior),praca.pl,https://www.praca.pl/doradca-doradczyni-ds-oszczednego-domu-oze_11440201.html,5 dni temu,"Jakie zadania na Ciebie czekają? analizowanie potrzeb klientów; przygotowywanie spersonalizowanych rozwiązań z zakresu termomodernizacją, OZE i ich sprzedaż; budowanie relacji z klientami i wzmacnianie ich poprzez programy partnerskie i lojalnościowe; szkolenie współpracowników oraz..."
Leroy Merlin Polska Sp. z o.o.,disqualified,71.6,Doradca / Doradczyni klienta,high_ticket_b2c,86,junior_ramp,Tarnobrzeg,Stacjonarna,,Specjalista / specjalistka (mid) / młodszy specjalista / młodsza specjalistka (junior),praca.pl,https://www.praca.pl/doradca-doradczyni-klienta_11463625.html,6 dni temu,"Co będziesz robić? Twój start z Buddym: przez pierwsze 4 miesiące będziesz pracować na dziale oraz zdobywać wiedzę sprzedażową przy wsparciu opiekuna wdrożenia i zespołu, Aktywna sprzedaż i doradztwo: będziesz sprzedawać i doradzać klientom w wyborze najlepszych produktów i usług,..."
Leroy Merlin Polska Sp. z o.o.,disqualified,71.6,Doradca / Doradczyni klienta,high_ticket_b2c,86,junior_ramp,Częstochowa,Stacjonarna,,Specjalista / specjalistka (mid) / młodszy specjalista / młodsza specjalistka (junior),praca.pl,https://www.praca.pl/doradca-doradczyni-klienta_11465176.html,6 dni temu,"Co będziesz robić? Twój start z Buddym: przez pierwsze 4 miesiące będziesz pracować na dziale oraz zdobywać wiedzę sprzedażową przy wsparciu opiekuna wdrożenia i zespołu, Aktywna sprzedaż i doradztwo: będziesz sprzedawać i doradzać klientom w wyborze najlepszych produktów i usług,..."
Leroy Merlin Polska Sp. z o.o.,disqualified,71.6,Doradca / Doradczyni klienta,high_ticket_b2c,86,junior_ramp,Dzierżoniów,Stacjonarna,,Specjalista / specjalistka (mid) / młodszy specjalista / młodsza specjalistka (junior),praca.pl,https://www.praca.pl/doradca-doradczyni-klienta_11521372.html,6 dni temu,"Co będziesz robić? Twój start z Buddym: przez pierwsze 4 miesiące będziesz pracować na dziale oraz zdobywać wiedzę sprzedażową przy wsparciu opiekuna wdrożenia i zespołu, Aktywna sprzedaż i doradztwo: będziesz sprzedawać i doradzać klientom w wyborze najlepszych produktów i usług,..."
Leroy Merlin Polska Sp. z o.o.,disqualified,71.6,Doradca / Doradczyni klienta,high_ticket_b2c,86,junior_ramp,Zgorzelec,Stacjonarna,,Specjalista / specjalistka (mid) / młodszy specjalista / młodsza specjalistka (junior),praca.pl,https://www.praca.pl/doradca-doradczyni-klienta_11497426.html,7 dni temu,"Co będziesz robić? Twój start z Buddym: przez pierwsze 4 miesiące będziesz pracować na dziale oraz zdobywać wiedzę sprzedażową przy wsparciu opiekuna wdrożenia i zespołu, Aktywna sprzedaż i doradztwo: będziesz sprzedawać i doradzać klientom w wyborze najlepszych produktów i usług,..."
Leroy Merlin Polska,disqualified,71.6,Koordynator / Koordynatorka ds. sprzedaży - Gliwice (Arena),generic_sales,50,,Gliwice,office,,senior,rocketjobs.pl,https://rocketjobs.pl/oferta-pracy/leroy-merlin-polska-koordynator-koordynatorka-ds-sprzedazy---gliwice-arena--gliwice-sales-sieci-handlowe,2026-09-29,"zarządzanie sprzedażą, obsługa klienta, sprzedaż"
Leroy Merlin Polska Sp. z o.o.,disqualified,71.6,Koordynator / Koordynatorka ds. sprzedaży,generic_sales,50,,"Białystok, Hetmańska",Stacjonarna,,Kierownik / kierowniczka / koordynator / koordynatorka,praca.pl,https://www.praca.pl/koordynator-koordynatorka-ds-sprzedazy_11531503.html,wczoraj,"Jakie zadania na Ciebie czekają? koordynowanie pracy zespołu Doradców Klienta; monitorowanie wyników sprzedażowych/ekonomicznych w podległym dziale/sektorze; aktywna sprzedaż produktów i usług, dostosowana do indywidualnych potrzeb klientów; przygotowywanie zamówień dla klienta i..."
Leroy Merlin Polska Sp. z o.o.,disqualified,71.6,Koordynator / Koordynatorka ds. sprzedaży,generic_sales,50,,"Warszawa, Bemowo, ul. Połczyńska",Stacjonarna,,Kierownik / kierowniczka / koordynator / koordynatorka,praca.pl,https://www.praca.pl/koordynator-koordynatorka-ds-sprzedazy_11526682.html,2 dni temu,"Jakie zadania na Ciebie czekają? koordynowanie pracy zespołu Doradców Klienta; monitorowanie wyników sprzedażowych/ekonomicznych w podległym dziale/sektorze; aktywna sprzedaż produktów i usług, dostosowana do indywidualnych potrzeb klientów; przygotowywanie zamówień dla klienta i..."
Leroy Merlin Polska Sp. z o.o.,disqualified,71.6,Koordynator / Koordynatorka ds. sprzedaży,generic_sales,50,,Swadzim,Stacjonarna,,Kierownik / kierowniczka / koordynator / koordynatorka,praca.pl,https://www.praca.pl/koordynator-koordynatorka-ds-sprzedazy_11526685.html,2 dni temu,"Jakie zadania na Ciebie czekają? koordynowanie pracy zespołu Doradców Klienta; monitorowanie wyników sprzedażowych/ekonomicznych w podległym dziale/sektorze; aktywna sprzedaż produktów i usług, dostosowana do indywidualnych potrzeb klientów; przygotowywanie zamówień dla klienta i..."
Grupa Plichta,qualified,71.6,Młodszy/a specjalista/ka ds. sprzedaży samochodów nowych marki Volkswagen,high_ticket_b2c,86,junior_ramp,Elbląg,office,,junior,rocketjobs.pl,https://rocketjobs.pl/oferta-pracy/grupa-plichta-mlodszy-a-specjalista-ka-ds-sprzedazy-samochodow-nowych-marki-volkswagen-elblag-sales-motoryzacja-transport-42f5a780,2026-09-21,"Microsoft Office Excel, sprzedaż, analiza, prawo jazdy kat. B"
Grupa Plichta,qualified,71.6,Specjalista/ka ds. Sprzedaży Flotowej Samochodów Nowych marki Volkswagen,high_ticket_b2c,84,b2b_inbound_outbound,Gdynia,office,,mid,rocketjobs.pl,https://rocketjobs.pl/oferta-pracy/grupa-plichta-specjalista-ka-ds-sprzedazy-flotowej-samochodow-nowych-marki-volkswagen-gdynia-sales-motoryzacja-transport,2026-07-31,"prawo jazdy kat. B, sprzedaż, sprzedaż B2B, obsługa klienta"
Grupa Plichta,qualified,71.6,Specjalista / Specjalistka ds. Sprzedaży Flotowej Samochodów Nowych marki Skoda,high_ticket_b2c,84,b2b_inbound_outbound,Gdańsk,mobile,,mid,rocketjobs.pl,https://rocketjobs.pl/oferta-pracy/grupa-plichta-specjalista-specjalistka-ds-sprzedazy-flotowej-samochodow-nowych-marki-skoda-gdansk-sales-motoryzacja-transport-b295733d,2026-09-23,"prawo jazdy kat. B, branża motoryzacyjna, obsługa klienta, sprzedaż, Obsługa klienta B2B"
Grupa Plichta,qualified,71.6,Doradca ds. sprzedaży samochodów nowych marki Ford,high_ticket_b2c,84,b2b_inbound_outbound,Olsztyn,mobile,,mid,rocketjobs.pl,https://rocketjobs.pl/oferta-pracy/grupa-plichta-doradca-ds-sprzedazy-samochodow-nowych-marki-ford-olsztyn-sales-motoryzacja-transport,2026-10-02,"prawo jazdy kat. B, branża motoryzacyjna, obsługa klienta, sprzedaż, Obsługa klienta B2B"
Grupa Plichta,qualified,71.6,Specjalista/ka ds. Sprzedaży Samochodów Nowych Marki Premium Exlantix,high_ticket_b2c,84,commission,Gdańsk,office,,mid,rocketjobs.pl,https://rocketjobs.pl/oferta-pracy/grupa-plichta-specjalista-ka-ds-sprzedazy-samochodow-nowych-marki-premium-exlantix-gdansk-sales-motoryzacja-transport-c414f31c,2026-07-28,"prawo jazdy kat. B, branża motoryzacyjna, obsługa klienta, sprzedaż"
Grupa Plichta,qualified,71.6,Doradca / Doradczyni ds. Sprzedaży Flotowej Samochodów Nowych Marki Skoda,high_ticket_b2c,84,b2b_inbound_outbound,Lubicz Dolny,office,,mid,rocketjobs.pl,https://rocketjobs.pl/oferta-pracy/grupa-plichta-doradca-doradczyni-ds-sprzedazy-flotowej-samochodow-nowych-marki-skoda-lubicz-dolny-sales-motoryzacja-transport,2026-07-31,"prawo jazdy kat. B, sprzedaż, sprzedaż B2B, obsługa klienta"
Grupa Plichta,qualified,71.6,Specjalista / Specjalistka ds. Sprzedaży Samochodów Używanych,high_ticket_b2c,80,,Bydgoszcz,office,,mid,rocketjobs.pl,https://rocketjobs.pl/oferta-pracy/grupa-plichta-specjalista-specjalistka-ds-sprzedazy-samochodow-uzywanych-bydgoszcz-sales-motoryzacja-transport-e56d4a87,2026-09-09,"prawo jazdy kat. B, obsługa klienta, sprzedaż"
Grupa Plichta,qualified,71.6,Specjalista / Specjalistka ds. Sprzedaży Samochodów Nowych marki Skoda,high_ticket_b2c,80,,Gdańsk,office,,mid,rocketjobs.pl,https://rocketjobs.pl/oferta-pracy/grupa-plichta-specjalista-specjalistka-ds-sprzedazy-samochodow-nowych-marki-skoda-gdansk-sales-motoryzacja-transport-03339eee,2026-09-14,"prawo jazdy kat. B, obsługa klienta, sprzedaż"
Grupa Plichta,qualified,71.6,Specjalista / Specjalistka ds. Sprzedaży Samochodów Nowych Marki MG,high_ticket_b2c,80,,Toruń,office,,mid,rocketjobs.pl,https://rocketjobs.pl/oferta-pracy/grupa-plichta-specjalista-specjalistka-ds-sprzedazy-samochodow-nowych-marki-mg-torun-sales-motoryzacja-transport-d130d53e,2026-09-14,"prawo jazdy kat. B, obsługa klienta, sprzedaż"
Grupa Plichta,qualified,71.6,Specjalista / Specjalistka ds. Sprzedaży Samochodów Używanych,high_ticket_b2c,80,,Gdańsk,office,,mid,rocketjobs.pl,https://rocketjobs.pl/oferta-pracy/grupa-plichta-specjalista-specjalistka-ds-sprzedazy-samochodow-uzywanych-gdansk-sales-motoryzacja-transport,2026-09-24,"prawo jazdy kat. B, obsługa klienta, sprzedaż"
Grupa Plichta,qualified,71.6,Specjalista ds. Sprzedaży Samochodów Nowych OMODA JAECOO,high_ticket_b2c,80,,Gdynia,office,,mid,rocketjobs.pl,https://rocketjobs.pl/oferta-pracy/grupa-plichta-specjalista-ds-sprzedazy-samochodow-nowych-omoda-jaecoo-gdynia-sales-motoryzacja-transport-484d1328,2026-09-08,"prawo jazdy kat. B, sprzedaż, obsługa klienta"
Grupa Plichta,qualified,71.6,Specjalista/ka ds. Sprzedaży Samochodów Nowych Marki Audi,high_ticket_b2c,80,,Gdynia,office,,mid,rocketjobs.pl,https://rocketjobs.pl/oferta-pracy/grupa-plichta-specjalista-ka-ds-sprzedazy-samochodow-nowych-marki-audi-gdynia-sales-motoryzacja-transport-f6817270,2026-07-10,"prawo jazdy kat. B, branża motoryzacyjna, obsługa klienta, sprzedaż"
Grupa Plichta,qualified,71.6,Specjalista/ka ds. Sprzedaży Samochodów Nowych Marki Audi,high_ticket_b2c,80,,Gdańsk,office,,mid,rocketjobs.pl,https://rocketjobs.pl/oferta-pracy/grupa-plichta-specjalista-ka-ds-sprzedazy-samochodow-nowych-marki-audi-gdansk-sales-motoryzacja-transport-7ff3dfa0,2026-07-10,"prawo jazdy kat. B, branża motoryzacyjna, obsługa klienta, sprzedaż"
Grupa Plichta,qualified,71.6,Specjalista / Specjalistka ds. Sprzedaży Samochodów Nowych Marki BYD,high_ticket_b2c,80,,Olsztyn,office,,mid,rocketjobs.pl,https://rocketjobs.pl/oferta-pracy/grupa-plichta-specjalista-specjalistka-ds-sprzedazy-samochodow-nowych-marki-byd-olsztyn-sales-motoryzacja-transport,2026-07-30,"prawo jazdy kat. B, obsługa klienta, sprzedaż"
Grupa Plichta,qualified,71.6,Specjalista / Specjalistka ds. Sprzedaży Samochodów Nowych Marki BYD,high_ticket_b2c,80,,Gdynia,office,,mid,rocketjobs.pl,https://rocketjobs.pl/oferta-pracy/grupa-plichta-specjalista-specjalistka-ds-sprzedazy-samochodow-nowych-marki-byd-gdynia-sales-motoryzacja-transport,2026-09-03,"prawo jazdy kat. B, obsługa klienta, sprzedaż"
Grupa Plichta,qualified,71.6,Specjalista / Specjalistka ds. Sprzedaży Samochodów Nowych – DENZA,high_ticket_b2c,80,,Gdańsk,office,,mid,rocketjobs.pl,https://rocketjobs.pl/oferta-pracy/grupa-plichta-specjalista-specjalistka-ds-sprzedazy-samochodow-nowych---denza-gdansk-sales-motoryzacja-transport,2026-08-28,"prawo jazdy kat. B, obsługa klienta, sprzedaż"
Grupa Plichta,qualified,71.6,Specjalista / Specjalistka ds. Sprzedaży Samochodów Nowych Marki BYD,high_ticket_b2c,80,,Gdańsk,office,,mid,rocketjobs.pl,https://rocketjobs.pl/oferta-pracy/grupa-plichta-specjalista-specjalistka-ds-sprzedazy-samochodow-nowych-marki-byd-gdansk-sales-motoryzacja-transport,2026-08-28,"prawo jazdy kat. B, obsługa klienta, sprzedaż"
Grupa Plichta,qualified,71.6,Specjalista / Specjalistka ds. Sprzedaży Samochodów Nowych Marki BYD,high_ticket_b2c,80,,Toruń,office,,mid,rocketjobs.pl,https://rocketjobs.pl/oferta-pracy/grupa-plichta-specjalista-specjalistka-ds-sprzedazy-samochodow-nowych-marki-byd-torun-sales-motoryzacja-transport-bb2bb7ff,2026-08-18,"prawo jazdy kat. B, obsługa klienta, sprzedaż"
Grupa Plichta,qualified,71.6,Specjalista / Specjalistka ds. Sprzedaży Samochodów Nowych Marki KIA,high_ticket_b2c,80,,Bydgoszcz,office,,mid,rocketjobs.pl,https://rocketjobs.pl/oferta-pracy/grupa-plichta-specjalista-specjalistka-ds-sprzedazy-samochodow-nowych-marki-kia-bydgoszcz-sales-motoryzacja-transport,2026-08-28,"prawo jazdy kat. B, obsługa klienta, sprzedaż"
Grupa Plichta,qualified,71.6,Specjalista / Specjalistka ds. Sprzedaży Samochodów Dostawczych Marki Volkswagen,high_ticket_b2c,80,,Bydgoszcz,office,,mid,rocketjobs.pl,https://rocketjobs.pl/oferta-pracy/grupa-plichta-specjalista-specjalistka-ds-sprzedazy-samochodow-dostawczych-marki-volkswagen-bydgoszcz-sales-motoryzacja-transport,2026-08-18,"prawo jazdy kat. B, obsługa klienta, sprzedaż"
Grupa Plichta,qualified,71.6,Specjalista/ka ds. Sprzedaży Samochodów Nowych Marki Volkswagen,high_ticket_b2c,80,,Toruń,office,,mid,rocketjobs.pl,https://rocketjobs.pl/oferta-pracy/grupa-plichta-specjalista-ka-ds-sprzedazy-samochodow-nowych-marki-volkswagen-torun-sales-motoryzacja-transport-148c3843,2026-09-01,"prawo jazdy kat. B, branża motoryzacyjna, obsługa klienta, sprzedaż"
Grupa Plichta,qualified,71.6,Specjalista / Specjalistka ds. Sprzedaży Samochodów Nowych Marek SEAT i CUPRA,high_ticket_b2c,80,,Gdańsk,office,,mid,rocketjobs.pl,https://rocketjobs.pl/oferta-pracy/grupa-plichta-specjalista-specjalistka-ds-sprzedazy-samochodow-nowych-marek-seat-i-cupra-gdansk-sales-motoryzacja-transport,2026-07-08,"prawo jazdy kat. B, branża motoryzacyjna, obsługa klienta, sprzedaż"
Grupa Plichta,qualified,71.6,Specjalista / Specjalistka ds. Sprzedaży Samochodów Nowych Marki Chery,high_ticket_b2c,80,,Bydgoszcz,office,,mid,rocketjobs.pl,https://rocketjobs.pl/oferta-pracy/grupa-plichta-specjalista-specjalistka-ds-sprzedazy-samochodow-nowych-marki-chery-bydgoszcz-sales-motoryzacja-transport,2026-08-12,"prawo jazdy kat. B, obsługa klienta, sprzedaż"
Grupa Plichta,qualified,71.6,Specjalista / Specjalistka ds. Sprzedaży Samochodów Nowych Marek SEAT i CUPRA,high_ticket_b2c,80,,Gdynia,office,,mid,rocketjobs.pl,https://rocketjobs.pl/oferta-pracy/grupa-plichta-specjalista-specjalistka-ds-sprzedazy-samochodow-nowych-marek-seat-i-cupra-gdynia-sales-motoryzacja-transport,2026-07-08,"prawo jazdy kat. B, branża motoryzacyjna, obsługa klienta, sprzedaż"
Grupa Plichta,qualified,71.6,Specjalista / Specjalistka ds. sprzedaży samochodów nowych marki Cupra - Cupra Master,high_ticket_b2c,80,,Bydgoszcz,office,,mid,rocketjobs.pl,https://rocketjobs.pl/oferta-pracy/grupa-plichta-specjalista-specjalistka-ds-sprzedazy-samochodow-nowych-marki-cupra---cupra-master-bydgoszcz-sales-motoryzacja-transport,2026-07-28,"prawo jazdy kat. B, branża motoryzacyjna, obsługa klienta, sprzedaż"
Grupa Plichta,qualified,71.6,Specjalista/ka ds. Sprzedaży Samochodów Używanych,high_ticket_b2c,80,,Gdańsk,office,,mid,rocketjobs.pl,https://rocketjobs.pl/oferta-pracy/grupa-plichta-specjalista-ka-ds-sprzedazy-samochodow-uzywanych-gdansk-sales-motoryzacja-transport-70e30d79,2026-07-08,"branża motoryzacyjna, obsługa klienta, sprzedaż"
Grupa Plichta,qualified,71.6,Specjalista / Specjalistka ds. Sprzedaży Samochodów Używanych,high_ticket_b2c,80,,Gdynia,office,,mid,rocketjobs.pl,https://rocketjobs.pl/oferta-pracy/grupa-plichta-specjalista-specjalistka-ds-sprzedazy-samochodow-uzywanych-gdynia-sales-motoryzacja-transport,2026-07-08,"branża motoryzacyjna, sprzedaż, obsługa klienta"
Grupa Plichta,qualified,71.6,Specjalista / Specjalistka ds. Sprzedaży Samochodów Nowych Marki KIA,high_ticket_b2c,80,,Gdańsk,office,,mid,rocketjobs.pl,https://rocketjobs.pl/oferta-pracy/grupa-plichta-specjalista-specjalistka-ds-sprzedazy-samochodow-nowych-marki-kia-gdansk-sales-motoryzacja-transport-afce67e2,2026-09-21,"prawo jazdy kat. B, obsługa klienta, sprzedaż"
Grupa Plichta,qualified,71.6,Specjalista / Specjalistka ds. Sprzedaży Samochodów Nowych Marki Chery,high_ticket_b2c,80,,Gdynia,office,,mid,rocketjobs.pl,https://rocketjobs.pl/oferta-pracy/grupa-plichta-specjalista-specjalistka-ds-sprzedazy-samochodow-nowych-marki-chery-gdynia-sales-motoryzacja-transport,2026-07-27,"prawo jazdy kat. B, branża motoryzacyjna, obsługa klienta, sprzedaż"
Grupa Plichta,qualified,71.6,Specjalista / Specjalistka ds. Sprzedaży Samochodów Nowych Marki Audi,high_ticket_b2c,80,,Bydgoszcz,office,,mid,rocketjobs.pl,https://rocketjobs.pl/oferta-pracy/grupa-plichta-specjalista-specjalistka-ds-sprzedazy-samochodow-nowych-marki-audi-bydgoszcz-sales-motoryzacja-transport,2026-08-11,"prawo jazdy kat. B, obsługa klienta, sprzedaż"
Grupa Plichta,qualified,71.6,Specjalista / Specjalistka ds. Sprzedaży Samochodów Nowych Marki Bestune,high_ticket_b2c,80,,Wejherowo,office,,mid,rocketjobs.pl,https://rocketjobs.pl/oferta-pracy/grupa-plichta-specjalista-specjalistka-ds-sprzedazy-samochodow-nowych-marki-bestune-wejherowo-sales-motoryzacja-transport,2026-09-10,"prawo jazdy kat. B, obsługa klienta, sprzedaż"
Grupa Plichta,qualified,71.6,Kierownik / Kierowniczka Działu Handlowego Samochodów Nowych Marki BYD,high_ticket_b2c,80,,Toruń,office,,manager,rocketjobs.pl,https://rocketjobs.pl/oferta-pracy/grupa-plichta-kierownik-kierowniczka-dzialu-handlowego-samochodow-nowych-marki-byd-torun-sales-motoryzacja-transport,2026-07-22,"prawo jazdy kat. B, zarządzanie zespołem, zarządzanie sprzedażą, sprzedaż, branża motoryzacyjna"
Grupa Plichta,qualified,71.6,Specjalista / Specjalistka ds. Sprzedaży Samochodów Nowych Marki Bestune,high_ticket_b2c,80,,Gdańsk,office,,mid,rocketjobs.pl,https://rocketjobs.pl/oferta-pracy/grupa-plichta-specjalista-specjalistka-ds-sprzedazy-samochodow-nowych-marki-bestune-gdansk-sales-motoryzacja-transport-2f9ef8e7,2026-09-10,"prawo jazdy kat. B, obsługa klienta, sprzedaż"
Grupa Plichta,qualified,71.6,Specjalista / Specjalistka ds. Sprzedaży Samochodów Używanych Audi Select Plus,high_ticket_b2c,80,,Bydgoszcz,office,,mid,rocketjobs.pl,https://rocketjobs.pl/oferta-pracy/grupa-plichta-specjalista-specjalistka-ds-sprzedazy-samochodow-uzywanych-audi-select-plus-bydgoszcz-sales-motoryzacja-transport-14946c03,2026-09-09,"prawo jazdy kat. B, obsługa klienta, sprzedaż"
Grupa Plichta,qualified,71.6,Specjalista / Specjalistka ds. Sprzedaży Samochodów Używanych Audi Select Plus,high_ticket_b2c,80,,Gdańsk,office,,mid,rocketjobs.pl,https://rocketjobs.pl/oferta-pracy/grupa-plichta-specjalista-specjalistka-ds-sprzedazy-samochodow-uzywanych-audi-select-plus-gdansk-sales-motoryzacja-transport,2026-09-09,"prawo jazdy kat. B, obsługa klienta, sprzedaż"
Grupa Plichta,qualified,71.6,Asystent / Asystentka Działu Sprzedaży Flotowej marki Skoda,generic_sales,56,junior_ramp,Gdańsk,office,,junior,rocketjobs.pl,https://rocketjobs.pl/oferta-pracy/grupa-plichta-asystent-asystentka-dzialu-sprzedazy-flotowej-marki-skoda-gdansk-sales-motoryzacja-transport-7cdcdbd5,2026-09-23,"Microsoft Office Excel, prawo jazdy kat. B, komunikatywność"
Provident Polska,disqualified,71.6,Doradca / Doradczyni Klienta | Kościan i okolice,high_ticket_b2c,86,junior_ramp,Kościan,mobile,,junior,rocketjobs.pl,https://rocketjobs.pl/oferta-pracy/provident-polska-doradca-doradczyni-klienta-koscian-i-okolice-koscian-sales-finanse-bankowosc-ubezpieczenia,2026-09-14,"Wykształcenie średnie, obsługa klienta, sprzedaż, kredyty, pożyczki, ubezpieczenia"
Provident Polska,disqualified,71.6,Doradca / Doradczyni Klienta | Środa Wielkopolska i okolice,high_ticket_b2c,86,junior_ramp,Środa Wielkopolska,mobile,,junior,rocketjobs.pl,https://rocketjobs.pl/oferta-pracy/provident-polska-doradca-doradczyni-klienta-sroda-wielkopolska-i-okolice-sroda-wielkopolska-sales-finanse-bankowosc-ubezpieczenia,2026-09-14,"Wykształcenie średnie, obsługa klienta, sprzedaż, kredyty, pożyczki, ubezpieczenia"
Provident Polska,disqualified,71.6,Doradca / Doradczyni Klienta | Jawor i okolice,high_ticket_b2c,86,junior_ramp,Jawor,mobile,,junior,rocketjobs.pl,https://rocketjobs.pl/oferta-pracy/provident-polska-doradca-doradczyni-klienta-jawor-i-okolice-jawor-sales-finanse-bankowosc-ubezpieczenia,2026-09-14,"Wykształcenie średnie, obsługa klienta, sprzedaż, kredyty, pożyczki, ubezpieczenia"
Provident Polska,disqualified,71.6,Doradca / Doradczyni Klienta | Strzelin,high_ticket_b2c,86,junior_ramp,Strzelin,mobile,,junior,rocketjobs.pl,https://rocketjobs.pl/oferta-pracy/provident-polska-doradca-doradczyni-klienta-strzelin-strzelin-sales-finanse-bankowosc-ubezpieczenia,2026-09-14,"Wykształcenie średnie, obsługa klienta, sprzedaż, kredyty, pożyczki, ubezpieczenia"
Provident Polska,disqualified,71.6,Doradca / Doradczyni Klienta | Dzierżoniów,high_ticket_b2c,86,junior_ramp,Dzierżoniów,mobile,,junior,rocketjobs.pl,https://rocketjobs.pl/oferta-pracy/provident-polska-doradca-doradczyni-klienta-dzierzoniow-dzierzoniow-sales-finanse-bankowosc-ubezpieczenia,2026-09-14,"Wykształcenie średnie, obsługa klienta, sprzedaż, kredyty, pożyczki, ubezpieczenia"
Provident Polska,disqualified,71.6,Doradca / Doradczyni Klienta | Grodków,high_ticket_b2c,86,junior_ramp,Grodków,mobile,,junior,rocketjobs.pl,https://rocketjobs.pl/oferta-pracy/provident-polska-doradca-doradczyni-klienta-grodkow-grodkow-sales-finanse-bankowosc-ubezpieczenia,2026-09-14,"Wykształcenie średnie, obsługa klienta, sprzedaż, kredyty, pożyczki, ubezpieczenia"
Provident Polska,disqualified,71.6,Doradca / Doradczyni Klienta | Police,high_ticket_b2c,86,junior_ramp,Police,mobile,,junior,rocketjobs.pl,https://rocketjobs.pl/oferta-pracy/provident-polska-doradca-doradczyni-klienta-police-police-sales-finanse-bankowosc-ubezpieczenia,2026-09-14,"Wykształcenie średnie, obsługa klienta, sprzedaż, kredyty, pożyczki, ubezpieczenia"
Provident Polska,disqualified,71.6,Doradca / Doradczyni Klienta | Szczecin,high_ticket_b2c,86,junior_ramp,Szczecin,mobile,,junior,rocketjobs.pl,https://rocketjobs.pl/oferta-pracy/provident-polska-doradca-doradczyni-klienta-szczecin-szczecin-sales-finanse-bankowosc-ubezpieczenia-864a58dc,2026-09-14,"Wykształcenie średnie, obsługa klienta, sprzedaż, kredyty, pożyczki, ubezpieczenia"
Provident Polska,disqualified,71.6,Doradca / Doradczyni Klienta | Nowa Ruda,high_ticket_b2c,86,junior_ramp,Nowa Ruda,mobile,,junior,rocketjobs.pl,https://rocketjobs.pl/oferta-pracy/provident-polska-doradca-doradczyni-klienta-nowa-ruda-nowa-ruda-sales-finanse-bankowosc-ubezpieczenia-238181d2,2026-09-14,"Wykształcenie średnie, obsługa klienta, sprzedaż, kredyty, pożyczki, ubezpieczenia"
Provident Polska,disqualified,71.6,Doradca / Doradczyni Klienta | Słupca,high_ticket_b2c,86,junior_ramp,Słupca,mobile,,junior,rocketjobs.pl,https://rocketjobs.pl/oferta-pracy/provident-polska-doradca-doradczyni-klienta-slupca-slupca-sales-finanse-bankowosc-ubezpieczenia-1d348464,2026-09-14,"Wykształcenie średnie, obsługa klienta, sprzedaż, kredyty, pożyczki, ubezpieczenia"
Provident Polska,disqualified,71.6,Doradca / Doradczyni Klienta | Chełmża,high_ticket_b2c,86,junior_ramp,Chełmża,mobile,,junior,rocketjobs.pl,https://rocketjobs.pl/oferta-pracy/provident-polska-doradca-doradczyni-klienta-chelmza-chelmza-sales-finanse-bankowosc-ubezpieczenia-ce66add7,2026-09-29,"Wykształcenie średnie, obsługa klienta, sprzedaż, kredyty, pożyczki, ubezpieczenia"
Provident Polska,disqualified,71.6,Doradca / Doradczyni Klienta | Rynarzewo,high_ticket_b2c,86,junior_ramp,Rynarzewo,mobile,,junior,rocketjobs.pl,https://rocketjobs.pl/oferta-pracy/provident-polska-doradca-doradczyni-klienta-rynarzewo-rynarzewo-sales-finanse-bankowosc-ubezpieczenia,2026-09-29,"Wykształcenie średnie, obsługa klienta, sprzedaż, kredyty, pożyczki, ubezpieczenia"
Provident Polska,disqualified,71.6,Doradca / Doradczyni Klienta | Kutno,high_ticket_b2c,86,junior_ramp,Kutno,mobile,,junior,rocketjobs.pl,https://rocketjobs.pl/oferta-pracy/provident-polska-doradca-doradczyni-klienta-kutno-kutno-sales-finanse-bankowosc-ubezpieczenia-d34ee38a,2026-09-29,"Wykształcenie średnie, obsługa klienta, sprzedaż, kredyty, pożyczki, ubezpieczenia"
Provident Polska,disqualified,71.6,Doradca / Doradczyni Klienta | Brzozówka,high_ticket_b2c,86,junior_ramp,Brzozówka,mobile,,junior,rocketjobs.pl,https://rocketjobs.pl/oferta-pracy/provident-polska-doradca-doradczyni-klienta-brzozowka-brzozowka-sales-finanse-bankowosc-ubezpieczenia-db1adc2f,2026-09-29,"Wykształcenie średnie, obsługa klienta, sprzedaż, kredyty, pożyczki, ubezpieczenia"
Provident Polska,disqualified,71.6,Doradca / Doradczyni Klienta | Krośniewice,high_ticket_b2c,86,junior_ramp,Krośniewice,mobile,,junior,rocketjobs.pl,https://rocketjobs.pl/oferta-pracy/provident-polska-doradca-doradczyni-klienta-krosniewice-krosniewice-sales-finanse-bankowosc-ubezpieczenia-4b66a83d,2026-09-29,"Wykształcenie średnie, obsługa klienta, sprzedaż, kredyty, pożyczki, ubezpieczenia"
Provident Polska,disqualified,71.6,Doradca / Doradczyni Klienta | Brześć Kujawski,high_ticket_b2c,86,junior_ramp,Brześć Kujawski,mobile,,junior,rocketjobs.pl,https://rocketjobs.pl/oferta-pracy/provident-polska-doradca-doradczyni-klienta-brzesc-kujawski-brzesc-kujawski-sales-finanse-bankowosc-ubezpieczenia-59634d6f,2026-09-29,"Wykształcenie średnie, obsługa klienta, sprzedaż, kredyty, pożyczki, ubezpieczenia"
Provident Polska,disqualified,71.6,Doradca / Doradczyni Klienta | Lipno,high_ticket_b2c,86,junior_ramp,Lipno,mobile,,junior,rocketjobs.pl,https://rocketjobs.pl/oferta-pracy/provident-polska-doradca-doradczyni-klienta-lipno-lipno-sales-finanse-bankowosc-ubezpieczenia-7df6df11,2026-09-29,"Wykształcenie średnie, obsługa klienta, sprzedaż, kredyty, pożyczki, ubezpieczenia"
Provident Polska,disqualified,71.6,Doradca / Doradczyni Klienta | Łubianka,high_ticket_b2c,86,junior_ramp,Łubianka,mobile,,junior,rocketjobs.pl,https://rocketjobs.pl/oferta-pracy/provident-polska-doradca-doradczyni-klienta-lubianka-lubianka-sales-finanse-bankowosc-ubezpieczenia,2026-09-29,"Wykształcenie średnie, obsługa klienta, sprzedaż, kredyty, pożyczki, ubezpieczenia"
Provident Polska,disqualified,71.6,Doradca / Doradczyni Klienta | Toruń,high_ticket_b2c,86,junior_ramp,Toruń,mobile,,junior,rocketjobs.pl,https://rocketjobs.pl/oferta-pracy/provident-polska-doradca-doradczyni-klienta-torun-torun-sales-finanse-bankowosc-ubezpieczenia-65d8f280,2026-09-29,"Wykształcenie średnie, obsługa klienta, sprzedaż, kredyty, pożyczki, ubezpieczenia"
Provident Polska,disqualified,71.6,Doradca / Doradczyni Klienta | Aleksandrów Kujawski,high_ticket_b2c,86,junior_ramp,Aleksandrów Kujawski,mobile,,junior,rocketjobs.pl,https://rocketjobs.pl/oferta-pracy/provident-polska-doradca-doradczyni-klienta-aleksandrow-kujawski-aleksandrow-kujawski-sales-finanse-bankowosc-ubezpieczenia-dcfc69c6,2026-09-29,"Wykształcenie średnie, obsługa klienta, sprzedaż, kredyty, pożyczki, ubezpieczenia"
Provident Polska,disqualified,71.6,Doradca / Doradczyni Klienta | Nieszawa,high_ticket_b2c,86,junior_ramp,Nieszawa,mobile,,junior,rocketjobs.pl,https://rocketjobs.pl/oferta-pracy/provident-polska-doradca-doradczyni-klienta-nieszawa-nieszawa-sales-finanse-bankowosc-ubezpieczenia-b11dcfc1,2026-09-29,"Wykształcenie średnie, obsługa klienta, sprzedaż, kredyty, pożyczki, ubezpieczenia"
Provident Polska,disqualified,71.6,Doradca / Doradczyni Klienta | Lucim,high_ticket_b2c,86,junior_ramp,Lucim,mobile,,junior,rocketjobs.pl,https://rocketjobs.pl/oferta-pracy/provident-polska-doradca-doradczyni-klienta-lucim-lucim-sales-finanse-bankowosc-ubezpieczenia,2026-09-29,"Wykształcenie średnie, obsługa klienta, sprzedaż, kredyty, pożyczki, ubezpieczenia"
Provident Polska,disqualified,71.6,Doradca / Doradczyni Klienta | Waganiec,high_ticket_b2c,86,junior_ramp,Waganiec,mobile,,junior,rocketjobs.pl,https://rocketjobs.pl/oferta-pracy/provident-polska-doradca-doradczyni-klienta-waganiec-waganiec-sales-finanse-bankowosc-ubezpieczenia-0157b42b,2026-09-29,"Wykształcenie średnie, obsługa klienta, sprzedaż, kredyty, pożyczki, ubezpieczenia"
Provident Polska,disqualified,71.6,Doradca / Doradczyni Klienta | Ciechocinek,high_ticket_b2c,86,junior_ramp,Ciechocinek,mobile,,junior,rocketjobs.pl,https://rocketjobs.pl/oferta-pracy/provident-polska-doradca-doradczyni-klienta-ciechocinek-ciechocinek-sales-finanse-bankowosc-ubezpieczenia-a3c9ceea,2026-09-29,"Wykształcenie średnie, obsługa klienta, sprzedaż, kredyty, pożyczki, ubezpieczenia"
Provident Polska,disqualified,71.6,Doradca / Doradczyni Klienta | Mrocza,high_ticket_b2c,86,junior_ramp,Mrocza,mobile,,junior,rocketjobs.pl,https://rocketjobs.pl/oferta-pracy/provident-polska-doradca-doradczyni-klienta-mrocza-mrocza-sales-finanse-bankowosc-ubezpieczenia-36337f5f,2026-09-29,"Wykształcenie średnie, obsługa klienta, sprzedaż, kredyty, pożyczki, ubezpieczenia"
Provident Polska,disqualified,71.6,Doradca / Doradczyni Klienta | Mała Nieszawka Mąkowarsko,high_ticket_b2c,86,junior_ramp,Mąkowarsko,mobile,,junior,rocketjobs.pl,https://rocketjobs.pl/oferta-pracy/provident-polska-doradca-doradczyni-klienta-mala-nieszawka-makowarsko-makowarsko-sales-finanse-bankowosc-ubezpieczenia,2026-09-29,"Wykształcenie średnie, obsługa klienta, sprzedaż, kredyty, pożyczki, ubezpieczenia"
Provident Polska,disqualified,71.6,Doradca / Doradczyni Klienta | Lubicz Dolny,high_ticket_b2c,86,junior_ramp,Lubicz Dolny,mobile,,junior,rocketjobs.pl,https://rocketjobs.pl/oferta-pracy/provident-polska-doradca-doradczyni-klienta-lubicz-dolny-lubicz-dolny-sales-finanse-bankowosc-ubezpieczenia-465e3c1e,2026-09-29,"Wykształcenie średnie, obsługa klienta, sprzedaż, kredyty, pożyczki, ubezpieczenia"
Provident Polska,disqualified,71.6,Doradca / Doradczyni Klienta | Szubin,high_ticket_b2c,86,junior_ramp,Szubin,mobile,,junior,rocketjobs.pl,https://rocketjobs.pl/oferta-pracy/provident-polska-doradca-doradczyni-klienta-szubin-szubin-sales-finanse-bankowosc-ubezpieczenia-96f8aca1,2026-09-29,"Wykształcenie średnie, obsługa klienta, sprzedaż, kredyty, pożyczki, ubezpieczenia"
Provident Polska,disqualified,71.6,Doradca / Doradczyni Klienta | Lubraniec,high_ticket_b2c,86,junior_ramp,Lubraniec,mobile,,junior,rocketjobs.pl,https://rocketjobs.pl/oferta-pracy/provident-polska-doradca-doradczyni-klienta-lubraniec-lubraniec-sales-finanse-bankowosc-ubezpieczenia-b0bc1809,2026-09-29,"Wykształcenie średnie, obsługa klienta, sprzedaż, kredyty, pożyczki, ubezpieczenia"
Provident Polska,disqualified,71.6,Doradca / Doradczyni Klienta | Bydgoszcz,high_ticket_b2c,86,junior_ramp,Bydgoszcz,mobile,,junior,rocketjobs.pl,https://rocketjobs.pl/oferta-pracy/provident-polska-doradca-doradczyni-klienta-bydgoszcz-bydgoszcz-sales-finanse-bankowosc-ubezpieczenia-9d644eac,2026-09-29,"Wykształcenie średnie, obsługa klienta, sprzedaż, kredyty, pożyczki, ubezpieczenia"
Provident Polska,disqualified,71.6,Doradca / Doradczyni Klienta | Wierzchucinek,high_ticket_b2c,86,junior_ramp,Wierzchucinek,mobile,,junior,rocketjobs.pl,https://rocketjobs.pl/oferta-pracy/provident-polska-doradca-doradczyni-klienta-wierzchucinek-wierzchucinek-sales-finanse-bankowosc-ubezpieczenia,2026-09-29,"Wykształcenie średnie, obsługa klienta, sprzedaż, kredyty, pożyczki, ubezpieczenia"
Provident Polska,disqualified,71.6,Doradca / Doradczyni Klienta | Kcynia,high_ticket_b2c,86,junior_ramp,Kcynia,mobile,,junior,rocketjobs.pl,https://rocketjobs.pl/oferta-pracy/provident-polska-doradca-doradczyni-klienta-kcynia-kcynia-sales-finanse-bankowosc-ubezpieczenia-a4d54580,2026-09-29,"Wykształcenie średnie, obsługa klienta, sprzedaż, kredyty, pożyczki, ubezpieczenia"
Provident Polska,disqualified,71.6,Doradca / Doradczyni Klienta | Łowicz,high_ticket_b2c,86,junior_ramp,Łowicz,mobile,,junior,rocketjobs.pl,https://rocketjobs.pl/oferta-pracy/provident-polska-doradca-doradczyni-klienta-lowicz-lowicz-sales-finanse-bankowosc-ubezpieczenia-a18a2354,2026-09-29,"Wykształcenie średnie, obsługa klienta, sprzedaż, kredyty, pożyczki, ubezpieczenia"
Provident Polska,disqualified,71.6,Doradca / Doradczyni Klienta | Kikół,high_ticket_b2c,86,junior_ramp,Kikół,mobile,,junior,rocketjobs.pl,https://rocketjobs.pl/oferta-pracy/provident-polska-doradca-doradczyni-klienta-kikol-kikol-sales-finanse-bankowosc-ubezpieczenia-dd3cb3b6,2026-09-29,"Wykształcenie średnie, obsługa klienta, sprzedaż, kredyty, pożyczki, ubezpieczenia"
Provident Polska,disqualified,71.6,Doradca / Doradczyni Klienta | Koszalin,high_ticket_b2c,86,junior_ramp,Koszalin,mobile,,junior,rocketjobs.pl,https://rocketjobs.pl/oferta-pracy/provident-polska-doradca-doradczyni-klienta-koszalin-koszalin-sales-finanse-bankowosc-ubezpieczenia-c4b4b1d6,2026-09-29,"Wykształcenie średnie, obsługa klienta, sprzedaż, kredyty, pożyczki, ubezpieczenia"
Provident Polska,disqualified,71.6,Doradca / Doradczyni Klienta | Brzoza,high_ticket_b2c,86,junior_ramp,Brzóza,mobile,,junior,rocketjobs.pl,https://rocketjobs.pl/oferta-pracy/provident-polska-doradca-doradczyni-klienta-brzoza-brzoza-sales-finanse-bankowosc-ubezpieczenia-677a36d9,2026-09-29,"Wykształcenie średnie, obsługa klienta, sprzedaż, kredyty, pożyczki, ubezpieczenia"
Provident Polska,disqualified,71.6,Doradca / Doradczyni Klienta | Zbójno,high_ticket_b2c,86,junior_ramp,Zbójno,mobile,,junior,rocketjobs.pl,https://rocketjobs.pl/oferta-pracy/provident-polska-doradca-doradczyni-klienta-zbojno-zbojno-sales-finanse-bankowosc-ubezpieczenia-1b9c4472,2026-09-29,"Wykształcenie średnie, obsługa klienta, sprzedaż, kredyty, pożyczki, ubezpieczenia"
Provident Polska,disqualified,71.6,Doradca / Doradczyni Klienta | Białogard,high_ticket_b2c,86,junior_ramp,Białogard,mobile,,junior,rocketjobs.pl,https://rocketjobs.pl/oferta-pracy/provident-polska-doradca-doradczyni-klienta-bialogard-bialogard-sales-finanse-bankowosc-ubezpieczenia-4efb7836,2026-09-29,"Wykształcenie średnie, obsługa klienta, sprzedaż, kredyty, pożyczki, ubezpieczenia"
Provident Polska,disqualified,71.6,Doradca / Doradczyni Klienta | Włocławek,high_ticket_b2c,86,junior_ramp,Włocławek,mobile,,junior,rocketjobs.pl,https://rocketjobs.pl/oferta-pracy/provident-polska-doradca-doradczyni-klienta-wloclawek-wloclawek-sales-finanse-bankowosc-ubezpieczenia-038d97ca,2026-09-29,"Wykształcenie średnie, obsługa klienta, sprzedaż, kredyty, pożyczki, ubezpieczenia"
Provident Polska,disqualified,71.6,Doradca / Doradczyni Klienta | Wtelno,high_ticket_b2c,86,junior_ramp,Wtelno,mobile,,junior,rocketjobs.pl,https://rocketjobs.pl/oferta-pracy/provident-polska-doradca-doradczyni-klienta-wtelno-wtelno-sales-finanse-bankowosc-ubezpieczenia,2026-09-29,"Wykształcenie średnie, obsługa klienta, sprzedaż, kredyty, pożyczki, ubezpieczenia"
Provident Polska,disqualified,71.6,Doradca / Doradczyni Klienta | Świecie,high_ticket_b2c,86,junior_ramp,Świecie,mobile,,junior,rocketjobs.pl,https://rocketjobs.pl/oferta-pracy/provident-polska-doradca-doradczyni-klienta-swiecie-swiecie-sales-finanse-bankowosc-ubezpieczenia-fd95676d,2026-09-29,"Wykształcenie średnie, obsługa klienta, sprzedaż, kredyty, pożyczki, ubezpieczenia"
Provident Polska,disqualified,71.6,Doradca / Doradczyni Klienta | Zduny,high_ticket_b2c,86,junior_ramp,Zduny,mobile,,junior,rocketjobs.pl,https://rocketjobs.pl/oferta-pracy/provident-polska-doradca-doradczyni-klienta-zduny-zduny-sales-finanse-bankowosc-ubezpieczenia,2026-09-29,"Wykształcenie średnie, obsługa klienta, sprzedaż, kredyty, pożyczki, ubezpieczenia"
Provident Polska,disqualified,71.6,Doradca / Doradczyni Klienta | Lubicz Górny,high_ticket_b2c,86,junior_ramp,Lubicz Górny,mobile,,junior,rocketjobs.pl,https://rocketjobs.pl/oferta-pracy/provident-polska-doradca-doradczyni-klienta-lubicz-gorny-lubicz-gorny-sales-finanse-bankowosc-ubezpieczenia-041c6b53,2026-09-29,"Wykształcenie średnie, obsługa klienta, sprzedaż, kredyty, pożyczki, ubezpieczenia"
Provident Polska,disqualified,71.6,Doradca / Doradczyni Klienta | Gniewkowo,high_ticket_b2c,86,junior_ramp,Gniewkowo,mobile,,junior,rocketjobs.pl,https://rocketjobs.pl/oferta-pracy/provident-polska-doradca-doradczyni-klienta-gniewkowo-gniewkowo-sales-finanse-bankowosc-ubezpieczenia-1358f08d,2026-09-29,"Wykształcenie średnie, obsługa klienta, sprzedaż, kredyty, pożyczki, ubezpieczenia"
Provident Polska,disqualified,71.6,Doradca / Doradczyni Klienta | Rogowo,high_ticket_b2c,86,junior_ramp,Rogowo,mobile,,junior,rocketjobs.pl,https://rocketjobs.pl/oferta-pracy/provident-polska-doradca-doradczyni-klienta-rogowo-rogowo-sales-finanse-bankowosc-ubezpieczenia-f88e7f51,2026-09-29,"Wykształcenie średnie, obsługa klienta, sprzedaż, kredyty, pożyczki, ubezpieczenia"
Provident Polska,disqualified,71.6,Doradca / Doradczyni Klienta | Żnin,high_ticket_b2c,86,junior_ramp,Żnin,mobile,,junior,rocketjobs.pl,https://rocketjobs.pl/oferta-pracy/provident-polska-doradca-doradczyni-klienta-znin-znin-sales-finanse-bankowosc-ubezpieczenia-7c810207,2026-09-29,"Wykształcenie średnie, obsługa klienta, sprzedaż, kredyty, pożyczki, ubezpieczenia"
Provident Polska,disqualified,71.6,Doradca / Doradczyni Klienta | Golub-Dobrzyń,high_ticket_b2c,86,junior_ramp,Golub-Dobrzyń,mobile,,junior,rocketjobs.pl,https://rocketjobs.pl/oferta-pracy/provident-polska-doradca-doradczyni-klienta-golub-dobrzyn-golub-dobrzyn-sales-finanse-bankowosc-ubezpieczenia-ebea9162,2026-09-29,"Wykształcenie średnie, obsługa klienta, sprzedaż, kredyty, pożyczki, ubezpieczenia"
Provident Polska,disqualified,71.6,Doradca / Doradczyni Klienta | Mogilno,high_ticket_b2c,86,junior_ramp,Mogilno,mobile,,junior,rocketjobs.pl,https://rocketjobs.pl/oferta-pracy/provident-polska-doradca-doradczyni-klienta-mogilno-mogilno-sales-finanse-bankowosc-ubezpieczenia-250c5aaf,2026-09-29,"Wykształcenie średnie, obsługa klienta, sprzedaż, kredyty, pożyczki, ubezpieczenia"
Provident Polska,disqualified,71.6,Doradca / Doradczyni Klienta | Pakość,high_ticket_b2c,86,junior_ramp,Pakość,mobile,,junior,rocketjobs.pl,https://rocketjobs.pl/oferta-pracy/provident-polska-doradca-doradczyni-klienta-pakosc-pakosc-sales-finanse-bankowosc-ubezpieczenia-95bd00fb,2026-09-29,"Wykształcenie średnie, obsługa klienta, sprzedaż, kredyty, pożyczki, ubezpieczenia"
Provident Polska,disqualified,71.6,Doradca / Doradczyni Klienta | Kowalewo Pomorskie,high_ticket_b2c,86,junior_ramp,Kowalewo,mobile,,junior,rocketjobs.pl,https://rocketjobs.pl/oferta-pracy/provident-polska-doradca-doradczyni-klienta-kowalewo-pomorskie-kowalewo-sales-finanse-bankowosc-ubezpieczenia-bfc08f3a,2026-09-29,"Wykształcenie średnie, obsługa klienta, sprzedaż, kredyty, pożyczki, ubezpieczenia"
Provident Polska,disqualified,71.6,Doradca / Doradczyni Klienta | Sztum,high_ticket_b2c,86,junior_ramp,Sztum,mobile,,junior,rocketjobs.pl,https://rocketjobs.pl/oferta-pracy/provident-polska-doradca-doradczyni-klienta-sztum-sztum-sales-finanse-bankowosc-ubezpieczenia-843c357d,2026-09-29,"Wykształcenie średnie, obsługa klienta, sprzedaż, kredyty, pożyczki, ubezpieczenia"
Provident Polska,disqualified,71.6,Doradca / Doradczyni Klienta | Redzikowo,high_ticket_b2c,86,junior_ramp,Redzikowo,mobile,,junior,rocketjobs.pl,https://rocketjobs.pl/oferta-pracy/provident-polska-doradca-doradczyni-klienta-redzikowo-redzikowo-sales-finanse-bankowosc-ubezpieczenia-4dc9db20,2026-09-29,"Wykształcenie średnie, obsługa klienta, sprzedaż, kredyty, pożyczki, ubezpieczenia"
Provident Polska,disqualified,71.6,Doradca / Doradczyni Klienta | Olsztynek,high_ticket_b2c,86,junior_ramp,Olsztynek,mobile,,junior,rocketjobs.pl,https://rocketjobs.pl/oferta-pracy/provident-polska-doradca-doradczyni-klienta-olsztynek-olsztynek-sales-finanse-bankowosc-ubezpieczenia-15c92c18,2026-09-29,"Wykształcenie średnie, obsługa klienta, sprzedaż, kredyty, pożyczki, ubezpieczenia"
Provident Polska,disqualified,71.6,Doradca / Doradczyni Klienta | Kończewice,high_ticket_b2c,86,junior_ramp,Kończewice,mobile,,junior,rocketjobs.pl,https://rocketjobs.pl/oferta-pracy/provident-polska-doradca-doradczyni-klienta-konczewice-konczewice-sales-finanse-bankowosc-ubezpieczenia-c44bb17b,2026-09-29,"Wykształcenie średnie, obsługa klienta, sprzedaż, kredyty, pożyczki, ubezpieczenia"
Provident Polska,disqualified,71.6,Doradca / Doradczyni Klienta | Kwidzyn,high_ticket_b2c,86,junior_ramp,Kwidzyn,mobile,,junior,rocketjobs.pl,https://rocketjobs.pl/oferta-pracy/provident-polska-doradca-doradczyni-klienta-kwidzyn-kwidzyn-sales-finanse-bankowosc-ubezpieczenia-b1a6697a,2026-09-29,"Wykształcenie średnie, obsługa klienta, sprzedaż, kredyty, pożyczki, ubezpieczenia"
Provident Polska,disqualified,71.6,Doradca / Doradczyni Klienta | Ryn,high_ticket_b2c,86,junior_ramp,Ryn,mobile,,junior,rocketjobs.pl,https://rocketjobs.pl/oferta-pracy/provident-polska-doradca-doradczyni-klienta-ryn-ryn-sales-finanse-bankowosc-ubezpieczenia-264f6d17,2026-09-29,"Wykształcenie średnie, obsługa klienta, sprzedaż, kredyty, pożyczki, ubezpieczenia"
Provident Polska,disqualified,71.6,Doradca / Doradczyni Klienta | Mikołajki,high_ticket_b2c,86,junior_ramp,Mikołajki,mobile,,junior,rocketjobs.pl,https://rocketjobs.pl/oferta-pracy/provident-polska-doradca-doradczyni-klienta-mikolajki-mikolajki-sales-finanse-bankowosc-ubezpieczenia-42f95b6f,2026-09-29,"Wykształcenie średnie, obsługa klienta, sprzedaż, kredyty, pożyczki, ubezpieczenia"
Provident Polska,disqualified,71.6,Doradca / Doradczyni Klienta | Osie,high_ticket_b2c,86,junior_ramp,Osie,mobile,,junior,rocketjobs.pl,https://rocketjobs.pl/oferta-pracy/provident-polska-doradca-doradczyni-klienta-osie-osie-sales-finanse-bankowosc-ubezpieczenia,2026-09-29,"Wykształcenie średnie, obsługa klienta, sprzedaż, kredyty, pożyczki, ubezpieczenia"
Provident Polska,disqualified,71.6,Doradca / Doradczyni Klienta | Tuchola,high_ticket_b2c,86,junior_ramp,Tuchola,mobile,,junior,rocketjobs.pl,https://rocketjobs.pl/oferta-pracy/provident-polska-doradca-doradczyni-klienta-tuchola-tuchola-sales-finanse-bankowosc-ubezpieczenia-57bb0d22,2026-09-29,"Wykształcenie średnie, obsługa klienta, sprzedaż, kredyty, pożyczki, ubezpieczenia"
Provident Polska,disqualified,71.6,Doradca / Doradczyni Klienta | Gębin,high_ticket_b2c,86,junior_ramp,Gębiny,mobile,,junior,rocketjobs.pl,https://rocketjobs.pl/oferta-pracy/provident-polska-doradca-doradczyni-klienta-gebin-gebiny-sales-finanse-bankowosc-ubezpieczenia,2026-09-29,"Wykształcenie średnie, obsługa klienta, sprzedaż, kredyty, pożyczki, ubezpieczenia"
Provident Polska,disqualified,71.6,Doradca / Doradczyni Klienta | Orneta,high_ticket_b2c,86,junior_ramp,Orneta,mobile,,junior,rocketjobs.pl,https://rocketjobs.pl/oferta-pracy/provident-polska-doradca-doradczyni-klienta-orneta-orneta-sales-finanse-bankowosc-ubezpieczenia-468de655,2026-09-29,"Wykształcenie średnie, obsługa klienta, sprzedaż, kredyty, pożyczki, ubezpieczenia"
Provident Polska,disqualified,71.6,Doradca / Doradczyni Klienta | Miastko,high_ticket_b2c,86,junior_ramp,Miastko,mobile,,junior,rocketjobs.pl,https://rocketjobs.pl/oferta-pracy/provident-polska-doradca-doradczyni-klienta-miastko-miastko-sales-finanse-bankowosc-ubezpieczenia-0a56afbc,2026-09-29,"Wykształcenie średnie, obsługa klienta, sprzedaż, kredyty, pożyczki, ubezpieczenia"
Provident Polska,disqualified,71.6,Doradca / Doradczyni Klienta | Bolesławice,high_ticket_b2c,86,junior_ramp,Bolesławice,mobile,,junior,rocketjobs.pl,https://rocketjobs.pl/oferta-pracy/provident-polska-doradca-doradczyni-klienta-boleslawice-boleslawice-sales-finanse-bankowosc-ubezpieczenia-3b4b7627,2026-09-29,"Wykształcenie średnie, obsługa klienta, sprzedaż, kredyty, pożyczki, ubezpieczenia"
Provident Polska,disqualified,71.6,Doradca / Doradczyni Klienta | Szczytno,high_ticket_b2c,86,junior_ramp,Szczytno,mobile,,junior,rocketjobs.pl,https://rocketjobs.pl/oferta-pracy/provident-polska-doradca-doradczyni-klienta-szczytno-szczytno-sales-finanse-bankowosc-ubezpieczenia-67ebb9fd,2026-09-29,"Wykształcenie średnie, obsługa klienta, sprzedaż, kredyty, pożyczki, ubezpieczenia"
Provident Polska,disqualified,71.6,Doradca / Doradczyni Klienta | Kobylnica,high_ticket_b2c,86,junior_ramp,Kobylnica,mobile,,junior,rocketjobs.pl,https://rocketjobs.pl/oferta-pracy/provident-polska-doradca-doradczyni-klienta-kobylnica-kobylnica-sales-finanse-bankowosc-ubezpieczenia-3482f97d,2026-09-29,"Wykształcenie średnie, obsługa klienta, sprzedaż, kredyty, pożyczki, ubezpieczenia"
Provident Polska,disqualified,71.6,Doradca / Doradczyni Klienta | Bielsk,high_ticket_b2c,86,junior_ramp,Bielsk,mobile,,junior,rocketjobs.pl,https://rocketjobs.pl/oferta-pracy/provident-polska-doradca-doradczyni-klienta-bielsk-bielsk-sales-finanse-bankowosc-ubezpieczenia-f2dfc95f,2026-09-29,"Wykształcenie średnie, obsługa klienta, sprzedaż, kredyty, pożyczki, ubezpieczenia"
Provident Polska,disqualified,71.6,Doradca / Doradczyni Klienta | Gietrzwałd,high_ticket_b2c,86,junior_ramp,Gietrzwałd,mobile,,junior,rocketjobs.pl,https://rocketjobs.pl/oferta-pracy/provident-polska-doradca-doradczyni-klienta-gietrzwald-gietrzwald-sales-finanse-bankowosc-ubezpieczenia-c4e8fd4e,2026-09-29,"Wykształcenie średnie, obsługa klienta, sprzedaż, kredyty, pożyczki, ubezpieczenia"
Provident Polska,disqualified,71.6,Doradca / Doradczyni Klienta | Biskupiec Reszelski,high_ticket_b2c,86,junior_ramp,Biskupiec,mobile,,junior,rocketjobs.pl,https://rocketjobs.pl/oferta-pracy/provident-polska-doradca-doradczyni-klienta-biskupiec-reszelski-biskupiec-sales-finanse-bankowosc-ubezpieczenia-2392d58c,2026-09-29,"Wykształcenie średnie, obsługa klienta, sprzedaż, kredyty, pożyczki, ubezpieczenia"
Provident Polska,disqualified,71.6,Doradca / Doradczyni Klienta | Olecko,high_ticket_b2c,86,junior_ramp,Olecko,mobile,,junior,rocketjobs.pl,https://rocketjobs.pl/oferta-pracy/provident-polska-doradca-doradczyni-klienta-olecko-olecko-sales-finanse-bankowosc-ubezpieczenia-5de2d0fe,2026-09-29,"Wykształcenie średnie, obsługa klienta, sprzedaż, kredyty, pożyczki, ubezpieczenia"
Provident Polska,disqualified,71.6,Doradca / Doradczyni Klienta | Krępa Słupska,high_ticket_b2c,86,junior_ramp,Krępa Słupska,mobile,,junior,rocketjobs.pl,https://rocketjobs.pl/oferta-pracy/provident-polska-doradca-doradczyni-klienta-krepa-slupska-krepa-slupska-sales-finanse-bankowosc-ubezpieczenia-2529c9a0,2026-09-29,"Wykształcenie średnie, obsługa klienta, sprzedaż, kredyty, pożyczki, ubezpieczenia"
Provident Polska,disqualified,71.6,Doradca / Doradczyni Klienta | Serock,high_ticket_b2c,86,junior_ramp,Serock,mobile,,junior,rocketjobs.pl,https://rocketjobs.pl/oferta-pracy/provident-polska-doradca-doradczyni-klienta-serock-serock-sales-finanse-bankowosc-ubezpieczenia-f7ea0fa8,2026-09-29,"Wykształcenie średnie, obsługa klienta, sprzedaż, kredyty, pożyczki, ubezpieczenia"
Provident Polska,disqualified,71.6,Doradca / Doradczyni Klienta | Stawiguda,high_ticket_b2c,86,junior_ramp,Stawiguda,mobile,,junior,rocketjobs.pl,https://rocketjobs.pl/oferta-pracy/provident-polska-doradca-doradczyni-klienta-stawiguda-stawiguda-sales-finanse-bankowosc-ubezpieczenia-7f618a1b,2026-09-29,"Wykształcenie średnie, obsługa klienta, sprzedaż, kredyty, pożyczki, ubezpieczenia"
Provident Polska,disqualified,71.6,Doradca / Doradczyni Klienta | Gniewin,high_ticket_b2c,86,junior_ramp,Gniewino,mobile,,junior,rocketjobs.pl,https://rocketjobs.pl/oferta-pracy/provident-polska-doradca-doradczyni-klienta-gniewin-gniewino-sales-finanse-bankowosc-ubezpieczenia-388cbf00,2026-09-29,"Wykształcenie średnie, obsługa klienta, sprzedaż, kredyty, pożyczki, ubezpieczenia"
Provident Polska,disqualified,71.6,Doradca / Doradczyni Klienta | Wyszków,high_ticket_b2c,86,junior_ramp,Wyszków,mobile,,junior,rocketjobs.pl,https://rocketjobs.pl/oferta-pracy/provident-polska-doradca-doradczyni-klienta-wyszkow-wyszkow-sales-finanse-bankowosc-ubezpieczenia-1a21a7ca,2026-09-29,"Wykształcenie średnie, obsługa klienta, sprzedaż, kredyty, pożyczki, ubezpieczenia"
Provident Polska,disqualified,71.6,Doradca / Doradczyni Klienta | Dębnica Kaszubska,high_ticket_b2c,86,junior_ramp,Dębnica Kaszubska,mobile,,junior,rocketjobs.pl,https://rocketjobs.pl/oferta-pracy/provident-polska-doradca-doradczyni-klienta-debnica-kaszubska-debnica-kaszubska-sales-finanse-bankowosc-ubezpieczenia-8e5ca346,2026-09-29,"Wykształcenie średnie, obsługa klienta, sprzedaż, kredyty, pożyczki, ubezpieczenia"
Provident Polska,disqualified,71.6,Doradca / Doradczyni Klienta | Malbork,high_ticket_b2c,86,junior_ramp,Malbork,mobile,,junior,rocketjobs.pl,https://rocketjobs.pl/oferta-pracy/provident-polska-doradca-doradczyni-klienta-malbork-malbork-sales-finanse-bankowosc-ubezpieczenia-7dae0a81,2026-09-29,"Wykształcenie średnie, obsługa klienta, sprzedaż, kredyty, pożyczki, ubezpieczenia"
Provident Polska,disqualified,71.6,Doradca / Doradczyni Klienta | Nowy Staw,high_ticket_b2c,86,junior_ramp,Nowy Staw,mobile,,junior,rocketjobs.pl,https://rocketjobs.pl/oferta-pracy/provident-polska-doradca-doradczyni-klienta-nowy-staw-nowy-staw-sales-finanse-bankowosc-ubezpieczenia-8da69a9c,2026-09-29,"Wykształcenie średnie, obsługa klienta, sprzedaż, kredyty, pożyczki, ubezpieczenia"
Provident Polska,disqualified,71.6,Doradca / Doradczyni Klienta | Polanów,high_ticket_b2c,86,junior_ramp,Polanów,mobile,,junior,rocketjobs.pl,https://rocketjobs.pl/oferta-pracy/provident-polska-doradca-doradczyni-klienta-polanow-polanow-sales-finanse-bankowosc-ubezpieczenia,2026-09-29,"Wykształcenie średnie, obsługa klienta, sprzedaż, kredyty, pożyczki, ubezpieczenia"
Provident Polska,disqualified,71.6,Doradca / Doradczyni Klienta | Ełk,high_ticket_b2c,86,junior_ramp,Ełk,mobile,,junior,rocketjobs.pl,https://rocketjobs.pl/oferta-pracy/provident-polska-doradca-doradczyni-klienta-elk-elk-sales-finanse-bankowosc-ubezpieczenia-f8f30677,2026-09-29,"Wykształcenie średnie, obsługa klienta, sprzedaż, kredyty, pożyczki, ubezpieczenia"
Provident Polska,disqualified,71.6,Doradca / Doradczyni Klienta | Sopot,high_ticket_b2c,86,junior_ramp,Sopot,mobile,,junior,rocketjobs.pl,https://rocketjobs.pl/oferta-pracy/provident-polska-doradca-doradczyni-klienta-sopot-sopot-sales-finanse-bankowosc-ubezpieczenia-5e00dd6a,2026-09-29,"Wykształcenie średnie, obsługa klienta, sprzedaż, kredyty, pożyczki, ubezpieczenia"
Provident Polska,disqualified,71.6,Doradca / Doradczyni Klienta | Stare Jabłonki,high_ticket_b2c,86,junior_ramp,Stare Jabłonki,mobile,,junior,rocketjobs.pl,https://rocketjobs.pl/oferta-pracy/provident-polska-doradca-doradczyni-klienta-stare-jablonki-stare-jablonki-sales-finanse-bankowosc-ubezpieczenia-98b4312c,2026-09-29,"Wykształcenie średnie, obsługa klienta, sprzedaż, kredyty, pożyczki, ubezpieczenia"
Provident Polska,disqualified,71.6,Doradca / Doradczyni Klienta | Stare Pole,high_ticket_b2c,86,junior_ramp,Stare Pole,mobile,,junior,rocketjobs.pl,https://rocketjobs.pl/oferta-pracy/provident-polska-doradca-doradczyni-klienta-stare-pole-stare-pole-sales-finanse-bankowosc-ubezpieczenia-295a4c64,2026-09-29,"Wykształcenie średnie, obsługa klienta, sprzedaż, kredyty, pożyczki, ubezpieczenia"
Provident Polska,disqualified,71.6,Doradca / Doradczyni Klienta | Gniew,high_ticket_b2c,86,junior_ramp,Gniew,mobile,,junior,rocketjobs.pl,https://rocketjobs.pl/oferta-pracy/provident-polska-doradca-doradczyni-klienta-gniew-gniew-sales-finanse-bankowosc-ubezpieczenia-6f179f95,2026-09-29,"Wykształcenie średnie, obsługa klienta, sprzedaż, kredyty, pożyczki, ubezpieczenia"
Provident Polska,disqualified,71.6,Doradca / Doradczyni Klienta | Grodzisk,high_ticket_b2c,86,junior_ramp,Grodzisk Mazowiecki,mobile,,junior,rocketjobs.pl,https://rocketjobs.pl/oferta-pracy/provident-polska-doradca-doradczyni-klienta-grodzisk-grodzisk-mazowiecki-sales-finanse-bankowosc-ubezpieczenia,2026-09-29,"Wykształcenie średnie, obsługa klienta, sprzedaż, kredyty, pożyczki, ubezpieczenia"
Provident Polska,disqualified,71.6,Doradca / Doradczyni Klienta | Czersk,high_ticket_b2c,86,junior_ramp,Czersk,mobile,,junior,rocketjobs.pl,https://rocketjobs.pl/oferta-pracy/provident-polska-doradca-doradczyni-klienta-czersk-czersk-sales-finanse-bankowosc-ubezpieczenia-3674a449,2026-09-29,"Wykształcenie średnie, obsługa klienta, sprzedaż, kredyty, pożyczki, ubezpieczenia"
Provident Polska,disqualified,71.6,Doradca / Doradczyni Klienta | Władysławowo,high_ticket_b2c,86,junior_ramp,Władysławowo,mobile,,junior,rocketjobs.pl,https://rocketjobs.pl/oferta-pracy/provident-polska-doradca-doradczyni-klienta-wladyslawowo-wladyslawowo-sales-finanse-bankowosc-ubezpieczenia-c6c6da80,2026-09-29,"Wykształcenie średnie, obsługa klienta, sprzedaż, kredyty, pożyczki, ubezpieczenia"
Provident Polska,disqualified,71.6,Doradca / Doradczyni Klienta | Wejherowo,high_ticket_b2c,86,junior_ramp,Wejherowo,mobile,,junior,rocketjobs.pl,https://rocketjobs.pl/oferta-pracy/provident-polska-doradca-doradczyni-klienta-wejherowo-wejherowo-sales-finanse-bankowosc-ubezpieczenia-45e6831c,2026-09-29,"Wykształcenie średnie, obsługa klienta, sprzedaż, kredyty, pożyczki, ubezpieczenia"
Provident Polska,disqualified,71.6,Doradca / Doradczyni Klienta | Lniano,high_ticket_b2c,86,junior_ramp,Lniano,mobile,,junior,rocketjobs.pl,https://rocketjobs.pl/oferta-pracy/provident-polska-doradca-doradczyni-klienta-lniano-lniano-sales-finanse-bankowosc-ubezpieczenia,2026-09-29,"Wykształcenie średnie, obsługa klienta, sprzedaż, kredyty, pożyczki, ubezpieczenia"
Provident Polska,disqualified,71.6,Doradca / Doradczyni Klienta | Mszczonów,high_ticket_b2c,86,junior_ramp,Mszczonów,mobile,,junior,rocketjobs.pl,https://rocketjobs.pl/oferta-pracy/provident-polska-doradca-doradczyni-klienta-mszczonow-mszczonow-sales-finanse-bankowosc-ubezpieczenia-ecb40bd5,2026-09-29,"Wykształcenie średnie, obsługa klienta, sprzedaż, kredyty, pożyczki, ubezpieczenia"
Provident Polska,disqualified,71.6,Doradca / Doradczyni Klienta | Płock,high_ticket_b2c,86,junior_ramp,Płock,mobile,,junior,rocketjobs.pl,https://rocketjobs.pl/oferta-pracy/provident-polska-doradca-doradczyni-klienta-plock-plock-sales-finanse-bankowosc-ubezpieczenia-a5fac967,2026-09-29,"Wykształcenie średnie, obsługa klienta, sprzedaż, kredyty, pożyczki, ubezpieczenia"
Provident Polska,disqualified,71.6,Doradca / Doradczyni Klienta | Olsztyn,high_ticket_b2c,86,junior_ramp,Olsztyn,mobile,,junior,rocketjobs.pl,https://rocketjobs.pl/oferta-pracy/provident-polska-doradca-doradczyni-klienta-olsztyn-olsztyn-sales-finanse-bankowosc-ubezpieczenia-c73ca949,2026-09-29,"Wykształcenie średnie, obsługa klienta, sprzedaż, kredyty, pożyczki, ubezpieczenia"
Provident Polska,disqualified,71.6,Doradca / Doradczyni Klienta | Chojnice,high_ticket_b2c,86,junior_ramp,Chojnice,mobile,,junior,rocketjobs.pl,https://rocketjobs.pl/oferta-pracy/provident-polska-doradca-doradczyni-klienta-chojnice-chojnice-sales-finanse-bankowosc-ubezpieczenia-c5ce6a82,2026-09-29,"Wykształcenie średnie, obsługa klienta, sprzedaż, kredyty, pożyczki, ubezpieczenia"
Provident Polska,disqualified,71.6,Doradca / Doradczyni Klienta | Staroźreby,high_ticket_b2c,86,junior_ramp,Staroźreby,mobile,,junior,rocketjobs.pl,https://rocketjobs.pl/oferta-pracy/provident-polska-doradca-doradczyni-klienta-starozreby-starozreby-sales-finanse-bankowosc-ubezpieczenia-0c876d58,2026-09-29,"Wykształcenie średnie, obsługa klienta, sprzedaż, kredyty, pożyczki, ubezpieczenia"
Provident Polska,disqualified,71.6,Doradca / Doradczyni Klienta | Gdańsk,high_ticket_b2c,86,junior_ramp,Gdańsk,mobile,,junior,rocketjobs.pl,https://rocketjobs.pl/oferta-pracy/provident-polska-doradca-doradczyni-klienta-gdansk-gdansk-sales-finanse-bankowosc-ubezpieczenia-87f671e1,2026-09-29,"Wykształcenie średnie, obsługa klienta, sprzedaż, kredyty, pożyczki, ubezpieczenia"
Provident Polska,disqualified,71.6,Doradca / Doradczyni Klienta | Człuchów,high_ticket_b2c,86,junior_ramp,Człuchów,mobile,,junior,rocketjobs.pl,https://rocketjobs.pl/oferta-pracy/provident-polska-doradca-doradczyni-klienta-czluchow-czluchow-sales-finanse-bankowosc-ubezpieczenia-61d65332,2026-09-29,"Wykształcenie średnie, obsługa klienta, sprzedaż, kredyty, pożyczki, ubezpieczenia"
Provident Polska,disqualified,71.6,Doradca / Doradczyni Klienta | Rumia,high_ticket_b2c,86,junior_ramp,Rumia,mobile,,junior,rocketjobs.pl,https://rocketjobs.pl/oferta-pracy/provident-polska-doradca-doradczyni-klienta-rumia-rumia-sales-finanse-bankowosc-ubezpieczenia-f33c98d1,2026-09-29,"Wykształcenie średnie, obsługa klienta, sprzedaż, kredyty, pożyczki, ubezpieczenia"
Provident Polska,disqualified,71.6,Doradca / Doradczyni Klienta | Ożarów Mazowiecki,high_ticket_b2c,86,junior_ramp,Ożarów Mazowiecki,mobile,,junior,rocketjobs.pl,https://rocketjobs.pl/oferta-pracy/provident-polska-doradca-doradczyni-klienta-ozarow-mazowiecki-ozarow-mazowiecki-sales-finanse-bankowosc-ubezpieczenia-0ce17471,2026-09-29,"Wykształcenie średnie, obsługa klienta, sprzedaż, kredyty, pożyczki, ubezpieczenia"
Provident Polska,disqualified,71.6,Doradca / Doradczyni Klienta | Rychnowo,high_ticket_b2c,86,junior_ramp,Rychnowo,mobile,,junior,rocketjobs.pl,https://rocketjobs.pl/oferta-pracy/provident-polska-doradca-doradczyni-klienta-rychnowo-rychnowo-sales-finanse-bankowosc-ubezpieczenia-472d5d02,2026-09-29,"Wykształcenie średnie, obsługa klienta, sprzedaż, kredyty, pożyczki, ubezpieczenia"
Provident Polska,disqualified,71.6,Doradca / Doradczyni Klienta | Gdynia,high_ticket_b2c,86,junior_ramp,Gdynia,mobile,,junior,rocketjobs.pl,https://rocketjobs.pl/oferta-pracy/provident-polska-doradca-doradczyni-klienta-gdynia-gdynia-sales-finanse-bankowosc-ubezpieczenia-6a6328f0,2026-09-29,"Wykształcenie średnie, obsługa klienta, sprzedaż, kredyty, pożyczki, ubezpieczenia"
Provident Polska,disqualified,71.6,Doradca / Doradczyni Klienta | Braniewo,high_ticket_b2c,86,junior_ramp,Braniewo,mobile,,junior,rocketjobs.pl,https://rocketjobs.pl/oferta-pracy/provident-polska-doradca-doradczyni-klienta-braniewo-braniewo-sales-finanse-bankowosc-ubezpieczenia-a6a93ee3,2026-09-29,"Wykształcenie średnie, obsługa klienta, sprzedaż, kredyty, pożyczki, ubezpieczenia"
Provident Polska,disqualified,71.6,Doradca / Doradczyni Klienta | Lidzbark Warmiński,high_ticket_b2c,86,junior_ramp,Lidzbark Warmiński,mobile,,junior,rocketjobs.pl,https://rocketjobs.pl/oferta-pracy/provident-polska-doradca-doradczyni-klienta-lidzbark-warminski-lidzbark-warminski-sales-finanse-bankowosc-ubezpieczenia-dc0a7f3c,2026-09-29,"Wykształcenie średnie, obsługa klienta, sprzedaż, kredyty, pożyczki, ubezpieczenia"
Provident Polska,disqualified,71.6,Doradca / Doradczyni Klienta | Tczew,high_ticket_b2c,86,junior_ramp,Tczew,mobile,,junior,rocketjobs.pl,https://rocketjobs.pl/oferta-pracy/provident-polska-doradca-doradczyni-klienta-tczew-tczew-sales-finanse-bankowosc-ubezpieczenia-404a9913,2026-09-29,"Wykształcenie średnie, obsługa klienta, sprzedaż, kredyty, pożyczki, ubezpieczenia"
Provident Polska,disqualified,71.6,Doradca / Doradczyni Klienta | Żyrardów,high_ticket_b2c,86,junior_ramp,Żyrardów,mobile,,junior,rocketjobs.pl,https://rocketjobs.pl/oferta-pracy/provident-polska-doradca-doradczyni-klienta-zyrardow-zyrardow-sales-finanse-bankowosc-ubezpieczenia-c23ef621,2026-09-29,"Wykształcenie średnie, obsługa klienta, sprzedaż, kredyty, pożyczki, ubezpieczenia"
Provident Polska,disqualified,71.6,Doradca / Doradczyni Klienta | Nowy Dwór Mazowiecki,high_ticket_b2c,86,junior_ramp,Nowy Dwór Mazowiecki,mobile,,junior,rocketjobs.pl,https://rocketjobs.pl/oferta-pracy/provident-polska-doradca-doradczyni-klienta-nowy-dwor-mazowiecki-nowy-dwor-mazowiecki-sales-finanse-bankowosc-ubezpieczenia-3a04d772,2026-09-29,"Wykształcenie średnie, obsługa klienta, sprzedaż, kredyty, pożyczki, ubezpieczenia"
Provident Polska,disqualified,71.6,Doradca / Doradczyni Klienta | Puck,high_ticket_b2c,86,junior_ramp,Puck,mobile,,junior,rocketjobs.pl,https://rocketjobs.pl/oferta-pracy/provident-polska-doradca-doradczyni-klienta-puck-puck-sales-finanse-bankowosc-ubezpieczenia-c81bb27f,2026-09-29,"Wykształcenie średnie, obsługa klienta, sprzedaż, kredyty, pożyczki, ubezpieczenia"
Provident Polska,disqualified,71.6,Doradca / Doradczyni Klienta | Radzymin,high_ticket_b2c,86,junior_ramp,Radzymin,mobile,,junior,rocketjobs.pl,https://rocketjobs.pl/oferta-pracy/provident-polska-doradca-doradczyni-klienta-radzymin-radzymin-sales-finanse-bankowosc-ubezpieczenia-079ddb13,2026-09-29,"Wykształcenie średnie, obsługa klienta, sprzedaż, kredyty, pożyczki, ubezpieczenia"
Provident Polska,disqualified,71.6,Doradca / Doradczyni Klienta | Morąg,high_ticket_b2c,86,junior_ramp,Morąg,mobile,,junior,rocketjobs.pl,https://rocketjobs.pl/oferta-pracy/provident-polska-doradca-doradczyni-klienta-morag-morag-sales-finanse-bankowosc-ubezpieczenia-c38bec19,2026-09-29,"Wykształcenie średnie, obsługa klienta, sprzedaż, kredyty, pożyczki, ubezpieczenia"
Provident Polska,disqualified,71.6,Doradca / Doradczyni Klienta | Słupsk,high_ticket_b2c,86,junior_ramp,Słupsk,mobile,,junior,rocketjobs.pl,https://rocketjobs.pl/oferta-pracy/provident-polska-doradca-doradczyni-klienta-slupsk-slupsk-sales-finanse-bankowosc-ubezpieczenia-e8397631,2026-09-29,"Wykształcenie średnie, obsługa klienta, sprzedaż, kredyty, pożyczki, ubezpieczenia"
Provident Polska,disqualified,71.6,Doradca / Doradczyni Klienta | Wołomin,high_ticket_b2c,86,junior_ramp,Wołomin,mobile,,junior,rocketjobs.pl,https://rocketjobs.pl/oferta-pracy/provident-polska-doradca-doradczyni-klienta-wolomin-wolomin-sales-finanse-bankowosc-ubezpieczenia-a0a01bbc,2026-09-29,"Wykształcenie średnie, obsługa klienta, sprzedaż, kredyty, pożyczki, ubezpieczenia"
Provident Polska,disqualified,71.6,Doradca / Doradczyni Klienta | Ząbki,high_ticket_b2c,86,junior_ramp,Ząbki,mobile,,junior,rocketjobs.pl,https://rocketjobs.pl/oferta-pracy/provident-polska-doradca-doradczyni-klienta-zabki-zabki-sales-finanse-bankowosc-ubezpieczenia-c70d716f,2026-09-29,"Wykształcenie średnie, obsługa klienta, sprzedaż, kredyty, pożyczki, ubezpieczenia"
Provident Polska,disqualified,71.6,Doradca / Doradczyni Klienta | Zambrów,high_ticket_b2c,86,junior_ramp,Zambrów,mobile,,junior,rocketjobs.pl,https://rocketjobs.pl/oferta-pracy/provident-polska-doradca-doradczyni-klienta-zambrow-zambrow-sales-finanse-bankowosc-ubezpieczenia-d8842c53,2026-09-29,"Wykształcenie średnie, obsługa klienta, sprzedaż, kredyty, pożyczki, ubezpieczenia"
Provident Polska,disqualified,71.6,Doradca / Doradczyni Klienta | Piaseczno,high_ticket_b2c,86,junior_ramp,Piaseczno,mobile,,junior,rocketjobs.pl,https://rocketjobs.pl/oferta-pracy/provident-polska-doradca-doradczyni-klienta-piaseczno-piaseczno-sales-finanse-bankowosc-ubezpieczenia-cd951610,2026-09-29,"Wykształcenie średnie, obsługa klienta, sprzedaż, kredyty, pożyczki, ubezpieczenia"
Provident Polska,disqualified,71.6,Doradca / Doradczyni Klienta | Pruszków,high_ticket_b2c,86,junior_ramp,Pruszków,mobile,,junior,rocketjobs.pl,https://rocketjobs.pl/oferta-pracy/provident-polska-doradca-doradczyni-klienta-pruszkow-pruszkow-sales-finanse-bankowosc-ubezpieczenia-c6086b9c,2026-09-29,"Wykształcenie średnie, obsługa klienta, sprzedaż, kredyty, pożyczki, ubezpieczenia"
Provident Polska,disqualified,71.6,Doradca / Doradczyni Klienta | Suwałki,high_ticket_b2c,86,junior_ramp,Suwałki,mobile,,junior,rocketjobs.pl,https://rocketjobs.pl/oferta-pracy/provident-polska-doradca-doradczyni-klienta-suwalki-suwalki-sales-finanse-bankowosc-ubezpieczenia-d8fda992,2026-09-29,"Wykształcenie średnie, obsługa klienta, sprzedaż, kredyty, pożyczki, ubezpieczenia"
Provident Polska,disqualified,71.6,Doradca / Doradczyni Klienta | Bielsk Podlaski,high_ticket_b2c,86,junior_ramp,Bielsk Podlaski,mobile,,junior,rocketjobs.pl,https://rocketjobs.pl/oferta-pracy/provident-polska-doradca-doradczyni-klienta-bielsk-podlaski-bielsk-podlaski-sales-finanse-bankowosc-ubezpieczenia-10449510,2026-09-29,"Wykształcenie średnie, obsługa klienta, sprzedaż, kredyty, pożyczki, ubezpieczenia"
Provident Polska,disqualified,71.6,Doradca / Doradczyni Klienta | Warszawa,high_ticket_b2c,86,junior_ramp,Warszawa,mobile,,junior,rocketjobs.pl,https://rocketjobs.pl/oferta-pracy/provident-polska-doradca-doradczyni-klienta-warszawa-warszawa-sales-finanse-bankowosc-ubezpieczenia-adf4cc56,2026-09-29,"Wykształcenie średnie, obsługa klienta, sprzedaż, kredyty, pożyczki, ubezpieczenia"
Provident Polska,disqualified,71.6,Doradca / Doradczyni Klienta | Augustów,high_ticket_b2c,86,junior_ramp,Augustów,mobile,,junior,rocketjobs.pl,https://rocketjobs.pl/oferta-pracy/provident-polska-doradca-doradczyni-klienta-augustow-augustow-sales-finanse-bankowosc-ubezpieczenia-93475dac,2026-09-29,"Wykształcenie średnie, obsługa klienta, sprzedaż, kredyty, pożyczki, ubezpieczenia"
Provident Polska,disqualified,71.6,Doradca / Doradczyni Klienta | Mońki,high_ticket_b2c,86,junior_ramp,Mońki,mobile,,junior,rocketjobs.pl,https://rocketjobs.pl/oferta-pracy/provident-polska-doradca-doradczyni-klienta-monki-monki-sales-finanse-bankowosc-ubezpieczenia-fe5ebdcd,2026-09-29,"Wykształcenie średnie, obsługa klienta, sprzedaż, kredyty, pożyczki, ubezpieczenia"
Provident Polska,disqualified,71.6,Doradca / Doradczyni Klienta | Milanówek,high_ticket_b2c,86,junior_ramp,Milanówek,mobile,,junior,rocketjobs.pl,https://rocketjobs.pl/oferta-pracy/provident-polska-doradca-doradczyni-klienta-milanowek-milanowek-sales-finanse-bankowosc-ubezpieczenia-bcdfb16c,2026-09-29,"Wykształcenie średnie, obsługa klienta, sprzedaż, kredyty, pożyczki, ubezpieczenia"
Provident Polska,disqualified,71.6,Doradca / Doradczyni Klienta | Grajewo,high_ticket_b2c,86,junior_ramp,Grajewo,mobile,,junior,rocketjobs.pl,https://rocketjobs.pl/oferta-pracy/provident-polska-doradca-doradczyni-klienta-grajewo-grajewo-sales-finanse-bankowosc-ubezpieczenia-298abf10,2026-09-29,"Wykształcenie średnie, obsługa klienta, sprzedaż, kredyty, pożyczki, ubezpieczenia"
Provident Polska,disqualified,71.6,Doradca / Doradczyni Klienta | Bachowice i okolice,high_ticket_b2c,86,junior_ramp,Bachowice,mobile,,junior,rocketjobs.pl,https://rocketjobs.pl/oferta-pracy/provident-polska-doradca-doradczyni-klienta-bachowice-i-okolice-bachowice-sales-finanse-bankowosc-ubezpieczenia,2026-09-15,"Wykształcenie średnie, obsługa klienta, sprzedaż, kredyty, pożyczki, ubezpieczenia"
Provident Polska,disqualified,71.6,Doradca / Doradczyni Klienta | Tłuczań i okolice,high_ticket_b2c,86,junior_ramp,Tłuczań,mobile,,junior,rocketjobs.pl,https://rocketjobs.pl/oferta-pracy/provident-polska-doradca-doradczyni-klienta-tluczan-i-okolice-tluczan-sales-finanse-bankowosc-ubezpieczenia,2026-09-15,"Wykształcenie średnie, obsługa klienta, sprzedaż, kredyty, pożyczki, ubezpieczenia"
Provident Polska,disqualified,71.6,Doradca / Doradczyni Klienta | Przytkowice,high_ticket_b2c,86,junior_ramp,Przytkowice,mobile,,junior,rocketjobs.pl,https://rocketjobs.pl/oferta-pracy/provident-polska-doradca-doradczyni-klienta-przytkowice-przytkowice-sales-finanse-bankowosc-ubezpieczenia-f26f6577,2026-09-15,"Wykształcenie średnie, obsługa klienta, sprzedaż, kredyty, pożyczki, ubezpieczenia"
Provident Polska,disqualified,71.6,Doradca / Doradczyni Klienta | Brzeźnica,high_ticket_b2c,86,junior_ramp,Brzeźnica,mobile,,junior,rocketjobs.pl,https://rocketjobs.pl/oferta-pracy/provident-polska-doradca-doradczyni-klienta-brzeznica-brzeznica-sales-finanse-bankowosc-ubezpieczenia-61523bd4,2026-09-15,"Wykształcenie średnie, obsługa klienta, sprzedaż, kredyty, pożyczki, ubezpieczenia"
Provident Polska,disqualified,71.6,Doradca / Doradczyni Klienta | Sosnowice i okolice,high_ticket_b2c,86,junior_ramp,Sosnowice,mobile,,junior,rocketjobs.pl,https://rocketjobs.pl/oferta-pracy/provident-polska-doradca-doradczyni-klienta-sosnowice-i-okolice-sosnowice-sales-finanse-bankowosc-ubezpieczenia,2026-09-15,"Wykształcenie średnie, obsługa klienta, sprzedaż, kredyty, pożyczki, ubezpieczenia"
Provident Polska,disqualified,71.6,Doradca / Doradczyni Klienta | Kraków - Nowa Huta,high_ticket_b2c,86,junior_ramp,Nowa Huta,mobile,,junior,rocketjobs.pl,https://rocketjobs.pl/oferta-pracy/provident-polska-doradca-doradczyni-klienta-krakow---nowa-huta-nowa-huta-sales-finanse-bankowosc-ubezpieczenia,2026-09-15,"Wykształcenie średnie, obsługa klienta, sprzedaż, kredyty, pożyczki, ubezpieczenia"
Provident Polska,disqualified,71.6,Doradca / Doradczyni Klienta | Bęczyn,high_ticket_b2c,86,junior_ramp,Bęczyn,mobile,,junior,rocketjobs.pl,https://rocketjobs.pl/oferta-pracy/provident-polska-doradca-doradczyni-klienta-beczyn-beczyn-sales-finanse-bankowosc-ubezpieczenia,2026-09-15,"Wykształcenie średnie, obsługa klienta, sprzedaż, kredyty, pożyczki, ubezpieczenia"
Provident Polska,disqualified,71.6,Doradca / Doradczyni Klienta | Nowy Targ  i okolice,high_ticket_b2c,86,junior_ramp,Nowy Targ,mobile,,junior,rocketjobs.pl,https://rocketjobs.pl/oferta-pracy/provident-polska-doradca-doradczyni-klienta-nowy-targ-i-okolice-nowy-targ-sales-finanse-bankowosc-ubezpieczenia,2026-09-15,"Wykształcenie średnie, obsługa klienta, sprzedaż, kredyty, pożyczki, ubezpieczenia"
Provident Polska,disqualified,71.6,Doradca / Doradczyni Klienta | Siemiatycze,high_ticket_b2c,86,junior_ramp,Siemiatycze,mobile,,junior,rocketjobs.pl,https://rocketjobs.pl/oferta-pracy/provident-polska-doradca-doradczyni-klienta-siemiatycze-siemiatycze-sales-finanse-bankowosc-ubezpieczenia-3c613f1a,2026-09-15,"Wykształcenie średnie, obsługa klienta, sprzedaż, kredyty, pożyczki, ubezpieczenia"
Provident Polska,disqualified,71.6,Doradca / Doradczyni Klienta | Nowy Sącz i okolice,high_ticket_b2c,86,junior_ramp,Nowy Sącz,mobile,,junior,rocketjobs.pl,https://rocketjobs.pl/oferta-pracy/provident-polska-doradca-doradczyni-klienta-nowy-sacz-i-okolice-nowy-sacz-sales-finanse-bankowosc-ubezpieczenia,2026-09-15,"Wykształcenie średnie, obsługa klienta, sprzedaż, kredyty, pożyczki, ubezpieczenia"
Provident Polska,disqualified,71.6,Doradca / Doradczyni Klienta | Skoczów,high_ticket_b2c,86,junior_ramp,Skoczów,mobile,,junior,rocketjobs.pl,https://rocketjobs.pl/oferta-pracy/provident-polska-doradca-doradczyni-klienta-skoczow-skoczow-sales-finanse-bankowosc-ubezpieczenia-ddef2364,2026-09-15,"Wykształcenie średnie, obsługa klienta, sprzedaż, kredyty, pożyczki, ubezpieczenia"
Provident Polska,disqualified,71.6,Doradca / Doradczyni Klienta | Biała Podlaska,high_ticket_b2c,86,junior_ramp,Biała Podlaska,mobile,,junior,rocketjobs.pl,https://rocketjobs.pl/oferta-pracy/provident-polska-doradca-doradczyni-klienta-biala-podlaska-biala-podlaska-sales-finanse-bankowosc-ubezpieczenia-59517fce,2026-09-15,"Wykształcenie średnie, obsługa klienta, sprzedaż, kredyty, pożyczki, ubezpieczenia"
Provident Polska,disqualified,71.6,Doradca / Doradczyni Klienta | Łuków,high_ticket_b2c,86,junior_ramp,Łuków,mobile,,junior,rocketjobs.pl,https://rocketjobs.pl/oferta-pracy/provident-polska-doradca-doradczyni-klienta-lukow-lukow-sales-finanse-bankowosc-ubezpieczenia-6a3086e8,2026-09-15,"Wykształcenie średnie, obsługa klienta, sprzedaż, kredyty, pożyczki, ubezpieczenia"
Provident Polska,disqualified,71.6,Doradca / Doradczyni Klienta | Turek,high_ticket_b2c,86,junior_ramp,Turek,mobile,,junior,rocketjobs.pl,https://rocketjobs.pl/oferta-pracy/provident-polska-doradca-doradczyni-klienta-turek-turek-sales-finanse-bankowosc-ubezpieczenia-607d8f42,2026-09-15,"Wykształcenie średnie, obsługa klienta, sprzedaż, kredyty, pożyczki, ubezpieczenia"
Provident Polska,disqualified,71.6,Doradca / Doradczyni Klienta | Błaszki,high_ticket_b2c,86,junior_ramp,Błaszki,mobile,,junior,rocketjobs.pl,https://rocketjobs.pl/oferta-pracy/provident-polska-doradca-doradczyni-klienta-blaszki-blaszki-sales-finanse-bankowosc-ubezpieczenia,2026-09-15,"Wykształcenie średnie, obsługa klienta, sprzedaż, kredyty, pożyczki, ubezpieczenia"
Provident Polska,disqualified,71.6,Doradca / Doradczyni Klienta | Żywiec,high_ticket_b2c,86,junior_ramp,Żywiec,mobile,,junior,rocketjobs.pl,https://rocketjobs.pl/oferta-pracy/provident-polska-doradca-doradczyni-klienta-zywiec-zywiec-sales-finanse-bankowosc-ubezpieczenia-301974ba,2026-09-15,"Wykształcenie średnie, obsługa klienta, sprzedaż, kredyty, pożyczki, ubezpieczenia"
Provident Polska,disqualified,71.6,Doradca / Doradczyni Klienta | Bielsko-Biała,high_ticket_b2c,86,junior_ramp,Bielsko-Biała,mobile,,junior,rocketjobs.pl,https://rocketjobs.pl/oferta-pracy/provident-polska-doradca-doradczyni-klienta-bielsko-biala-bielsko-biala-sales-finanse-bankowosc-ubezpieczenia-cbaf814e,2026-09-15,"Wykształcenie średnie, obsługa klienta, sprzedaż, kredyty, pożyczki, ubezpieczenia"
Provident Polska,disqualified,71.6,Doradca / Doradczyni Klienta | Zagórów,high_ticket_b2c,86,junior_ramp,Zagórów,mobile,,junior,rocketjobs.pl,https://rocketjobs.pl/oferta-pracy/provident-polska-doradca-doradczyni-klienta-zagorow-zagorow-sales-finanse-bankowosc-ubezpieczenia-c2fcacb2,2026-09-15,"Wykształcenie średnie, obsługa klienta, sprzedaż, kredyty, pożyczki, ubezpieczenia"
Provident Polska,disqualified,71.6,Doradca / Doradczyni Klienta | Włodawa,high_ticket_b2c,86,junior_ramp,Włodawa,mobile,,junior,rocketjobs.pl,https://rocketjobs.pl/oferta-pracy/provident-polska-doradca-doradczyni-klienta-wlodawa-wlodawa-sales-finanse-bankowosc-ubezpieczenia-76fe82d1,2026-09-15,"Wykształcenie średnie, obsługa klienta, sprzedaż, kredyty, pożyczki, ubezpieczenia"
Provident Polska,disqualified,71.6,Doradca / Doradczyni Klienta | Radzyń Podlaski,high_ticket_b2c,86,junior_ramp,Radzyń Podlaski,mobile,,junior,rocketjobs.pl,https://rocketjobs.pl/oferta-pracy/provident-polska-doradca-doradczyni-klienta-radzyn-podlaski-radzyn-podlaski-sales-finanse-bankowosc-ubezpieczenia-a4028e3d,2026-09-15,"Wykształcenie średnie, obsługa klienta, sprzedaż, kredyty, pożyczki, ubezpieczenia"
Provident Polska,disqualified,71.6,Doradca / Doradczyni Klienta | Olkusz i okolice,high_ticket_b2c,86,junior_ramp,Olkusz,mobile,,junior,rocketjobs.pl,https://rocketjobs.pl/oferta-pracy/provident-polska-doradca-doradczyni-klienta-olkusz-i-okolice-olkusz-sales-finanse-bankowosc-ubezpieczenia,2026-09-15,"Wykształcenie średnie, obsługa klienta, sprzedaż, kredyty, pożyczki, ubezpieczenia"
Provident Polska,disqualified,71.6,Doradca / Doradczyni Klienta | Rabka-Zdrój i okolice,high_ticket_b2c,86,junior_ramp,Rabka-Zdrój,mobile,,junior,rocketjobs.pl,https://rocketjobs.pl/oferta-pracy/provident-polska-doradca-doradczyni-klienta-rabka-zdroj-i-okolice-rabka-zdroj-sales-finanse-bankowosc-ubezpieczenia,2026-09-15,"Wykształcenie średnie, obsługa klienta, sprzedaż, kredyty, pożyczki, ubezpieczenia"
Provident Polska,disqualified,71.6,Doradca / Doradczyni Klienta | Cieszyn,high_ticket_b2c,86,junior_ramp,Cieszyn,mobile,,junior,rocketjobs.pl,https://rocketjobs.pl/oferta-pracy/provident-polska-doradca-doradczyni-klienta-cieszyn-cieszyn-sales-finanse-bankowosc-ubezpieczenia-f32580a8,2026-09-15,"Wykształcenie średnie, obsługa klienta, sprzedaż, kredyty, pożyczki, ubezpieczenia"
Provident Polska,disqualified,71.6,Doradca / Doradczyni Klienta | Konin,high_ticket_b2c,86,junior_ramp,Konin,mobile,,junior,rocketjobs.pl,https://rocketjobs.pl/oferta-pracy/provident-polska-doradca-doradczyni-klienta-konin-konin-sales-finanse-bankowosc-ubezpieczenia-6287b2e8,2026-09-15,"Wykształcenie średnie, obsługa klienta, sprzedaż, kredyty, pożyczki, ubezpieczenia"
Provident Polska,disqualified,71.6,Doradca / Doradczyni Klienta | Warta,high_ticket_b2c,86,junior_ramp,Warta,mobile,,junior,rocketjobs.pl,https://rocketjobs.pl/oferta-pracy/provident-polska-doradca-doradczyni-klienta-warta-warta-sales-finanse-bankowosc-ubezpieczenia-117bbc19,2026-09-15,"Wykształcenie średnie, obsługa klienta, sprzedaż, kredyty, pożyczki, ubezpieczenia"
Provident Polska,disqualified,71.6,Doradca / Doradczyni Klienta | Tarnów i okolice,high_ticket_b2c,86,junior_ramp,Tarnów,mobile,,junior,rocketjobs.pl,https://rocketjobs.pl/oferta-pracy/provident-polska-doradca-doradczyni-klienta-tarnow-i-okolice-tarnow-sales-finanse-bankowosc-ubezpieczenia,2026-09-15,"Wykształcenie średnie, obsługa klienta, sprzedaż, kredyty, pożyczki, ubezpieczenia"
Provident Polska,disqualified,71.6,Doradca / Doradczyni Klienta | Łosice,high_ticket_b2c,86,junior_ramp,Łosice,mobile,,junior,rocketjobs.pl,https://rocketjobs.pl/oferta-pracy/provident-polska-doradca-doradczyni-klienta-losice-losice-sales-finanse-bankowosc-ubezpieczenia-8f304b01,2026-09-15,"Wykształcenie średnie, obsługa klienta, sprzedaż, kredyty, pożyczki, ubezpieczenia"
Provident Polska,disqualified,71.6,Doradca / Doradczyni Klienta | Milejów,high_ticket_b2c,86,junior_ramp,Milejów,mobile,,junior,rocketjobs.pl,https://rocketjobs.pl/oferta-pracy/provident-polska-doradca-doradczyni-klienta-milejow-milejow-sales-finanse-bankowosc-ubezpieczenia,2026-09-15,"Wykształcenie średnie, obsługa klienta, sprzedaż, kredyty, pożyczki, ubezpieczenia"
Provident Polska,disqualified,71.6,Doradca / Doradczyni Klienta | Grójec,high_ticket_b2c,86,junior_ramp,Grójec,mobile,,junior,rocketjobs.pl,https://rocketjobs.pl/oferta-pracy/provident-polska-doradca-doradczyni-klienta-grojec-grojec-sales-finanse-bankowosc-ubezpieczenia,2026-09-15,"Wykształcenie średnie, obsługa klienta, sprzedaż, kredyty, pożyczki, ubezpieczenia"
Provident Polska,disqualified,71.6,Doradca / Doradczyni Klienta | Sułkowice i okolice,high_ticket_b2c,86,junior_ramp,Sułkowice,mobile,,junior,rocketjobs.pl,https://rocketjobs.pl/oferta-pracy/provident-polska-doradca-doradczyni-klienta-sulkowice-i-okolice-sulkowice-sales-finanse-bankowosc-ubezpieczenia,2026-09-15,"Wykształcenie średnie, obsługa klienta, sprzedaż, kredyty, pożyczki, ubezpieczenia"
Provident Polska,disqualified,71.6,Doradca / Doradczyni Klienta | Nowy Wiśnicz i okolice,high_ticket_b2c,86,junior_ramp,Nowy Wiśnicz,mobile,,junior,rocketjobs.pl,https://rocketjobs.pl/oferta-pracy/provident-polska-doradca-doradczyni-klienta-nowy-wisnicz-i-okolice-nowy-wisnicz-sales-finanse-bankowosc-ubezpieczenia,2026-09-15,"Wykształcenie średnie, obsługa klienta, sprzedaż, kredyty, pożyczki, ubezpieczenia"
Provident Polska,disqualified,71.6,Doradca / Doradczyni Klienta | Siedlce,high_ticket_b2c,86,junior_ramp,Siedlce,mobile,,junior,rocketjobs.pl,https://rocketjobs.pl/oferta-pracy/provident-polska-doradca-doradczyni-klienta-siedlce-siedlce-sales-finanse-bankowosc-ubezpieczenia-2d735843,2026-09-15,"Wykształcenie średnie, obsługa klienta, sprzedaż, kredyty, pożyczki, ubezpieczenia"
Provident Polska,disqualified,71.6,Doradca / Doradczyni Klienta | Zawiercie i okolice,high_ticket_b2c,86,junior_ramp,Zawiercie,mobile,,junior,rocketjobs.pl,https://rocketjobs.pl/oferta-pracy/provident-polska-doradca-doradczyni-klienta-zawiercie-i-okolice-zawiercie-sales-finanse-bankowosc-ubezpieczenia,2026-09-15,"Wykształcenie średnie, obsługa klienta, sprzedaż, kredyty, pożyczki, ubezpieczenia"
Provident Polska,disqualified,71.6,Doradca / Doradczyni Klienta | Mordy,high_ticket_b2c,86,junior_ramp,Mordy,mobile,,junior,rocketjobs.pl,https://rocketjobs.pl/oferta-pracy/provident-polska-doradca-doradczyni-klienta-mordy-mordy-sales-finanse-bankowosc-ubezpieczenia,2026-09-15,"Wykształcenie średnie, obsługa klienta, sprzedaż, kredyty, pożyczki, ubezpieczenia"
Provident Polska,disqualified,71.6,Doradca / Doradczyni Klienta | Chrzanów,high_ticket_b2c,86,junior_ramp,Chrzanów,mobile,,junior,rocketjobs.pl,https://rocketjobs.pl/oferta-pracy/provident-polska-doradca-doradczyni-klienta-chrzanow-chrzanow-sales-finanse-bankowosc-ubezpieczenia-a356b014,2026-09-15,"Wykształcenie średnie, obsługa klienta, sprzedaż, kredyty, pożyczki, ubezpieczenia"
Provident Polska,disqualified,71.6,Doradca / Doradczyni Klienta | Myślenice i okolice,high_ticket_b2c,86,junior_ramp,Myślenice,mobile,,junior,rocketjobs.pl,https://rocketjobs.pl/oferta-pracy/provident-polska-doradca-doradczyni-klienta-myslenice-i-okolice-myslenice-sales-finanse-bankowosc-ubezpieczenia,2026-09-15,"Wykształcenie średnie, obsługa klienta, sprzedaż, kredyty, pożyczki, ubezpieczenia"
Provident Polska,disqualified,71.6,Doradca / Doradczyni Klienta | Dobczyce i okolice,high_ticket_b2c,86,junior_ramp,Dobczyce,mobile,,junior,rocketjobs.pl,https://rocketjobs.pl/oferta-pracy/provident-polska-doradca-doradczyni-klienta-dobczyce-i-okolice-dobczyce-sales-finanse-bankowosc-ubezpieczenia,2026-09-15,"Wykształcenie średnie, obsługa klienta, sprzedaż, kredyty, pożyczki, ubezpieczenia"
Provident Polska,disqualified,71.6,Doradca / Doradczyni Klienta | Limanowa i okolice,high_ticket_b2c,86,junior_ramp,Limanowa,mobile,,junior,rocketjobs.pl,https://rocketjobs.pl/oferta-pracy/provident-polska-doradca-doradczyni-klienta-limanowa-i-okolice-limanowa-sales-finanse-bankowosc-ubezpieczenia,2026-09-15,"Wykształcenie średnie, obsługa klienta, sprzedaż, kredyty, pożyczki, ubezpieczenia"
Provident Polska,disqualified,71.6,Doradca / Doradczyni Klienta | Lublin,high_ticket_b2c,86,junior_ramp,Lublin,mobile,,junior,rocketjobs.pl,https://rocketjobs.pl/oferta-pracy/provident-polska-doradca-doradczyni-klienta-lublin-lublin-sales-finanse-bankowosc-ubezpieczenia-96b2216c,2026-09-15,"Wykształcenie średnie, obsługa klienta, sprzedaż, kredyty, pożyczki, ubezpieczenia"
Provident Polska,disqualified,71.6,Doradca / Doradczyni Klienta | Jaworzno,high_ticket_b2c,86,junior_ramp,Jaworzno,mobile,,junior,rocketjobs.pl,https://rocketjobs.pl/oferta-pracy/provident-polska-doradca-doradczyni-klienta-jaworzno-jaworzno-sales-finanse-bankowosc-ubezpieczenia-62ee61ed,2026-09-15,"Wykształcenie średnie, obsługa klienta, sprzedaż, kredyty, pożyczki, ubezpieczenia"
Provident Polska,disqualified,71.6,Doradca / Doradczyni Klienta | Ślesin,high_ticket_b2c,86,junior_ramp,Ślesin,mobile,,junior,rocketjobs.pl,https://rocketjobs.pl/oferta-pracy/provident-polska-doradca-doradczyni-klienta-slesin-slesin-sales-finanse-bankowosc-ubezpieczenia,2026-09-15,"Wykształcenie średnie, obsługa klienta, sprzedaż, kredyty, pożyczki, ubezpieczenia"
Provident Polska,disqualified,71.6,Doradca / Doradczyni Klienta | Kraków,high_ticket_b2c,86,junior_ramp,Kraków,mobile,,junior,rocketjobs.pl,https://rocketjobs.pl/oferta-pracy/provident-polska-doradca-doradczyni-klienta-krakow-krakow-sales-finanse-bankowosc-ubezpieczenia-ac4a1074,2026-09-15,"Wykształcenie średnie, obsługa klienta, sprzedaż, kredyty, pożyczki, ubezpieczenia"
Provident Polska,disqualified,71.6,Doradca / Doradczyni Klienta | Łęczna,high_ticket_b2c,86,junior_ramp,Łęczna,mobile,,junior,rocketjobs.pl,https://rocketjobs.pl/oferta-pracy/provident-polska-doradca-doradczyni-klienta-leczna-leczna-sales-finanse-bankowosc-ubezpieczenia-0ae1567e,2026-09-15,"Wykształcenie średnie, obsługa klienta, sprzedaż, kredyty, pożyczki, ubezpieczenia"
Provident Polska,disqualified,71.6,Doradca / Doradczyni Klienta | Iwonicz,high_ticket_b2c,86,junior_ramp,Iwonicz,mobile,,junior,rocketjobs.pl,https://rocketjobs.pl/oferta-pracy/provident-polska-doradca-doradczyni-klienta-iwonicz-iwonicz-sales-finanse-bankowosc-ubezpieczenia,2026-09-15,"Wykształcenie średnie, obsługa klienta, sprzedaż, kredyty, pożyczki, ubezpieczenia"
Provident Polska,disqualified,71.6,Doradca / Doradczyni Klienta | Uniejów,high_ticket_b2c,86,junior_ramp,Uniejów,mobile,,junior,rocketjobs.pl,https://rocketjobs.pl/oferta-pracy/provident-polska-doradca-doradczyni-klienta-uniejow-uniejow-sales-finanse-bankowosc-ubezpieczenia,2026-09-15,"Wykształcenie średnie, obsługa klienta, sprzedaż, kredyty, pożyczki, ubezpieczenia"
Provident Polska,disqualified,71.6,Doradca / Doradczyni Klienta | Ustrzyki,high_ticket_b2c,86,junior_ramp,Ustrzyki Dolne,mobile,,junior,rocketjobs.pl,https://rocketjobs.pl/oferta-pracy/provident-polska-doradca-doradczyni-klienta-ustrzyki-ustrzyki-dolne-sales-finanse-bankowosc-ubezpieczenia,2026-09-15,"Wykształcenie średnie, obsługa klienta, sprzedaż, kredyty, pożyczki, ubezpieczenia"
Provident Polska,disqualified,71.6,Doradca / Doradczyni Klienta | Przemyśl i okolice,high_ticket_b2c,86,junior_ramp,Przemyśl,mobile,,junior,rocketjobs.pl,https://rocketjobs.pl/oferta-pracy/provident-polska-doradca-doradczyni-klienta-przemysl-i-okolice-przemysl-sales-finanse-bankowosc-ubezpieczenia,2026-09-15,"Wykształcenie średnie, obsługa klienta, sprzedaż, kredyty, pożyczki, ubezpieczenia"
Provident Polska,disqualified,71.6,Doradca / Doradczyni Klienta | Pruchnik,high_ticket_b2c,86,junior_ramp,Pruchnik,mobile,,junior,rocketjobs.pl,https://rocketjobs.pl/oferta-pracy/provident-polska-doradca-doradczyni-klienta-pruchnik-pruchnik-sales-finanse-bankowosc-ubezpieczenia,2026-09-15,"Wykształcenie średnie, obsługa klienta, sprzedaż, kredyty, pożyczki, ubezpieczenia"
Provident Polska,disqualified,71.6,Doradca / Doradczyni Klienta | Sędziszów Małopolski,high_ticket_b2c,86,junior_ramp,Sędziszów Małopolski,mobile,,junior,rocketjobs.pl,https://rocketjobs.pl/oferta-pracy/provident-polska-doradca-doradczyni-klienta-sedziszow-malopolski-sedziszow-malopolski-sales-finanse-bankowosc-ubezpieczenia-84aed0d9,2026-09-15,"Wykształcenie średnie, obsługa klienta, sprzedaż, kredyty, pożyczki, ubezpieczenia"
Provident Polska,disqualified,71.6,Doradca / Doradczyni Klienta | Solina,high_ticket_b2c,86,junior_ramp,Solina,mobile,,junior,rocketjobs.pl,https://rocketjobs.pl/oferta-pracy/provident-polska-doradca-doradczyni-klienta-solina-solina-sales-finanse-bankowosc-ubezpieczenia,2026-09-15,"Wykształcenie średnie, obsługa klienta, sprzedaż, kredyty, pożyczki, ubezpieczenia"
Provident Polska,disqualified,71.6,Doradca / Doradczyni Klienta | Lesko,high_ticket_b2c,86,junior_ramp,Lesko,mobile,,junior,rocketjobs.pl,https://rocketjobs.pl/oferta-pracy/provident-polska-doradca-doradczyni-klienta-lesko-lesko-sales-finanse-bankowosc-ubezpieczenia-3b5158a4,2026-09-15,"Wykształcenie średnie, obsługa klienta, sprzedaż, kredyty, pożyczki, ubezpieczenia"
Provident Polska,disqualified,71.6,Doradca / Doradczyni Klienta | Radymno,high_ticket_b2c,86,junior_ramp,Radymno,mobile,,junior,rocketjobs.pl,https://rocketjobs.pl/oferta-pracy/provident-polska-doradca-doradczyni-klienta-radymno-radymno-sales-finanse-bankowosc-ubezpieczenia-ccccd76b,2026-09-15,"Wykształcenie średnie, obsługa klienta, sprzedaż, kredyty, pożyczki, ubezpieczenia"
Provident Polska,disqualified,71.6,Doradca / Doradczyni Klienta | Strzyżów i okolice,high_ticket_b2c,86,junior_ramp,Strzyżów,mobile,,junior,rocketjobs.pl,https://rocketjobs.pl/oferta-pracy/provident-polska-doradca-doradczyni-klienta-strzyzow-i-okolice-strzyzow-sales-finanse-bankowosc-ubezpieczenia,2026-09-15,"Wykształcenie średnie, obsługa klienta, sprzedaż, kredyty, pożyczki, ubezpieczenia"
Provident Polska,disqualified,71.6,Doradca / Doradczyni Klienta | Buczek i okolice,high_ticket_b2c,86,junior_ramp,Buczek,mobile,,junior,rocketjobs.pl,https://rocketjobs.pl/oferta-pracy/provident-polska-doradca-doradczyni-klienta-buczek-i-okolice-buczek-sales-finanse-bankowosc-ubezpieczenia,2026-09-15,"Wykształcenie średnie, obsługa klienta, sprzedaż, kredyty, pożyczki, ubezpieczenia"
Provident Polska,disqualified,71.6,Doradca / Doradczyni Klienta | Targowiska,high_ticket_b2c,86,junior_ramp,Targowiska,mobile,,junior,rocketjobs.pl,https://rocketjobs.pl/oferta-pracy/provident-polska-doradca-doradczyni-klienta-targowiska-targowiska-sales-finanse-bankowosc-ubezpieczenia,2026-09-15,"Wykształcenie średnie, obsługa klienta, sprzedaż, kredyty, pożyczki, ubezpieczenia"
Provident Polska,disqualified,71.6,Doradca / Doradczyni Klienta | Nowa Dęba,high_ticket_b2c,86,junior_ramp,Nowa Dęba,mobile,,junior,rocketjobs.pl,https://rocketjobs.pl/oferta-pracy/provident-polska-doradca-doradczyni-klienta-nowa-deba-nowa-deba-sales-finanse-bankowosc-ubezpieczenia-ef7f7b47,2026-09-15,"Wykształcenie średnie, obsługa klienta, sprzedaż, kredyty, pożyczki, ubezpieczenia"
Provident Polska,disqualified,71.6,Doradca / Doradczyni Klienta | Bircza,high_ticket_b2c,86,junior_ramp,Bircza,mobile,,junior,rocketjobs.pl,https://rocketjobs.pl/oferta-pracy/provident-polska-doradca-doradczyni-klienta-bircza-bircza-sales-finanse-bankowosc-ubezpieczenia-4dca7acf,2026-09-15,"Wykształcenie średnie, obsługa klienta, sprzedaż, kredyty, pożyczki, ubezpieczenia"
Provident Polska,disqualified,71.6,Doradca / Doradczyni Klienta | Gmina Jodłowa,high_ticket_b2c,86,junior_ramp,Gmina Jodłowa,mobile,,junior,rocketjobs.pl,https://rocketjobs.pl/oferta-pracy/provident-polska-doradca-doradczyni-klienta-gmina-jodlowa-gmina-jodlowa-sales-finanse-bankowosc-ubezpieczenia,2026-09-15,"Wykształcenie średnie, obsługa klienta, sprzedaż, kredyty, pożyczki, ubezpieczenia"
Provident Polska,disqualified,71.6,Doradca / Doradczyni Klienta | Ryki,high_ticket_b2c,86,junior_ramp,Ryki,mobile,,junior,rocketjobs.pl,https://rocketjobs.pl/oferta-pracy/provident-polska-doradca-doradczyni-klienta-ryki-ryki-sales-finanse-bankowosc-ubezpieczenia,2026-09-15,"Wykształcenie średnie, obsługa klienta, sprzedaż, kredyty, pożyczki, ubezpieczenia"
Provident Polska,disqualified,71.6,Doradca / Doradczyni Klienta | Muszyna,high_ticket_b2c,86,junior_ramp,Muszyna,mobile,,junior,rocketjobs.pl,https://rocketjobs.pl/oferta-pracy/provident-polska-doradca-doradczyni-klienta-muszyna-muszyna-sales-finanse-bankowosc-ubezpieczenia-0173ed2e,2026-09-15,"Wykształcenie średnie, obsługa klienta, sprzedaż, kredyty, pożyczki, ubezpieczenia"
Provident Polska,disqualified,71.6,Doradca / Doradczyni Klienta | Grebów,high_ticket_b2c,86,junior_ramp,Grębów,mobile,,junior,rocketjobs.pl,https://rocketjobs.pl/oferta-pracy/provident-polska-doradca-doradczyni-klienta-grebow-grebow-sales-finanse-bankowosc-ubezpieczenia,2026-09-15,"Wykształcenie średnie, obsługa klienta, sprzedaż, kredyty, pożyczki, ubezpieczenia"
Provident Polska,disqualified,71.6,Doradca / Doradczyni Klienta | Zagórz,high_ticket_b2c,86,junior_ramp,Zagórz,mobile,,junior,rocketjobs.pl,https://rocketjobs.pl/oferta-pracy/provident-polska-doradca-doradczyni-klienta-zagorz-zagorz-sales-finanse-bankowosc-ubezpieczenia,2026-09-15,"Wykształcenie średnie, obsługa klienta, sprzedaż, kredyty, pożyczki, ubezpieczenia"
Provident Polska,disqualified,71.6,Doradca / Doradczyni Klienta | Rymanów,high_ticket_b2c,86,junior_ramp,Rymanów,mobile,,junior,rocketjobs.pl,https://rocketjobs.pl/oferta-pracy/provident-polska-doradca-doradczyni-klienta-rymanow-rymanow-sales-finanse-bankowosc-ubezpieczenia,2026-09-15,"Wykształcenie średnie, obsługa klienta, sprzedaż, kredyty, pożyczki, ubezpieczenia"
Provident Polska,disqualified,71.6,Doradca / Doradczyni Klienta | Sanok,high_ticket_b2c,86,junior_ramp,Sanok,mobile,,junior,rocketjobs.pl,https://rocketjobs.pl/oferta-pracy/provident-polska-doradca-doradczyni-klienta-sanok-sanok-sales-finanse-bankowosc-ubezpieczenia-a7820054,2026-09-15,"Wykształcenie średnie, obsługa klienta, sprzedaż, kredyty, pożyczki, ubezpieczenia"
Provident Polska,disqualified,71.6,Doradca / Doradczyni Klienta | Poddębice,high_ticket_b2c,86,junior_ramp,Poddębice,mobile,,junior,rocketjobs.pl,https://rocketjobs.pl/oferta-pracy/provident-polska-doradca-doradczyni-klienta-poddebice-poddebice-sales-finanse-bankowosc-ubezpieczenia,2026-09-15,"Wykształcenie średnie, obsługa klienta, sprzedaż, kredyty, pożyczki, ubezpieczenia"
Provident Polska,disqualified,71.6,Doradca / Doradczyni Klienta | Jadachy,high_ticket_b2c,86,junior_ramp,Jadachy,mobile,,junior,rocketjobs.pl,https://rocketjobs.pl/oferta-pracy/provident-polska-doradca-doradczyni-klienta-jadachy-jadachy-sales-finanse-bankowosc-ubezpieczenia,2026-09-15,"Wykształcenie średnie, obsługa klienta, sprzedaż, kredyty, pożyczki, ubezpieczenia"
Provident Polska,disqualified,71.6,Doradca / Doradczyni Klienta | Zelów,high_ticket_b2c,86,junior_ramp,Zelów,mobile,,junior,rocketjobs.pl,https://rocketjobs.pl/oferta-pracy/provident-polska-doradca-doradczyni-klienta-zelow-zelow-sales-finanse-bankowosc-ubezpieczenia,2026-09-15,"Wykształcenie średnie, obsługa klienta, sprzedaż, kredyty, pożyczki, ubezpieczenia"
Provident Polska,disqualified,71.6,Doradca / Doradczyni Klienta | Krynica,high_ticket_b2c,86,junior_ramp,Krynica-Zdrój,mobile,,junior,rocketjobs.pl,https://rocketjobs.pl/oferta-pracy/provident-polska-doradca-doradczyni-klienta-krynica-krynica-zdroj-sales-finanse-bankowosc-ubezpieczenia-923e7755,2026-09-15,"Wykształcenie średnie, obsługa klienta, sprzedaż, kredyty, pożyczki, ubezpieczenia"
Provident Polska,disqualified,71.6,Doradca / Doradczyni Klienta | Iwonicz Zdrój,high_ticket_b2c,86,junior_ramp,Iwonicz-Zdrój,mobile,,junior,rocketjobs.pl,https://rocketjobs.pl/oferta-pracy/provident-polska-doradca-doradczyni-klienta-iwonicz-zdroj-iwonicz-zdroj-sales-finanse-bankowosc-ubezpieczenia-ee3c0386,2026-09-15,"Wykształcenie średnie, obsługa klienta, sprzedaż, kredyty, pożyczki, ubezpieczenia"
Provident Polska,disqualified,71.6,Doradca / Doradczyni Klienta | Krosno,high_ticket_b2c,86,junior_ramp,Krosno,mobile,,junior,rocketjobs.pl,https://rocketjobs.pl/oferta-pracy/provident-polska-doradca-doradczyni-klienta-krosno-krosno-sales-finanse-bankowosc-ubezpieczenia-361ff379,2026-09-15,"Wykształcenie średnie, obsługa klienta, sprzedaż, kredyty, pożyczki, ubezpieczenia"
Provident Polska,disqualified,71.6,Doradca / Doradczyni Klienta | Bogoria,high_ticket_b2c,86,junior_ramp,Bogoria,mobile,,junior,rocketjobs.pl,https://rocketjobs.pl/oferta-pracy/provident-polska-doradca-doradczyni-klienta-bogoria-bogoria-sales-finanse-bankowosc-ubezpieczenia,2026-09-15,"Wykształcenie średnie, obsługa klienta, sprzedaż, kredyty, pożyczki, ubezpieczenia"
Provident Polska,disqualified,71.6,Doradca / Doradczyni Klienta | Krzeszów,high_ticket_b2c,86,junior_ramp,Krzeszów,mobile,,junior,rocketjobs.pl,https://rocketjobs.pl/oferta-pracy/provident-polska-doradca-doradczyni-klienta-krzeszow-krzeszow-sales-finanse-bankowosc-ubezpieczenia,2026-09-15,"Wykształcenie średnie, obsługa klienta, sprzedaż, kredyty, pożyczki, ubezpieczenia"
Provident Polska,disqualified,71.6,Doradca / Doradczyni Klienta | Biecz,high_ticket_b2c,86,junior_ramp,Biecz,mobile,,junior,rocketjobs.pl,https://rocketjobs.pl/oferta-pracy/provident-polska-doradca-doradczyni-klienta-biecz-biecz-sales-finanse-bankowosc-ubezpieczenia-7aa97919,2026-09-15,"Wykształcenie średnie, obsługa klienta, sprzedaż, kredyty, pożyczki, ubezpieczenia"
Provident Polska,disqualified,71.6,Doradca / Doradczyni Klienta | Wojaszówka,high_ticket_b2c,86,junior_ramp,Wojaszówka,mobile,,junior,rocketjobs.pl,https://rocketjobs.pl/oferta-pracy/provident-polska-doradca-doradczyni-klienta-wojaszowka-wojaszowka-sales-finanse-bankowosc-ubezpieczenia,2026-09-15,"Wykształcenie średnie, obsługa klienta, sprzedaż, kredyty, pożyczki, ubezpieczenia"
Provident Polska,disqualified,71.6,Doradca / Doradczyni Klienta | Rymanów Zdrój,high_ticket_b2c,86,junior_ramp,Rymanów-Zdrój,mobile,,junior,rocketjobs.pl,https://rocketjobs.pl/oferta-pracy/provident-polska-doradca-doradczyni-klienta-rymanow-zdroj-rymanow-zdroj-sales-finanse-bankowosc-ubezpieczenia-f738a1ee,2026-09-15,"Wykształcenie średnie, obsługa klienta, sprzedaż, kredyty, pożyczki, ubezpieczenia"
Provident Polska,disqualified,71.6,Doradca / Doradczyni Klienta | Brzozów,high_ticket_b2c,86,junior_ramp,Brzozów,mobile,,junior,rocketjobs.pl,https://rocketjobs.pl/oferta-pracy/provident-polska-doradca-doradczyni-klienta-brzozow-brzozow-sales-finanse-bankowosc-ubezpieczenia-59eb6640,2026-09-15,"Wykształcenie średnie, obsługa klienta, sprzedaż, kredyty, pożyczki, ubezpieczenia"
Provident Polska,disqualified,71.6,Doradca / Doradczyni Klienta | Kunów,high_ticket_b2c,86,junior_ramp,Kunów,mobile,,junior,rocketjobs.pl,https://rocketjobs.pl/oferta-pracy/provident-polska-doradca-doradczyni-klienta-kunow-kunow-sales-finanse-bankowosc-ubezpieczenia,2026-09-15,"Wykształcenie średnie, obsługa klienta, sprzedaż, kredyty, pożyczki, ubezpieczenia"
Provident Polska,disqualified,71.6,Doradca / Doradczyni Klienta | Sosnowiec,high_ticket_b2c,86,junior_ramp,Sosnowiec,mobile,,junior,rocketjobs.pl,https://rocketjobs.pl/oferta-pracy/provident-polska-doradca-doradczyni-klienta-sosnowiec-sosnowiec-sales-finanse-bankowosc-ubezpieczenia-4133c3c5,2026-09-15,"Wykształcenie średnie, obsługa klienta, sprzedaż, kredyty, pożyczki, ubezpieczenia"
Provident Polska,disqualified,71.6,Doradca / Doradczyni Klienta | Nisko,high_ticket_b2c,86,junior_ramp,Nisko,mobile,,junior,rocketjobs.pl,https://rocketjobs.pl/oferta-pracy/provident-polska-doradca-doradczyni-klienta-nisko-nisko-sales-finanse-bankowosc-ubezpieczenia,2026-09-15,"Wykształcenie średnie, obsługa klienta, sprzedaż, kredyty, pożyczki, ubezpieczenia"
Provident Polska,disqualified,71.6,Doradca / Doradczyni Klienta | Rudnik nad Sanem,high_ticket_b2c,86,junior_ramp,Rudnik nad Sanem,mobile,,junior,rocketjobs.pl,https://rocketjobs.pl/oferta-pracy/provident-polska-doradca-doradczyni-klienta-rudnik-nad-sanem-rudnik-nad-sanem-sales-finanse-bankowosc-ubezpieczenia,2026-09-15,"Wykształcenie średnie, obsługa klienta, sprzedaż, kredyty, pożyczki, ubezpieczenia"
Provident Polska,disqualified,71.6,Doradca / Doradczyni Klienta | Szydłów,high_ticket_b2c,86,junior_ramp,Szydłów,mobile,,junior,rocketjobs.pl,https://rocketjobs.pl/oferta-pracy/provident-polska-doradca-doradczyni-klienta-szydlow-szydlow-sales-finanse-bankowosc-ubezpieczenia,2026-09-15,"Wykształcenie średnie, obsługa klienta, sprzedaż, kredyty, pożyczki, ubezpieczenia"
Provident Polska,disqualified,71.6,Doradca / Doradczyni Klienta | Raków,high_ticket_b2c,86,junior_ramp,Raków,mobile,,junior,rocketjobs.pl,https://rocketjobs.pl/oferta-pracy/provident-polska-doradca-doradczyni-klienta-rakow-rakow-sales-finanse-bankowosc-ubezpieczenia-a508b9ea,2026-09-15,"Wykształcenie średnie, obsługa klienta, sprzedaż, kredyty, pożyczki, ubezpieczenia"
Provident Polska,disqualified,71.6,Doradca / Doradczyni Klienta | Harasiuki,high_ticket_b2c,86,junior_ramp,Harasiuki,mobile,,junior,rocketjobs.pl,https://rocketjobs.pl/oferta-pracy/provident-polska-doradca-doradczyni-klienta-harasiuki-harasiuki-sales-finanse-bankowosc-ubezpieczenia,2026-09-15,"Wykształcenie średnie, obsługa klienta, sprzedaż, kredyty, pożyczki, ubezpieczenia"
Provident Polska,disqualified,71.6,Doradca / Doradczyni Klienta | Stalowa Wola,high_ticket_b2c,86,junior_ramp,Stalowa Wola,mobile,,junior,rocketjobs.pl,https://rocketjobs.pl/oferta-pracy/provident-polska-doradca-doradczyni-klienta-stalowa-wola-stalowa-wola-sales-finanse-bankowosc-ubezpieczenia-bac2a397,2026-09-15,"Wykształcenie średnie, obsługa klienta, sprzedaż, kredyty, pożyczki, ubezpieczenia"
Provident Polska,disqualified,71.6,Doradca / Doradczyni Klienta | Ostrowiec Świętokrzyski,high_ticket_b2c,86,junior_ramp,Ostrowiec Świętokrzyski,mobile,,junior,rocketjobs.pl,https://rocketjobs.pl/oferta-pracy/provident-polska-doradca-doradczyni-klienta-ostrowiec-swietokrzyski-ostrowiec-swietokrzyski-sales-finanse-bankowosc-ubezpieczenia-deb5f300,2026-09-15,"Wykształcenie średnie, obsługa klienta, sprzedaż, kredyty, pożyczki, ubezpieczenia"
Provident Polska,disqualified,71.6,Doradca / Doradczyni Klienta | Korczyn,high_ticket_b2c,86,junior_ramp,Korczyn,mobile,,junior,rocketjobs.pl,https://rocketjobs.pl/oferta-pracy/provident-polska-doradca-doradczyni-klienta-korczyn-korczyn-sales-finanse-bankowosc-ubezpieczenia,2026-09-15,"Wykształcenie średnie, obsługa klienta, sprzedaż, kredyty, pożyczki, ubezpieczenia"
Provident Polska,disqualified,71.6,Doradca / Doradczyni Klienta | Żeglce,high_ticket_b2c,86,junior_ramp,Żeglce,mobile,,junior,rocketjobs.pl,https://rocketjobs.pl/oferta-pracy/provident-polska-doradca-doradczyni-klienta-zeglce-zeglce-sales-finanse-bankowosc-ubezpieczenia,2026-09-15,"Wykształcenie średnie, obsługa klienta, sprzedaż, kredyty, pożyczki, ubezpieczenia"
Provident Polska,disqualified,71.6,Doradca / Doradczyni Klienta | Zawiercie,high_ticket_b2c,86,junior_ramp,Zawiercie,mobile,,junior,rocketjobs.pl,https://rocketjobs.pl/oferta-pracy/provident-polska-doradca-doradczyni-klienta-zawiercie-zawiercie-sales-finanse-bankowosc-ubezpieczenia-0df2a7ea,2026-09-15,"Wykształcenie średnie, obsługa klienta, sprzedaż, kredyty, pożyczki, ubezpieczenia"
Provident Polska,disqualified,71.6,Doradca / Doradczyni Klienta | Waśniów,high_ticket_b2c,86,junior_ramp,Waśniów,mobile,,junior,rocketjobs.pl,https://rocketjobs.pl/oferta-pracy/provident-polska-doradca-doradczyni-klienta-wasniow-wasniow-sales-finanse-bankowosc-ubezpieczenia,2026-09-15,"Wykształcenie średnie, obsługa klienta, sprzedaż, kredyty, pożyczki, ubezpieczenia"
Provident Polska,disqualified,71.6,Doradca / Doradczyni Klienta | Nowy Żmigród,high_ticket_b2c,86,junior_ramp,Nowy Żmigród,mobile,,junior,rocketjobs.pl,https://rocketjobs.pl/oferta-pracy/provident-polska-doradca-doradczyni-klienta-nowy-zmigrod-nowy-zmigrod-sales-finanse-bankowosc-ubezpieczenia,2026-09-15,"Wykształcenie średnie, obsługa klienta, sprzedaż, kredyty, pożyczki, ubezpieczenia"
Provident Polska,disqualified,71.6,Doradca / Doradczyni Klienta | Szczytnica i okolice,high_ticket_b2c,86,junior_ramp,Szczytnica,mobile,,junior,rocketjobs.pl,https://rocketjobs.pl/oferta-pracy/provident-polska-doradca-doradczyni-klienta-szczytnica-i-okolice-szczytnica-sales-finanse-bankowosc-ubezpieczenia,2026-09-15,"Wykształcenie średnie, obsługa klienta, sprzedaż, kredyty, pożyczki, ubezpieczenia"
Provident Polska,disqualified,71.6,Doradca / Doradczyni Klienta | Kańczuga,high_ticket_b2c,86,junior_ramp,Kańczuga,mobile,,junior,rocketjobs.pl,https://rocketjobs.pl/oferta-pracy/provident-polska-doradca-doradczyni-klienta-kanczuga-kanczuga-sales-finanse-bankowosc-ubezpieczenia-23ae43af,2026-09-15,"Wykształcenie średnie, obsługa klienta, sprzedaż, kredyty, pożyczki, ubezpieczenia"
Provident Polska,disqualified,71.6,Doradca / Doradczyni Klienta | Jędrzejów,high_ticket_b2c,86,junior_ramp,Jędrzejów,mobile,,junior,rocketjobs.pl,https://rocketjobs.pl/oferta-pracy/provident-polska-doradca-doradczyni-klienta-jedrzejow-jedrzejow-sales-finanse-bankowosc-ubezpieczenia,2026-09-15,"Wykształcenie średnie, obsługa klienta, sprzedaż, kredyty, pożyczki, ubezpieczenia"
Provident Polska,disqualified,71.6,Doradca / Doradczyni Klienta | Jelenia Góra i okolice,high_ticket_b2c,86,junior_ramp,Jelenia Góra,mobile,,junior,rocketjobs.pl,https://rocketjobs.pl/oferta-pracy/provident-polska-doradca-doradczyni-klienta-jelenia-gora-i-okolice-jelenia-gora-sales-finanse-bankowosc-ubezpieczenia,2026-09-15,"Wykształcenie średnie, obsługa klienta, sprzedaż, kredyty, pożyczki, ubezpieczenia"
Provident Polska,disqualified,71.6,Doradca / Doradczyni Klienta | Dębowiec,high_ticket_b2c,86,junior_ramp,Dębowiec,mobile,,junior,rocketjobs.pl,https://rocketjobs.pl/oferta-pracy/provident-polska-doradca-doradczyni-klienta-debowiec-debowiec-sales-finanse-bankowosc-ubezpieczenia-0b2deb67,2026-09-15,"Wykształcenie średnie, obsługa klienta, sprzedaż, kredyty, pożyczki, ubezpieczenia"
Provident Polska,disqualified,71.6,Doradca / Doradczyni Klienta | Kielce,high_ticket_b2c,86,junior_ramp,Kielce,mobile,,junior,rocketjobs.pl,https://rocketjobs.pl/oferta-pracy/provident-polska-doradca-doradczyni-klienta-kielce-kielce-sales-finanse-bankowosc-ubezpieczenia,2026-09-15,"Wykształcenie średnie, obsługa klienta, sprzedaż, kredyty, pożyczki, ubezpieczenia"
Provident Polska,disqualified,71.6,Doradca / Doradczyni Klienta | Przeworsk,high_ticket_b2c,86,junior_ramp,Przeworsk,mobile,,junior,rocketjobs.pl,https://rocketjobs.pl/oferta-pracy/provident-polska-doradca-doradczyni-klienta-przeworsk-przeworsk-sales-finanse-bankowosc-ubezpieczenia-618f1335,2026-09-15,"Wykształcenie średnie, obsługa klienta, sprzedaż, kredyty, pożyczki, ubezpieczenia"
Provident Polska,disqualified,71.6,Doradca / Doradczyni Klienta | Cieplice Śląskie-Zdrój i okolice,high_ticket_b2c,86,junior_ramp,Cieplice Śląskie-Zdrój,mobile,,junior,rocketjobs.pl,https://rocketjobs.pl/oferta-pracy/provident-polska-doradca-doradczyni-klienta-cieplice-slaskie-zdroj-i-okolice-cieplice-slaskie-zdroj-sales-finanse-bankowosc-ubezpieczenia,2026-09-15,"Wykształcenie średnie, obsługa klienta, sprzedaż, kredyty, pożyczki, ubezpieczenia"
Provident Polska,disqualified,71.6,Doradca / Doradczyni Klienta | Łańcut,high_ticket_b2c,86,junior_ramp,Łańcut,mobile,,junior,rocketjobs.pl,https://rocketjobs.pl/oferta-pracy/provident-polska-doradca-doradczyni-klienta-lancut-lancut-sales-finanse-bankowosc-ubezpieczenia-2f802960,2026-09-15,"Wykształcenie średnie, obsługa klienta, sprzedaż, kredyty, pożyczki, ubezpieczenia"
Provident Polska,disqualified,71.6,Doradca / Doradczyni Klienta | Łódź,high_ticket_b2c,86,junior_ramp,Łódź,mobile,,junior,rocketjobs.pl,https://rocketjobs.pl/oferta-pracy/provident-polska-doradca-doradczyni-klienta-lodz-lodz-sales-finanse-bankowosc-ubezpieczenia-53b618a3,2026-09-15,"Wykształcenie średnie, obsługa klienta, sprzedaż, kredyty, pożyczki, ubezpieczenia"
Provident Polska,disqualified,71.6,Doradca / Doradczyni Klienta | Złotoryja i okolice,high_ticket_b2c,86,junior_ramp,Złotoryja,mobile,,junior,rocketjobs.pl,https://rocketjobs.pl/oferta-pracy/provident-polska-doradca-doradczyni-klienta-zlotoryja-i-okolice-zlotoryja-sales-finanse-bankowosc-ubezpieczenia,2026-09-15,"Wykształcenie średnie, obsługa klienta, sprzedaż, kredyty, pożyczki, ubezpieczenia"
Provident Polska,disqualified,71.6,Doradca / Doradczyni Klienta | Błażowa,high_ticket_b2c,86,junior_ramp,Błażowa,mobile,,junior,rocketjobs.pl,https://rocketjobs.pl/oferta-pracy/provident-polska-doradca-doradczyni-klienta-blazowa-blazowa-sales-finanse-bankowosc-ubezpieczenia-1bc31e5d,2026-09-15,"Wykształcenie średnie, obsługa klienta, sprzedaż, kredyty, pożyczki, ubezpieczenia"
Provident Polska,disqualified,71.6,Doradca / Doradczyni Klienta | Lwówek Śląski i okolice,high_ticket_b2c,86,junior_ramp,Lwówek Śląski,mobile,,junior,rocketjobs.pl,https://rocketjobs.pl/oferta-pracy/provident-polska-doradca-doradczyni-klienta-lwowek-slaski-i-okolice-lwowek-slaski-sales-finanse-bankowosc-ubezpieczenia,2026-09-15,"Wykształcenie średnie, obsługa klienta, sprzedaż, kredyty, pożyczki, ubezpieczenia"
Provident Polska,disqualified,71.6,Doradca / Doradczyni Klienta | Radom,high_ticket_b2c,86,junior_ramp,Radom,mobile,,junior,rocketjobs.pl,https://rocketjobs.pl/oferta-pracy/provident-polska-doradca-doradczyni-klienta-radom-radom-sales-finanse-bankowosc-ubezpieczenia-84630ead,2026-09-15,"Wykształcenie średnie, obsługa klienta, sprzedaż, kredyty, pożyczki, ubezpieczenia"
Provident Polska,disqualified,71.6,Doradca / Doradczyni Klienta | Stara Kamienica i okolice,high_ticket_b2c,86,junior_ramp,Stara Kamienica,mobile,,junior,rocketjobs.pl,https://rocketjobs.pl/oferta-pracy/provident-polska-doradca-doradczyni-klienta-stara-kamienica-i-okolice-stara-kamienica-sales-finanse-bankowosc-ubezpieczenia,2026-09-15,"Wykształcenie średnie, obsługa klienta, sprzedaż, kredyty, pożyczki, ubezpieczenia"
Provident Polska,disqualified,71.6,Doradca / Doradczyni Klienta | Bolesławiec i okolice,high_ticket_b2c,86,junior_ramp,Bolesławiec,mobile,,junior,rocketjobs.pl,https://rocketjobs.pl/oferta-pracy/provident-polska-doradca-doradczyni-klienta-boleslawiec-i-okolice-boleslawiec-sales-finanse-bankowosc-ubezpieczenia,2026-09-15,"Wykształcenie średnie, obsługa klienta, sprzedaż, kredyty, pożyczki, ubezpieczenia"
Provident Polska,disqualified,71.6,Doradca / Doradczyni Klienta | Tyczyn,high_ticket_b2c,86,junior_ramp,Tyczyn,mobile,,junior,rocketjobs.pl,https://rocketjobs.pl/oferta-pracy/provident-polska-doradca-doradczyni-klienta-tyczyn-tyczyn-sales-finanse-bankowosc-ubezpieczenia-586e9477,2026-09-15,"Wykształcenie średnie, obsługa klienta, sprzedaż, kredyty, pożyczki, ubezpieczenia"
Provident Polska,disqualified,71.6,Doradca / Doradczyni Klienta | Osiek Jasielski,high_ticket_b2c,86,junior_ramp,Osiek Jasielski,mobile,,junior,rocketjobs.pl,https://rocketjobs.pl/oferta-pracy/provident-polska-doradca-doradczyni-klienta-osiek-jasielski-osiek-jasielski-sales-finanse-bankowosc-ubezpieczenia-ca2d4dd2,2026-09-15,"Wykształcenie średnie, obsługa klienta, sprzedaż, kredyty, pożyczki, ubezpieczenia"
Provident Polska,disqualified,71.6,Doradca / Doradczyni Klienta | Raciborowice i okolice,high_ticket_b2c,86,junior_ramp,Raciborowice,mobile,,junior,rocketjobs.pl,https://rocketjobs.pl/oferta-pracy/provident-polska-doradca-doradczyni-klienta-raciborowice-i-okolice-raciborowice-sales-finanse-bankowosc-ubezpieczenia,2026-09-15,"Wykształcenie średnie, obsługa klienta, sprzedaż, kredyty, pożyczki, ubezpieczenia"
Provident Polska,disqualified,71.6,Doradca / Doradczyni Klienta | Rzeszów,high_ticket_b2c,86,junior_ramp,Rzeszów,mobile,,junior,rocketjobs.pl,https://rocketjobs.pl/oferta-pracy/provident-polska-doradca-doradczyni-klienta-rzeszow-rzeszow-sales-finanse-bankowosc-ubezpieczenia-774b4cff,2026-09-15,"Wykształcenie średnie, obsługa klienta, sprzedaż, kredyty, pożyczki, ubezpieczenia"
Provident Polska,disqualified,71.6,Doradca / Doradczyni Klienta | Głogów,high_ticket_b2c,86,junior_ramp,Głogów,mobile,,junior,rocketjobs.pl,https://rocketjobs.pl/oferta-pracy/provident-polska-doradca-doradczyni-klienta-glogow-glogow-sales-finanse-bankowosc-ubezpieczenia-88249a8f,2026-09-15,"Wykształcenie średnie, obsługa klienta, sprzedaż, kredyty, pożyczki, ubezpieczenia"
Provident Polska,disqualified,71.6,Doradca / Doradczyni Klienta | Ostrów Wielkopolski,high_ticket_b2c,86,junior_ramp,Ostrów Wielkopolski,mobile,,junior,rocketjobs.pl,https://rocketjobs.pl/oferta-pracy/provident-polska-doradca-doradczyni-klienta-ostrow-wielkopolski-ostrow-wielkopolski-sales-finanse-bankowosc-ubezpieczenia-541d4e83,2026-09-15,"Wykształcenie średnie, obsługa klienta, sprzedaż, kredyty, pożyczki, ubezpieczenia"
Provident Polska,disqualified,71.6,Doradca / Doradczyni Klienta | Ostrzeszów,high_ticket_b2c,86,junior_ramp,Ostrzeszów,mobile,,junior,rocketjobs.pl,https://rocketjobs.pl/oferta-pracy/provident-polska-doradca-doradczyni-klienta-ostrzeszow-ostrzeszow-sales-finanse-bankowosc-ubezpieczenia-42a38487,2026-09-15,"Wykształcenie średnie, obsługa klienta, sprzedaż, kredyty, pożyczki, ubezpieczenia"
Provident Polska,disqualified,71.6,Doradca / Doradczyni Klienta | Lubin,high_ticket_b2c,86,junior_ramp,Lubin,mobile,,junior,rocketjobs.pl,https://rocketjobs.pl/oferta-pracy/provident-polska-doradca-doradczyni-klienta-lubin-lubin-sales-finanse-bankowosc-ubezpieczenia-b98e9a44,2026-09-15,"Wykształcenie średnie, obsługa klienta, sprzedaż, kredyty, pożyczki, ubezpieczenia"
Provident Polska,disqualified,71.6,Doradca / Doradczyni Klienta | Opole,high_ticket_b2c,86,junior_ramp,Opole,mobile,,junior,rocketjobs.pl,https://rocketjobs.pl/oferta-pracy/provident-polska-doradca-doradczyni-klienta-opole-opole-sales-finanse-bankowosc-ubezpieczenia-e744eff1,2026-09-15,"Wykształcenie średnie, obsługa klienta, sprzedaż, kredyty, pożyczki, ubezpieczenia"
Provident Polska,disqualified,71.6,Doradca / Doradczyni Klienta | Strzelce Opolskie,high_ticket_b2c,86,junior_ramp,Strzelce Opolskie,mobile,,junior,rocketjobs.pl,https://rocketjobs.pl/oferta-pracy/provident-polska-doradca-doradczyni-klienta-strzelce-opolskie-strzelce-opolskie-sales-finanse-bankowosc-ubezpieczenia-b395c75a,2026-09-15,"Wykształcenie średnie, obsługa klienta, sprzedaż, kredyty, pożyczki, ubezpieczenia"
Provident Polska,disqualified,71.6,Doradca / Doradczyni Klienta | Kędzierzyn Koźle,high_ticket_b2c,86,junior_ramp,Kędzierzyn-Koźle,mobile,,junior,rocketjobs.pl,https://rocketjobs.pl/oferta-pracy/provident-polska-doradca-doradczyni-klienta-kedzierzyn-kozle-kedzierzyn-kozle-sales-finanse-bankowosc-ubezpieczenia-26ea4746,2026-09-15,"Wykształcenie średnie, obsługa klienta, sprzedaż, kredyty, pożyczki, ubezpieczenia"
Provident Polska,disqualified,71.6,Doradca / Doradczyni Klienta | Niemodlin,high_ticket_b2c,86,junior_ramp,Niemodlin,mobile,,junior,rocketjobs.pl,https://rocketjobs.pl/oferta-pracy/provident-polska-doradca-doradczyni-klienta-niemodlin-niemodlin-sales-finanse-bankowosc-ubezpieczenia-f54ec5ad,2026-09-15,"Wykształcenie średnie, obsługa klienta, sprzedaż, kredyty, pożyczki, ubezpieczenia"
Provident Polska,disqualified,71.6,Doradca / Doradczyni Klienta | Środa Śląska,high_ticket_b2c,86,junior_ramp,Środa Śląska,mobile,,junior,rocketjobs.pl,https://rocketjobs.pl/oferta-pracy/provident-polska-doradca-doradczyni-klienta-sroda-slaska-sroda-slaska-sales-finanse-bankowosc-ubezpieczenia,2026-09-15,"Wykształcenie średnie, obsługa klienta, sprzedaż, kredyty, pożyczki, ubezpieczenia"
Provident Polska,disqualified,71.6,Doradca / Doradczyni Klienta | Wrocław,high_ticket_b2c,86,junior_ramp,Wrocław,mobile,,junior,rocketjobs.pl,https://rocketjobs.pl/oferta-pracy/provident-polska-doradca-doradczyni-klienta-wroclaw-wroclaw-sales-finanse-bankowosc-ubezpieczenia-e1f737df,2026-09-15,"Wykształcenie średnie, obsługa klienta, sprzedaż, kredyty, pożyczki, ubezpieczenia"
Provident Polska,disqualified,71.6,Doradca / Doradczyni Klienta | Polkowice,high_ticket_b2c,86,junior_ramp,Polkowice,mobile,,junior,rocketjobs.pl,https://rocketjobs.pl/oferta-pracy/provident-polska-doradca-doradczyni-klienta-polkowice-polkowice-sales-finanse-bankowosc-ubezpieczenia-c5ff623d,2026-09-15,"Wykształcenie średnie, obsługa klienta, sprzedaż, kredyty, pożyczki, ubezpieczenia"
Provident Polska,disqualified,71.6,Doradca / Doradczyni Klienta | Wierzchlas,high_ticket_b2c,86,junior_ramp,Wierzchlas,mobile,,junior,rocketjobs.pl,https://rocketjobs.pl/oferta-pracy/provident-polska-doradca-doradczyni-klienta-wierzchlas-wierzchlas-sales-finanse-bankowosc-ubezpieczenia-bc709c4c,2026-09-14,"Wykształcenie średnie, obsługa klienta, sprzedaż, kredyty, pożyczki, ubezpieczenia"
Provident Polska,disqualified,71.6,Doradca / Doradczyni Klienta | Pajęczno,high_ticket_b2c,86,junior_ramp,Pajęczno,mobile,,junior,rocketjobs.pl,https://rocketjobs.pl/oferta-pracy/provident-polska-doradca-doradczyni-klienta-pajeczno-pajeczno-sales-finanse-bankowosc-ubezpieczenia-ebd15082,2026-09-14,"Wykształcenie średnie, obsługa klienta, sprzedaż, kredyty, pożyczki, ubezpieczenia"
Provident Polska,disqualified,71.6,Doradca / Doradczyni Klienta | Rudniki,high_ticket_b2c,86,junior_ramp,Rudniki,mobile,,junior,rocketjobs.pl,https://rocketjobs.pl/oferta-pracy/provident-polska-doradca-doradczyni-klienta-rudniki-rudniki-sales-finanse-bankowosc-ubezpieczenia-119119df,2026-09-14,"Wykształcenie średnie, obsługa klienta, sprzedaż, kredyty, pożyczki, ubezpieczenia"
Provident Polska,disqualified,71.6,Doradca / Doradczyni Klienta | Szczecinek,high_ticket_b2c,86,junior_ramp,Szczecinek,mobile,,junior,rocketjobs.pl,https://rocketjobs.pl/oferta-pracy/provident-polska-doradca-doradczyni-klienta-szczecinek-szczecinek-sales-finanse-bankowosc-ubezpieczenia-4ddb2a6d,2026-09-14,"Wykształcenie średnie, obsługa klienta, sprzedaż, kredyty, pożyczki, ubezpieczenia"
Provident Polska,disqualified,71.6,Doradca / Doradczyni Klienta | Goczałkowice i okolice,high_ticket_b2c,86,junior_ramp,Goczałkowice-Zdrój,mobile,,junior,rocketjobs.pl,https://rocketjobs.pl/oferta-pracy/provident-polska-doradca-doradczyni-klienta-goczalkowice-i-okolice-goczalkowice-zdroj-sales-finanse-bankowosc-ubezpieczenia,2026-09-14,"Wykształcenie średnie, obsługa klienta, sprzedaż, kredyty, pożyczki, ubezpieczenia"
Provident Polska,disqualified,71.6,Doradca / Doradczyni Klienta | Bełchatów,high_ticket_b2c,86,junior_ramp,Bełchatów,mobile,,junior,rocketjobs.pl,https://rocketjobs.pl/oferta-pracy/provident-polska-doradca-doradczyni-klienta-belchatow-belchatow-sales-finanse-bankowosc-ubezpieczenia-aac0b960,2026-09-14,"Wykształcenie średnie, obsługa klienta, sprzedaż, kredyty, pożyczki, ubezpieczenia"
Provident Polska,disqualified,71.6,Doradca / Doradczyni Klienta | Strumień i okolice,high_ticket_b2c,86,junior_ramp,Strumień,mobile,,junior,rocketjobs.pl,https://rocketjobs.pl/oferta-pracy/provident-polska-doradca-doradczyni-klienta-strumien-i-okolice-strumien-sales-finanse-bankowosc-ubezpieczenia,2026-09-14,"Wykształcenie średnie, obsługa klienta, sprzedaż, kredyty, pożyczki, ubezpieczenia"
Provident Polska,disqualified,71.6,Doradca / Doradczyni Klienta | Osjaków,high_ticket_b2c,86,junior_ramp,Osjaków,mobile,,junior,rocketjobs.pl,https://rocketjobs.pl/oferta-pracy/provident-polska-doradca-doradczyni-klienta-osjakow-osjakow-sales-finanse-bankowosc-ubezpieczenia-e6c99f49,2026-09-14,"Wykształcenie średnie, obsługa klienta, sprzedaż, kredyty, pożyczki, ubezpieczenia"
Provident Polska,disqualified,71.6,Doradca / Doradczyni Klienta | Cybinka,high_ticket_b2c,86,junior_ramp,Cybinka,mobile,,junior,rocketjobs.pl,https://rocketjobs.pl/oferta-pracy/provident-polska-doradca-doradczyni-klienta-cybinka-cybinka-sales-finanse-bankowosc-ubezpieczenia-55e9f81a,2026-09-14,"Wykształcenie średnie, obsługa klienta, sprzedaż, kredyty, pożyczki, ubezpieczenia"
Provident Polska,disqualified,71.6,Doradca / Doradczyni Klienta | Zielona Góra,high_ticket_b2c,86,junior_ramp,Zielona Góra,mobile,,junior,rocketjobs.pl,https://rocketjobs.pl/oferta-pracy/provident-polska-doradca-doradczyni-klienta-zielona-gora-zielona-gora-sales-finanse-bankowosc-ubezpieczenia-d9f3d302,2026-09-14,"Wykształcenie średnie, obsługa klienta, sprzedaż, kredyty, pożyczki, ubezpieczenia"
Provident Polska,disqualified,71.6,Doradca / Doradczyni Klienta | Praszka,high_ticket_b2c,86,junior_ramp,Praszka,mobile,,junior,rocketjobs.pl,https://rocketjobs.pl/oferta-pracy/provident-polska-doradca-doradczyni-klienta-praszka-praszka-sales-finanse-bankowosc-ubezpieczenia-74ad76e5,2026-09-14,"Wykształcenie średnie, obsługa klienta, sprzedaż, kredyty, pożyczki, ubezpieczenia"
Provident Polska,disqualified,71.6,Doradca / Doradczyni Klienta | Wieruszów,high_ticket_b2c,86,junior_ramp,Wieruszów,mobile,,junior,rocketjobs.pl,https://rocketjobs.pl/oferta-pracy/provident-polska-doradca-doradczyni-klienta-wieruszow-wieruszow-sales-finanse-bankowosc-ubezpieczenia-0876708f,2026-09-14,"Wykształcenie średnie, obsługa klienta, sprzedaż, kredyty, pożyczki, ubezpieczenia"
Provident Polska,disqualified,71.6,Doradca / Doradczyni Klienta | Lututów,high_ticket_b2c,86,junior_ramp,Lututów,mobile,,junior,rocketjobs.pl,https://rocketjobs.pl/oferta-pracy/provident-polska-doradca-doradczyni-klienta-lututow-lututow-sales-finanse-bankowosc-ubezpieczenia-2e45644c,2026-09-14,"Wykształcenie średnie, obsługa klienta, sprzedaż, kredyty, pożyczki, ubezpieczenia"
Provident Polska,disqualified,71.6,Doradca / Doradczyni Klienta | Białóśliwie,high_ticket_b2c,86,junior_ramp,Białośliwie,mobile,,junior,rocketjobs.pl,https://rocketjobs.pl/oferta-pracy/provident-polska-doradca-doradczyni-klienta-bialosliwie-bialosliwie-sales-finanse-bankowosc-ubezpieczenia-94e9d867,2026-09-14,"Wykształcenie średnie, obsługa klienta, sprzedaż, kredyty, pożyczki, ubezpieczenia"
Provident Polska,disqualified,71.6,Doradca / Doradczyni Klienta | Jastrowie,high_ticket_b2c,86,junior_ramp,Jastrowie,mobile,,junior,rocketjobs.pl,https://rocketjobs.pl/oferta-pracy/provident-polska-doradca-doradczyni-klienta-jastrowie-jastrowie-sales-finanse-bankowosc-ubezpieczenia-57d59405,2026-09-14,"Wykształcenie średnie, obsługa klienta, sprzedaż, kredyty, pożyczki, ubezpieczenia"
Provident Polska,disqualified,71.6,Doradca / Doradczyni Klienta | Szczerców,high_ticket_b2c,86,junior_ramp,Szczerców,mobile,,junior,rocketjobs.pl,https://rocketjobs.pl/oferta-pracy/provident-polska-doradca-doradczyni-klienta-szczercow-szczercow-sales-finanse-bankowosc-ubezpieczenia-fc4aa8fd,2026-09-14,"Wykształcenie średnie, obsługa klienta, sprzedaż, kredyty, pożyczki, ubezpieczenia"
Provident Polska,disqualified,71.6,Doradca / Doradczyni Klienta | Łobżenica,high_ticket_b2c,86,junior_ramp,Łobżenica,mobile,,junior,rocketjobs.pl,https://rocketjobs.pl/oferta-pracy/provident-polska-doradca-doradczyni-klienta-lobzenica-lobzenica-sales-finanse-bankowosc-ubezpieczenia-74ee2baa,2026-09-14,"Wykształcenie średnie, obsługa klienta, sprzedaż, kredyty, pożyczki, ubezpieczenia"
Provident Polska,disqualified,71.6,Doradca / Doradczyni Klienta | Krzepice,high_ticket_b2c,86,junior_ramp,Krzepice,mobile,,junior,rocketjobs.pl,https://rocketjobs.pl/oferta-pracy/provident-polska-doradca-doradczyni-klienta-krzepice-krzepice-sales-finanse-bankowosc-ubezpieczenia-78236be4,2026-09-14,"Wykształcenie średnie, obsługa klienta, sprzedaż, kredyty, pożyczki, ubezpieczenia"
Provident Polska,disqualified,71.6,Doradca / Doradczyni Klienta | Krosno Odrzańskie,high_ticket_b2c,86,junior_ramp,Krosno Odrzańskie,mobile,,junior,rocketjobs.pl,https://rocketjobs.pl/oferta-pracy/provident-polska-doradca-doradczyni-klienta-krosno-odrzanskie-krosno-odrzanskie-sales-finanse-bankowosc-ubezpieczenia-2793c7a8,2026-09-14,"Wykształcenie średnie, obsługa klienta, sprzedaż, kredyty, pożyczki, ubezpieczenia"
Provident Polska,disqualified,71.6,Doradca / Doradczyni Klienta | Torzym,high_ticket_b2c,86,junior_ramp,Torzym,mobile,,junior,rocketjobs.pl,https://rocketjobs.pl/oferta-pracy/provident-polska-doradca-doradczyni-klienta-torzym-torzym-sales-finanse-bankowosc-ubezpieczenia,2026-09-14,"Wykształcenie średnie, obsługa klienta, sprzedaż, kredyty, pożyczki, ubezpieczenia"
Provident Polska,disqualified,71.6,Doradca / Doradczyni Klienta | Świdwin i okolice,high_ticket_b2c,86,junior_ramp,Świdwin,mobile,,junior,rocketjobs.pl,https://rocketjobs.pl/oferta-pracy/provident-polska-doradca-doradczyni-klienta-swidwin-i-okolice-swidwin-sales-finanse-bankowosc-ubezpieczenia,2026-09-14,"Wykształcenie średnie, obsługa klienta, sprzedaż, kredyty, pożyczki, ubezpieczenia"
Provident Polska,disqualified,71.6,Doradca / Doradczyni Klienta | Wieluń,high_ticket_b2c,86,junior_ramp,Wieluń,mobile,,junior,rocketjobs.pl,https://rocketjobs.pl/oferta-pracy/provident-polska-doradca-doradczyni-klienta-wielun-wielun-sales-finanse-bankowosc-ubezpieczenia-7b5775ff,2026-09-14,"Wykształcenie średnie, obsługa klienta, sprzedaż, kredyty, pożyczki, ubezpieczenia"
Provident Polska,disqualified,71.6,Doradca / Doradczyni Klienta | Gubin,high_ticket_b2c,86,junior_ramp,Gubin,mobile,,junior,rocketjobs.pl,https://rocketjobs.pl/oferta-pracy/provident-polska-doradca-doradczyni-klienta-gubin-gubin-sales-finanse-bankowosc-ubezpieczenia-494077b2,2026-09-14,"Wykształcenie średnie, obsługa klienta, sprzedaż, kredyty, pożyczki, ubezpieczenia"
Provident Polska,disqualified,71.6,Doradca / Doradczyni Klienta | Piła,high_ticket_b2c,86,junior_ramp,Piła,mobile,,junior,rocketjobs.pl,https://rocketjobs.pl/oferta-pracy/provident-polska-doradca-doradczyni-klienta-pila-pila-sales-finanse-bankowosc-ubezpieczenia-c5bbff38,2026-09-14,"Wykształcenie średnie, obsługa klienta, sprzedaż, kredyty, pożyczki, ubezpieczenia"
Provident Polska,disqualified,71.6,Doradca / Doradczyni Klienta | Mokrsko,high_ticket_b2c,86,junior_ramp,Mokrsko,mobile,,junior,rocketjobs.pl,https://rocketjobs.pl/oferta-pracy/provident-polska-doradca-doradczyni-klienta-mokrsko-mokrsko-sales-finanse-bankowosc-ubezpieczenia-75b33793,2026-09-14,"Wykształcenie średnie, obsługa klienta, sprzedaż, kredyty, pożyczki, ubezpieczenia"
Provident Polska,disqualified,71.6,Doradca / Doradczyni Klienta | Gorzów Wielkopolski,high_ticket_b2c,86,junior_ramp,Gorzów Wielkopolski,mobile,,junior,rocketjobs.pl,https://rocketjobs.pl/oferta-pracy/provident-polska-doradca-doradczyni-klienta-gorzow-wielkopolski-gorzow-wielkopolski-sales-finanse-bankowosc-ubezpieczenia-c3ffcfd2,2026-09-14,"Wykształcenie średnie, obsługa klienta, sprzedaż, kredyty, pożyczki, ubezpieczenia"
Provident Polska,disqualified,71.6,Doradca / Doradczyni Klienta | Działoszyn,high_ticket_b2c,86,junior_ramp,Działoszyn,mobile,,junior,rocketjobs.pl,https://rocketjobs.pl/oferta-pracy/provident-polska-doradca-doradczyni-klienta-dzialoszyn-dzialoszyn-sales-finanse-bankowosc-ubezpieczenia-122f1389,2026-09-14,"Wykształcenie średnie, obsługa klienta, sprzedaż, kredyty, pożyczki, ubezpieczenia"
Provident Polska,disqualified,71.6,Doradca / Doradczyni Klienta | Pątnów,high_ticket_b2c,86,junior_ramp,Pątnów,mobile,,junior,rocketjobs.pl,https://rocketjobs.pl/oferta-pracy/provident-polska-doradca-doradczyni-klienta-patnow-patnow-sales-finanse-bankowosc-ubezpieczenia-07ff47cc,2026-09-14,"Wykształcenie średnie, obsługa klienta, sprzedaż, kredyty, pożyczki, ubezpieczenia"
Provident Polska,disqualified,71.6,Doradca / Doradczyni Klienta | Osiek nad Notecią,high_ticket_b2c,86,junior_ramp,Osiek nad Notecią,mobile,,junior,rocketjobs.pl,https://rocketjobs.pl/oferta-pracy/provident-polska-doradca-doradczyni-klienta-osiek-nad-notecia-osiek-nad-notecia-sales-finanse-bankowosc-ubezpieczenia-17180548,2026-09-14,"Wykształcenie średnie, obsługa klienta, sprzedaż, kredyty, pożyczki, ubezpieczenia"
Provident Polska,disqualified,71.6,Doradca / Doradczyni Klienta | Leszno,high_ticket_b2c,86,junior_ramp,Leszno,mobile,,junior,rocketjobs.pl,https://rocketjobs.pl/oferta-pracy/provident-polska-doradca-doradczyni-klienta-leszno-leszno-sales-finanse-bankowosc-ubezpieczenia-de6cac07,2026-09-14,"Wykształcenie średnie, obsługa klienta, sprzedaż, kredyty, pożyczki, ubezpieczenia"
Provident Polska,disqualified,71.6,Doradca / Doradczyni Klienta | Rzepin,high_ticket_b2c,86,junior_ramp,Rzepin,mobile,,junior,rocketjobs.pl,https://rocketjobs.pl/oferta-pracy/provident-polska-doradca-doradczyni-klienta-rzepin-rzepin-sales-finanse-bankowosc-ubezpieczenia-9edf0f31,2026-09-14,"Wykształcenie średnie, obsługa klienta, sprzedaż, kredyty, pożyczki, ubezpieczenia"
Provident Polska,disqualified,71.6,Doradca / Doradczyni Klienta | Wolsztyn,high_ticket_b2c,86,junior_ramp,Wolsztyn,mobile,,junior,rocketjobs.pl,https://rocketjobs.pl/oferta-pracy/provident-polska-doradca-doradczyni-klienta-wolsztyn-wolsztyn-sales-finanse-bankowosc-ubezpieczenia-38e0b2cc,2026-09-14,"Wykształcenie średnie, obsługa klienta, sprzedaż, kredyty, pożyczki, ubezpieczenia"
Provident Polska,disqualified,71.6,Doradca / Doradczyni Klienta | Międzychód,high_ticket_b2c,86,junior_ramp,Międzychód,mobile,,junior,rocketjobs.pl,https://rocketjobs.pl/oferta-pracy/provident-polska-doradca-doradczyni-klienta-miedzychod-miedzychod-sales-finanse-bankowosc-ubezpieczenia-0e1d352d,2026-09-14,"Wykształcenie średnie, obsługa klienta, sprzedaż, kredyty, pożyczki, ubezpieczenia"
Provident Polska,disqualified,71.6,Doradca / Doradczyni Klienta | Śrem i okolice,high_ticket_b2c,86,junior_ramp,Śrem,mobile,,junior,rocketjobs.pl,https://rocketjobs.pl/oferta-pracy/provident-polska-doradca-doradczyni-klienta-srem-i-okolice-srem-sales-finanse-bankowosc-ubezpieczenia,2026-09-14,"Wykształcenie średnie, obsługa klienta, sprzedaż, kredyty, pożyczki, ubezpieczenia"
Provident Polska,disqualified,71.6,Doradca / Doradczyni Klienta | Mosina i okolice,high_ticket_b2c,86,junior_ramp,Mosina,mobile,,junior,rocketjobs.pl,https://rocketjobs.pl/oferta-pracy/provident-polska-doradca-doradczyni-klienta-mosina-i-okolice-mosina-sales-finanse-bankowosc-ubezpieczenia,2026-09-14,"Wykształcenie średnie, obsługa klienta, sprzedaż, kredyty, pożyczki, ubezpieczenia"
Provident Polska,disqualified,71.6,Doradca / Doradczyni Klienta | Sulechów i okolice,high_ticket_b2c,86,junior_ramp,Sulechów,mobile,,junior,rocketjobs.pl,https://rocketjobs.pl/oferta-pracy/provident-polska-doradca-doradczyni-klienta-sulechow-i-okolice-sulechow-sales-finanse-bankowosc-ubezpieczenia,2026-09-14,"Wykształcenie średnie, obsługa klienta, sprzedaż, kredyty, pożyczki, ubezpieczenia"
Provident Polska,disqualified,71.6,Doradca / Doradczyni Klienta | Międzyrzecz,high_ticket_b2c,86,junior_ramp,Międzyrzecz,mobile,,junior,rocketjobs.pl,https://rocketjobs.pl/oferta-pracy/provident-polska-doradca-doradczyni-klienta-miedzyrzecz-miedzyrzecz-sales-finanse-bankowosc-ubezpieczenia-92311a51,2026-09-14,"Wykształcenie średnie, obsługa klienta, sprzedaż, kredyty, pożyczki, ubezpieczenia"
Provident Polska,disqualified,71.6,Doradca / Doradczyni Klienta | Woźniki,high_ticket_b2c,86,junior_ramp,Woźniki,mobile,,junior,rocketjobs.pl,https://rocketjobs.pl/oferta-pracy/provident-polska-doradca-doradczyni-klienta-wozniki-wozniki-sales-finanse-bankowosc-ubezpieczenia-4003dd1f,2026-09-14,"Wykształcenie średnie, obsługa klienta, sprzedaż, kredyty, pożyczki, ubezpieczenia"
Provident Polska,disqualified,71.6,Kierownik/Kierowniczka Rejonu ds. Sprzedaży,generic_sales,50,,Sierpc,office,,manager,rocketjobs.pl,https://rocketjobs.pl/oferta-pracy/provident-polska-kierownik-kierowniczka-rejonu-ds-sprzedazy-sierpc-sales-finanse-bankowosc-ubezpieczenia,2026-08-11,"obsługa klienta, sprzedaż, zarządzanie strukturą rozproszoną, Sprzedaż Produktów Finansowych, zarządzanie zespołem"
Provident Polska,disqualified,71.6,Kierownik/Kierowniczka Rejonu ds. Sprzedaży,generic_sales,50,,Wejherowo,office,,manager,rocketjobs.pl,https://rocketjobs.pl/oferta-pracy/provident-polska-kierownik-kierowniczka-rejonu-ds-sprzedazy-wejherowo-sales-finanse-bankowosc-ubezpieczenia,2026-08-11,"obsługa klienta, sprzedaż, zarządzanie strukturą rozproszoną, Sprzedaż Produktów Finansowych, zarządzanie zespołem"
Provident Polska,disqualified,71.6,Kierownik/Kierowniczka Rejonu ds. Sprzedaży,generic_sales,50,,Żuromin,office,,manager,rocketjobs.pl,https://rocketjobs.pl/oferta-pracy/provident-polska-kierownik-kierowniczka-rejonu-ds-sprzedazy-zuromin-sales-finanse-bankowosc-ubezpieczenia,2026-08-11,"obsługa klienta, sprzedaż, zarządzanie strukturą rozproszoną, Sprzedaż Produktów Finansowych, zarządzanie zespołem"
Provident Polska,disqualified,71.6,Kierownik/Kierowniczka Rejonu ds. Sprzedaży,generic_sales,50,,Gdańsk,office,,manager,rocketjobs.pl,https://rocketjobs.pl/oferta-pracy/provident-polska-kierownik-kierowniczka-rejonu-ds-sprzedazy-gdansk-sales-finanse-bankowosc-ubezpieczenia,2026-08-11,"obsługa klienta, sprzedaż, zarządzanie strukturą rozproszoną, Sprzedaż Produktów Finansowych, zarządzanie zespołem"
Provident Polska,disqualified,71.6,Kierownik/Kierowniczka Rejonu ds. Sprzedaży,generic_sales,50,,Gdynia,office,,manager,rocketjobs.pl,https://rocketjobs.pl/oferta-pracy/provident-polska-kierownik-kierowniczka-rejonu-ds-sprzedazy-gdynia-sales-finanse-bankowosc-ubezpieczenia,2026-08-11,"obsługa klienta, sprzedaż, zarządzanie strukturą rozproszoną, Sprzedaż Produktów Finansowych, zarządzanie zespołem"
Provident Polska,disqualified,71.6,Kierownik/Kierowniczka Rejonu ds. Sprzedaży (Piła),generic_sales,50,,Piła,office,,manager,rocketjobs.pl,https://rocketjobs.pl/oferta-pracy/provident-polska-kierownik-kierowniczka-rejonu-ds-sprzedazy-pila--pila-sales-finanse-bankowosc-ubezpieczenia,2026-07-29,"obsługa klienta, sprzedaż, zarządzanie strukturą rozproszoną, Sprzedaż Produktów Finansowych, zarządzanie zespołem"
PZU Życie S.A.,disqualified,71.6,Doradczyni / Doradca Klienta PZU – Piaseczno,high_ticket_b2c,86,junior_ramp,Piaseczno,office,,junior,rocketjobs.pl,https://rocketjobs.pl/oferta-pracy/pzu-zycie-s-a--doradczyni-doradca-klienta-pzu---piaseczno-piaseczno-sales-finanse-bankowosc-ubezpieczenia,2026-07-31,sprzedaż
PZU Życie S.A.,disqualified,71.6,Doradca/Doradczyni Klienta PZU,high_ticket_b2c,86,junior_ramp,Piaseczno,office,,junior,rocketjobs.pl,https://rocketjobs.pl/oferta-pracy/pzu-zycie-s-a--doradca-doradczyni-klienta-pzu-piaseczno-sales-finanse-bankowosc-ubezpieczenia,2026-07-31,sprzedaż
PZU Życie S.A.,disqualified,71.6,Doradczyni / Doradca Ubezpieczeniowy ds. Klientów Biznesowych (MSP),high_ticket_b2c,84,b2b_inbound_outbound,Warszawa,hybrid,,mid,rocketjobs.pl,https://rocketjobs.pl/oferta-pracy/pzu-zycie-s-a--doradczyni-doradca-ubezpieczeniowy-ds-klientow-biznesowych-msp--warszawa-sales-finanse-bankowosc-ubezpieczenia-36118e0a,2026-09-10,"sprzedaż, sprzedaż B2B"
PZU Życie S.A.,disqualified,71.6,Doradczyni / Doradca Ubezpieczeniowy ds. Klientów Biznesowych (MSP),high_ticket_b2c,84,b2b_inbound_outbound,Łódź,hybrid,,mid,rocketjobs.pl,https://rocketjobs.pl/oferta-pracy/pzu-zycie-s-a--doradczyni-doradca-ubezpieczeniowy-ds-klientow-biznesowych-msp--lodz-sales-finanse-bankowosc-ubezpieczenia-c5bbd5eb,2026-09-10,"sprzedaż, sprzedaż B2B"
PZU Życie S.A.,disqualified,71.6,Doradczyni / Doradca Ubezpieczeniowy ds. Klientów Biznesowych (MSP),high_ticket_b2c,84,b2b_inbound_outbound,Białystok,hybrid,,mid,rocketjobs.pl,https://rocketjobs.pl/oferta-pracy/pzu-zycie-s-a--doradczyni-doradca-ubezpieczeniowy-ds-klientow-biznesowych-msp--bialystok-sales-finanse-bankowosc-ubezpieczenia,2026-07-24,"sprzedaż, sprzedaż B2B"
PZU Życie S.A.,disqualified,71.6,Doradczyni / Doradca Ubezpieczeniowy ds. Klientów Biznesowych (MSP),high_ticket_b2c,84,b2b_inbound_outbound,Tarnów,hybrid,,mid,rocketjobs.pl,https://rocketjobs.pl/oferta-pracy/pzu-zycie-s-a--doradczyni-doradca-ubezpieczeniowy-ds-klientow-biznesowych-msp--tarnow-sales-finanse-bankowosc-ubezpieczenia,2026-07-27,"sprzedaż, sprzedaż B2B"
PZU Życie S.A.,disqualified,71.6,Doradczyni / Doradca Ubezpieczeniowy ds. Klientów Biznesowych (MSP),high_ticket_b2c,84,b2b_inbound_outbound,Rzeszów,hybrid,,mid,rocketjobs.pl,https://rocketjobs.pl/oferta-pracy/pzu-zycie-s-a--doradczyni-doradca-ubezpieczeniowy-ds-klientow-biznesowych-msp--rzeszow-sales-finanse-bankowosc-ubezpieczenia,2026-07-27,"sprzedaż, sprzedaż B2B"
PZU Życie S.A.,disqualified,71.6,Doradczyni / Doradca Ubezpieczeniowy ds. Klientów Biznesowych (MSP),high_ticket_b2c,84,b2b_inbound_outbound,Marki,hybrid,,mid,rocketjobs.pl,https://rocketjobs.pl/oferta-pracy/pzu-zycie-s-a--doradczyni-doradca-ubezpieczeniowy-ds-klientow-biznesowych-msp--marki-sales-finanse-bankowosc-ubezpieczenia,2026-07-27,"sprzedaż, sprzedaż B2B"
PZU Życie S.A.,disqualified,71.6,Doradczyni / Doradca Ubezpieczeniowy ds. Klientów Biznesowych (MSP),high_ticket_b2c,84,b2b_inbound_outbound,Lublin,hybrid,,mid,rocketjobs.pl,https://rocketjobs.pl/oferta-pracy/pzu-zycie-s-a--doradczyni-doradca-ubezpieczeniowy-ds-klientow-biznesowych-msp--lublin-sales-finanse-bankowosc-ubezpieczenia,2026-07-27,"sprzedaż, sprzedaż B2B"
PZU Życie S.A.,disqualified,71.6,Doradca Klienta Biznesowego B2B – MŚP,ae_b2b_saas,84,b2b_inbound_outbound,Opole,hybrid,,mid,rocketjobs.pl,https://rocketjobs.pl/oferta-pracy/pzu-zycie-s-a--doradca-klienta-biznesowego-b2b---msp-opole-sales-finanse-bankowosc-ubezpieczenia,2026-08-24,"sprzedaż, sprzedaż B2B"
PZU Życie S.A.,disqualified,71.6,Doradczyni / Doradca Ubezpieczeniowy ds. Klientów Biznesowych (MSP),high_ticket_b2c,84,b2b_inbound_outbound,Bydgoszcz,hybrid,,mid,rocketjobs.pl,https://rocketjobs.pl/oferta-pracy/pzu-zycie-s-a--doradczyni-doradca-ubezpieczeniowy-ds-klientow-biznesowych-msp--bydgoszcz-sales-finanse-bankowosc-ubezpieczenia-7e0744c0,2026-07-30,"sprzedaż, sprzedaż B2B"
PZU Życie S.A.,disqualified,71.6,Doradczyni / Doradca Ubezpieczeniowy ds. Klientów Biznesowych (MSP),high_ticket_b2c,84,b2b_inbound_outbound,Zielona Góra,hybrid,,mid,rocketjobs.pl,https://rocketjobs.pl/oferta-pracy/pzu-zycie-s-a--doradczyni-doradca-ubezpieczeniowy-ds-klientow-biznesowych-msp--zielona-gora-sales-finanse-bankowosc-ubezpieczenia,2026-07-29,"sprzedaż, sprzedaż B2B"
PZU Życie S.A.,disqualified,71.6,Doradczyni / Doradca Ubezpieczeniowy ds. Klientów Biznesowych (MSP),high_ticket_b2c,84,b2b_inbound_outbound,Opole,hybrid,,mid,rocketjobs.pl,https://rocketjobs.pl/oferta-pracy/pzu-zycie-s-a--doradczyni-doradca-ubezpieczeniowy-ds-klientow-biznesowych-msp--opole-sales-finanse-bankowosc-ubezpieczenia-af40aee7,2026-08-06,"sprzedaż, sprzedaż B2B"
PZU Życie S.A.,disqualified,71.6,Doradczyni / Doradca Ubezpieczeniowy ds. Klientów Biznesowych (MSP),high_ticket_b2c,84,b2b_inbound_outbound,Słupsk,hybrid,,mid,rocketjobs.pl,https://rocketjobs.pl/oferta-pracy/pzu-zycie-s-a--doradczyni-doradca-ubezpieczeniowy-ds-klientow-biznesowych-msp--slupsk-sales-finanse-bankowosc-ubezpieczenia,2026-07-24,"sprzedaż, sprzedaż B2B"
PZU Życie S.A.,disqualified,71.6,Doradczyni / Doradca Ubezpieczeniowy ds. Klientów Biznesowych (MSP),high_ticket_b2c,84,b2b_inbound_outbound,Gdańsk,hybrid,,mid,rocketjobs.pl,https://rocketjobs.pl/oferta-pracy/pzu-zycie-s-a--doradczyni-doradca-ubezpieczeniowy-ds-klientow-biznesowych-msp--gdansk-sales-finanse-bankowosc-ubezpieczenia,2026-07-24,"sprzedaż, sprzedaż B2B"
PZU Życie S.A.,disqualified,71.6,Doradca Klienta Biznesowego,high_ticket_b2c,80,,Kalisz,office,,mid,rocketjobs.pl,https://rocketjobs.pl/oferta-pracy/pzu-zycie-s-a--doradca-klienta-biznesowego-kalisz-sales-finanse-bankowosc-ubezpieczenia,2026-09-30,"prawo jazdy kat. B, Wykształcenie średnie, sprzedaż"
PZU Życie S.A.,disqualified,71.6,Doradca Klienta Biznesowego,high_ticket_b2c,80,,Wolsztyn,office,,mid,rocketjobs.pl,https://rocketjobs.pl/oferta-pracy/pzu-zycie-s-a--doradca-klienta-biznesowego-wolsztyn-sales-finanse-bankowosc-ubezpieczenia,2026-09-29,"prawo jazdy kat. B, Wykształcenie średnie, sprzedaż"
PZU Życie S.A.,disqualified,71.6,Doradca Klienta Biznesowego,high_ticket_b2c,80,,Środa Wielkopolska,office,,mid,rocketjobs.pl,https://rocketjobs.pl/oferta-pracy/pzu-zycie-s-a--doradca-klienta-biznesowego-sroda-wielkopolska-sales-finanse-bankowosc-ubezpieczenia,2026-09-29,"prawo jazdy kat. B, Wykształcenie średnie, sprzedaż"
PZU Życie S.A.,disqualified,71.6,Doradca Klienta Biznesowego,high_ticket_b2c,80,,Leszno,office,,mid,rocketjobs.pl,https://rocketjobs.pl/oferta-pracy/pzu-zycie-s-a--doradca-klienta-biznesowego-leszno-sales-finanse-bankowosc-ubezpieczenia,2026-09-29,"prawo jazdy kat. B, Wykształcenie średnie, sprzedaż"
PZU Życie S.A.,disqualified,71.6,Doradca Klienta Biznesowego,high_ticket_b2c,80,,Gniezno,office,,mid,rocketjobs.pl,https://rocketjobs.pl/oferta-pracy/pzu-zycie-s-a--doradca-klienta-biznesowego-gniezno-sales-finanse-bankowosc-ubezpieczenia,2026-09-29,"prawo jazdy kat. B, Wykształcenie średnie, sprzedaż"
PZU Życie S.A.,disqualified,71.6,Doradca Klienta Biznesowego,high_ticket_b2c,80,,Poznań,office,,mid,rocketjobs.pl,https://rocketjobs.pl/oferta-pracy/pzu-zycie-s-a--doradca-klienta-biznesowego-poznan-sales-finanse-bankowosc-ubezpieczenia,2026-09-29,"prawo jazdy kat. B, Wykształcenie średnie, sprzedaż"
PZU Życie S.A.,disqualified,71.6,Doradca Klienta Biznesowego,high_ticket_b2c,80,,Częstochowa,office,,mid,rocketjobs.pl,https://rocketjobs.pl/oferta-pracy/pzu-zycie-s-a--doradca-klienta-biznesowego-czestochowa-sales-finanse-bankowosc-ubezpieczenia,2026-09-28,"prawo jazdy kat. B, Wykształcenie średnie, sprzedaż"
PZU Życie S.A.,disqualified,71.6,Doradca Klienta (k/m),high_ticket_b2c,80,,Rybnik,office,,mid,rocketjobs.pl,https://rocketjobs.pl/oferta-pracy/pzu-zycie-s-a--doradca-klienta-k-m--rybnik-sales-finanse-bankowosc-ubezpieczenia-fcfe3bfb,2026-10-02,"sprzedaż, obsługa klienta"
PZU Życie S.A.,disqualified,71.6,Doradca ubezpieczeniowy,high_ticket_b2c,80,,Siedlce,office,,mid,rocketjobs.pl,https://rocketjobs.pl/oferta-pracy/pzu-zycie-s-a--doradca-ubezpieczeniowy-siedlce-sales-finanse-bankowosc-ubezpieczenia-16dad27c,2026-07-10,sprzedaż
PZU Życie S.A.,disqualified,71.6,Doradca Ubezpieczeniowy | Toruń,high_ticket_b2c,80,,Toruń,hybrid,,mid,rocketjobs.pl,https://rocketjobs.pl/oferta-pracy/pzu-zycie-s-a--doradca-ubezpieczeniowy-torun-torun-sales-finanse-bankowosc-ubezpieczenia,2026-07-14,"Wykształcenie średnie, prawo jazdy kat. B"
PZU Życie S.A.,disqualified,71.6,Doradca Klienta (k/m),high_ticket_b2c,80,,Myślenice,office,,mid,rocketjobs.pl,https://rocketjobs.pl/oferta-pracy/pzu-zycie-s-a--doradca-klienta-k-m--myslenice-sales-finanse-bankowosc-ubezpieczenia,2026-09-15,"sprzedaż, obsługa klienta"
PZU Życie S.A.,disqualified,71.6,Doradca Klienta (k/m),high_ticket_b2c,80,,Bystrzyca Kłodzka,office,,mid,rocketjobs.pl,https://rocketjobs.pl/oferta-pracy/pzu-zycie-s-a--doradca-klienta-k-m--bystrzyca-klodzka-sales-finanse-bankowosc-ubezpieczenia,2026-09-15,"sprzedaż, obsługa klienta"
PZU Życie S.A.,disqualified,71.6,Doradca Klienta (k/m),high_ticket_b2c,80,,Łowicz,office,,mid,rocketjobs.pl,https://rocketjobs.pl/oferta-pracy/pzu-zycie-s-a--doradca-klienta-k-m--lowicz-sales-finanse-bankowosc-ubezpieczenia,2026-09-15,"sprzedaż, obsługa klienta"
PZU Życie S.A.,disqualified,71.6,Doradca Klienta (k/m),high_ticket_b2c,80,,Piaseczno,office,,mid,rocketjobs.pl,https://rocketjobs.pl/oferta-pracy/pzu-zycie-s-a--doradca-klienta-k-m--piaseczno-sales-finanse-bankowosc-ubezpieczenia,2026-09-15,"sprzedaż, obsługa klienta"
PZU Życie S.A.,disqualified,71.6,Doradca Klienta (k/m),high_ticket_b2c,80,,Swarzędz,office,,mid,rocketjobs.pl,https://rocketjobs.pl/oferta-pracy/pzu-zycie-s-a--doradca-klienta-k-m--swarzedz-sales-finanse-bankowosc-ubezpieczenia,2026-09-15,"sprzedaż, obsługa klienta"
PZU Życie S.A.,disqualified,71.6,Doradca Klienta (k/m),high_ticket_b2c,80,,Sierpc,office,,mid,rocketjobs.pl,https://rocketjobs.pl/oferta-pracy/pzu-zycie-s-a--doradca-klienta-k-m--sierpc-sales-finanse-bankowosc-ubezpieczenia,2026-09-15,"sprzedaż, obsługa klienta"
PZU Życie S.A.,disqualified,71.6,Doradca Klienta (k/m),high_ticket_b2c,80,,Rypin,office,,mid,rocketjobs.pl,https://rocketjobs.pl/oferta-pracy/pzu-zycie-s-a--doradca-klienta-k-m--rypin-sales-finanse-bankowosc-ubezpieczenia,2026-09-15,"sprzedaż, obsługa klienta"
PZU Życie S.A.,disqualified,71.6,Doradca Klienta (k/m),high_ticket_b2c,80,,Hrubieszów,office,,mid,rocketjobs.pl,https://rocketjobs.pl/oferta-pracy/pzu-zycie-s-a--doradca-klienta-k-m--hrubieszow-sales-finanse-bankowosc-ubezpieczenia,2026-09-15,"sprzedaż, obsługa klienta"
PZU Życie S.A.,disqualified,71.6,Doradca Klienta (k/m),high_ticket_b2c,80,,Olkusz,office,,mid,rocketjobs.pl,https://rocketjobs.pl/oferta-pracy/pzu-zycie-s-a--doradca-klienta-k-m--olkusz-sales-finanse-bankowosc-ubezpieczenia,2026-09-15,"sprzedaż, obsługa klienta"
PZU Życie S.A.,disqualified,71.6,Doradca Klienta (k/m),high_ticket_b2c,80,,Kluczbork,office,,mid,rocketjobs.pl,https://rocketjobs.pl/oferta-pracy/pzu-zycie-s-a--doradca-klienta-k-m--kluczbork-sales-finanse-bankowosc-ubezpieczenia,2026-09-15,"sprzedaż, obsługa klienta"
PZU Życie S.A.,disqualified,71.6,Doradca Klienta (k/m),high_ticket_b2c,80,,Nakło,office,,mid,rocketjobs.pl,https://rocketjobs.pl/oferta-pracy/pzu-zycie-s-a--doradca-klienta-k-m--naklo-sales-finanse-bankowosc-ubezpieczenia,2026-09-15,"sprzedaż, obsługa klienta"
PZU Życie S.A.,disqualified,71.6,Doradca Klienta (k/m),high_ticket_b2c,80,,Racibórz,office,,mid,rocketjobs.pl,https://rocketjobs.pl/oferta-pracy/pzu-zycie-s-a--doradca-klienta-k-m--raciborz-sales-finanse-bankowosc-ubezpieczenia,2026-09-15,"sprzedaż, obsługa klienta"
PZU Życie S.A.,disqualified,71.6,Doradca Klienta (k/m),high_ticket_b2c,80,,Pułtusk,office,,mid,rocketjobs.pl,https://rocketjobs.pl/oferta-pracy/pzu-zycie-s-a--doradca-klienta-k-m--pultusk-sales-finanse-bankowosc-ubezpieczenia,2026-09-15,"sprzedaż, obsługa klienta"
PZU Życie S.A.,disqualified,71.6,Doradca Klienta (k/m),high_ticket_b2c,80,,Jelenia Góra,office,,mid,rocketjobs.pl,https://rocketjobs.pl/oferta-pracy/pzu-zycie-s-a--doradca-klienta-k-m--jelenia-gora-sales-finanse-bankowosc-ubezpieczenia,2026-09-15,"sprzedaż, obsługa klienta"
PZU Życie S.A.,disqualified,71.6,Doradca Klienta (k/m),high_ticket_b2c,80,,Gniezno,office,,mid,rocketjobs.pl,https://rocketjobs.pl/oferta-pracy/pzu-zycie-s-a--doradca-klienta-k-m--gniezno-sales-finanse-bankowosc-ubezpieczenia,2026-09-15,"sprzedaż, obsługa klienta"
PZU Życie S.A.,disqualified,71.6,Doradca Klienta (k/m),high_ticket_b2c,80,,Grójec,office,,mid,rocketjobs.pl,https://rocketjobs.pl/oferta-pracy/pzu-zycie-s-a--doradca-klienta-k-m--grojec-sales-finanse-bankowosc-ubezpieczenia,2026-09-15,"sprzedaż, obsługa klienta"
PZU Życie S.A.,disqualified,71.6,Doradca Klienta (k/m),high_ticket_b2c,80,,Śrem,office,,mid,rocketjobs.pl,https://rocketjobs.pl/oferta-pracy/pzu-zycie-s-a--doradca-klienta-k-m--srem-sales-finanse-bankowosc-ubezpieczenia,2026-09-15,"sprzedaż, obsługa klienta"
PZU Życie S.A.,disqualified,71.6,Doradca Klienta (k/m),high_ticket_b2c,80,,Gryfino,office,,mid,rocketjobs.pl,https://rocketjobs.pl/oferta-pracy/pzu-zycie-s-a--doradca-klienta-k-m--gryfino-sales-finanse-bankowosc-ubezpieczenia,2026-09-15,"sprzedaż, obsługa klienta"
PZU Życie S.A.,disqualified,71.6,Doradca Klienta (k/m),high_ticket_b2c,80,,Brodnica,office,,mid,rocketjobs.pl,https://rocketjobs.pl/oferta-pracy/pzu-zycie-s-a--doradca-klienta-k-m--brodnica-sales-finanse-bankowosc-ubezpieczenia,2026-09-15,"sprzedaż, obsługa klienta"
PZU Życie S.A.,disqualified,71.6,Doradca Klienta (k/m),high_ticket_b2c,80,,Nowy Sącz,office,,mid,rocketjobs.pl,https://rocketjobs.pl/oferta-pracy/pzu-zycie-s-a--doradca-klienta-k-m--nowy-sacz-sales-finanse-bankowosc-ubezpieczenia,2026-09-15,"sprzedaż, obsługa klienta"
PZU Życie S.A.,disqualified,71.6,Doradca Klienta (k/m),high_ticket_b2c,80,,Łódź,office,,mid,rocketjobs.pl,https://rocketjobs.pl/oferta-pracy/pzu-zycie-s-a--doradca-klienta-k-m--lodz-sales-finanse-bankowosc-ubezpieczenia,2026-09-15,"sprzedaż, obsługa klienta"
PZU Życie S.A.,disqualified,71.6,Doradca Klienta (k/m),high_ticket_b2c,80,,Katowice,office,,mid,rocketjobs.pl,https://rocketjobs.pl/oferta-pracy/pzu-zycie-s-a--doradca-klienta-k-m--katowice-sales-finanse-bankowosc-ubezpieczenia,2026-09-15,"sprzedaż, obsługa klienta"
PZU Życie S.A.,disqualified,71.6,Doradca Klienta (k/m),high_ticket_b2c,80,,Sulechów,office,,mid,rocketjobs.pl,https://rocketjobs.pl/oferta-pracy/pzu-zycie-s-a--doradca-klienta-k-m--sulechow-sales-finanse-bankowosc-ubezpieczenia,2026-09-15,"sprzedaż, obsługa klienta"
PZU Życie S.A.,disqualified,71.6,Doradca Klienta (k/m),high_ticket_b2c,80,,Wrocław,office,,mid,rocketjobs.pl,https://rocketjobs.pl/oferta-pracy/pzu-zycie-s-a--doradca-klienta-k-m--wroclaw-sales-finanse-bankowosc-ubezpieczenia,2026-09-15,"sprzedaż, obsługa klienta"
PZU Życie S.A.,disqualified,71.6,Doradca Klienta (k/m),high_ticket_b2c,80,,Gliwice,office,,mid,rocketjobs.pl,https://rocketjobs.pl/oferta-pracy/pzu-zycie-s-a--doradca-klienta-k-m--gliwice-sales-finanse-bankowosc-ubezpieczenia,2026-09-15,"sprzedaż, obsługa klienta"
PZU Życie S.A.,disqualified,71.6,Doradca Klienta (k/m),high_ticket_b2c,80,,Kartuzy,office,,mid,rocketjobs.pl,https://rocketjobs.pl/oferta-pracy/pzu-zycie-s-a--doradca-klienta-k-m--kartuzy-sales-finanse-bankowosc-ubezpieczenia,2026-09-15,"sprzedaż, obsługa klienta"
PZU Życie S.A.,disqualified,71.6,Doradca Klienta (k/m),high_ticket_b2c,80,,Strzelce Opolskie,office,,mid,rocketjobs.pl,https://rocketjobs.pl/oferta-pracy/pzu-zycie-s-a--doradca-klienta-k-m--strzelce-opolskie-sales-finanse-bankowosc-ubezpieczenia,2026-09-15,"sprzedaż, obsługa klienta"
PZU Życie S.A.,disqualified,71.6,Doradca Klienta (k/m),high_ticket_b2c,80,,Pleszew,office,,mid,rocketjobs.pl,https://rocketjobs.pl/oferta-pracy/pzu-zycie-s-a--doradca-klienta-k-m--pleszew-sales-finanse-bankowosc-ubezpieczenia,2026-09-15,"sprzedaż, obsługa klienta"
PZU Życie S.A.,disqualified,71.6,Doradca Klienta (k/m),high_ticket_b2c,80,,Mińsk Mazowiecki,office,,mid,rocketjobs.pl,https://rocketjobs.pl/oferta-pracy/pzu-zycie-s-a--doradca-klienta-k-m--minsk-mazowiecki-sales-finanse-bankowosc-ubezpieczenia,2026-09-15,"sprzedaż, obsługa klienta"
PZU Życie S.A.,disqualified,71.6,Doradca Klienta (k/m),high_ticket_b2c,80,,Braniewo,office,,mid,rocketjobs.pl,https://rocketjobs.pl/oferta-pracy/pzu-zycie-s-a--doradca-klienta-k-m--braniewo-sales-finanse-bankowosc-ubezpieczenia,2026-09-15,"sprzedaż, obsługa klienta"
PZU Życie S.A.,disqualified,71.6,Doradca Klienta (k/m),high_ticket_b2c,80,,Janów Lubelski,office,,mid,rocketjobs.pl,https://rocketjobs.pl/oferta-pracy/pzu-zycie-s-a--doradca-klienta-k-m--janow-lubelski-sales-finanse-bankowosc-ubezpieczenia,2026-09-15,"sprzedaż, obsługa klienta"
PZU Życie S.A.,disqualified,71.6,Doradca Klienta (k/m),high_ticket_b2c,80,,Świnoujście,office,,mid,rocketjobs.pl,https://rocketjobs.pl/oferta-pracy/pzu-zycie-s-a--doradca-klienta-k-m--swinoujscie-sales-finanse-bankowosc-ubezpieczenia,2026-09-15,"sprzedaż, obsługa klienta"
PZU Życie S.A.,disqualified,71.6,Doradca Klienta (k/m),high_ticket_b2c,80,,Bydgoszcz,office,,mid,rocketjobs.pl,https://rocketjobs.pl/oferta-pracy/pzu-zycie-s-a--doradca-klienta-k-m--bydgoszcz-sales-finanse-bankowosc-ubezpieczenia,2026-09-15,"sprzedaż, obsługa klienta"
PZU Życie S.A.,disqualified,71.6,Doradca Klienta (k/m),high_ticket_b2c,80,,Dąbrowa Górnicza,office,,mid,rocketjobs.pl,https://rocketjobs.pl/oferta-pracy/pzu-zycie-s-a--doradca-klienta-k-m--dabrowa-gornicza-sales-finanse-bankowosc-ubezpieczenia,2026-09-15,"sprzedaż, obsługa klienta"
PZU Życie S.A.,disqualified,71.6,Doradca Klienta (k/m),high_ticket_b2c,80,,Poznań,office,,mid,rocketjobs.pl,https://rocketjobs.pl/oferta-pracy/pzu-zycie-s-a--doradca-klienta-k-m--poznan-sales-finanse-bankowosc-ubezpieczenia,2026-09-15,"sprzedaż, obsługa klienta"
PZU Życie S.A.,disqualified,71.6,Doradca Klienta (k/m),high_ticket_b2c,80,,Kępno,office,,mid,rocketjobs.pl,https://rocketjobs.pl/oferta-pracy/pzu-zycie-s-a--doradca-klienta-k-m--kepno-sales-finanse-bankowosc-ubezpieczenia,2026-09-15,"sprzedaż, obsługa klienta"
PZU Życie S.A.,disqualified,71.6,Doradca Klienta (k/m),high_ticket_b2c,80,,Sępólno Krajeńskie,office,,mid,rocketjobs.pl,https://rocketjobs.pl/oferta-pracy/pzu-zycie-s-a--doradca-klienta-k-m--sepolno-krajenskie-sales-finanse-bankowosc-ubezpieczenia,2026-09-15,"sprzedaż, obsługa klienta"
PZU Życie S.A.,disqualified,71.6,Doradca Klienta (k/m),high_ticket_b2c,80,,Kościan,office,,mid,rocketjobs.pl,https://rocketjobs.pl/oferta-pracy/pzu-zycie-s-a--doradca-klienta-k-m--koscian-sales-finanse-bankowosc-ubezpieczenia,2026-09-15,"sprzedaż, obsługa klienta"
PZU Życie S.A.,disqualified,71.6,Doradca Klienta (k/m),high_ticket_b2c,80,,Myszków,office,,mid,rocketjobs.pl,https://rocketjobs.pl/oferta-pracy/pzu-zycie-s-a--doradca-klienta-k-m--myszkow-sales-finanse-bankowosc-ubezpieczenia,2026-09-15,"sprzedaż, obsługa klienta"
PZU Życie S.A.,disqualified,71.6,Doradca Klienta (k/m),high_ticket_b2c,80,,Łomianki,office,,mid,rocketjobs.pl,https://rocketjobs.pl/oferta-pracy/pzu-zycie-s-a--doradca-klienta-k-m--lomianki-sales-finanse-bankowosc-ubezpieczenia,2026-09-15,"sprzedaż, obsługa klienta"
PZU Życie S.A.,disqualified,71.6,Menedżerka / Menedżer Zespołu Sprzedaży,generic_sales,50,,Opole,hybrid,10000-21500 PLN/month b2b,manager,rocketjobs.pl,https://rocketjobs.pl/oferta-pracy/pzu-zycie-s-a--menedzerka-menedzer-zespolu-sprzedazy-opole-sales-finanse-bankowosc-ubezpieczenia-f01e6886,2026-07-08,"Wykształcenie średnie, zarządzanie zespołem"
PZU Życie S.A.,disqualified,71.6,Menedżer Sprzedaży,generic_sales,50,,Warszawa,office,,manager,rocketjobs.pl,https://rocketjobs.pl/oferta-pracy/pzu-zycie-s-a--menedzer-sprzedazy-warszawa-sales-finanse-bankowosc-ubezpieczenia-897e3638,2026-08-20,"zarządzanie zespołem, zarządzanie sprzedażą"
PZU Życie S.A.,disqualified,71.6,Menedżerka / Menedżer Zespołu Sprzedaży,generic_sales,50,,Poznań,hybrid,10000-22000 PLN/month b2b,manager,rocketjobs.pl,https://rocketjobs.pl/oferta-pracy/pzu-zycie-s-a--menedzerka-menedzer-zespolu-sprzedazy-poznan-sales-finanse-bankowosc-ubezpieczenia,2026-09-16,"zarządzanie zespołem, prawo jazdy kat. B, niekaralność, Wykształcenie średnie"
PZU Życie S.A.,disqualified,71.6,Menedżerka / Menedżer Zespołu Sprzedaży,generic_sales,50,,Kalisz,hybrid,10000-22000 PLN/month b2b,manager,rocketjobs.pl,https://rocketjobs.pl/oferta-pracy/pzu-zycie-s-a--menedzerka-menedzer-zespolu-sprzedazy-kalisz-sales-finanse-bankowosc-ubezpieczenia,2026-09-16,"zarządzanie zespołem, prawo jazdy kat. B, niekaralność, Wykształcenie średnie"
PZU Życie S.A.,disqualified,71.6,Menedżerka / Menedżer Zespołu Sprzedaży,generic_sales,50,,Wrocław,hybrid,10000-22000 PLN/month b2b,manager,rocketjobs.pl,https://rocketjobs.pl/oferta-pracy/pzu-zycie-s-a--menedzerka-menedzer-zespolu-sprzedazy-wroclaw-sales-finanse-bankowosc-ubezpieczenia,2026-07-08,"zarządzanie zespołem, prawo jazdy kat. B, niekaralność, Wykształcenie średnie"
EuroCert,qualified,71.1,Specjalista/specjalistka ds. pozyskiwania klientów B2B,sdr_bdr_inside,99,script_crm|b2b_inbound_outbound,Warszawa,office,,mid,rocketjobs.pl,https://rocketjobs.pl/oferta-pracy/eurocert-specjalista-specjalistka-ds-pozyskiwania-klientow-b2b-warszawa-sales-uslugi-profesjonalne,2026-09-21,"sprzedaż, CRM, sprzedaż B2B, Microsoft Office"
EuroCert,qualified,71.1,Kierownik/Kierowniczka Zespołu Sprzedaży,generic_sales,50,,Warszawa,office,,mid,rocketjobs.pl,https://rocketjobs.pl/oferta-pracy/eurocert-kierownik-kierowniczka-zespolu-sprzedazy-warszawa-sales-it-i-telekomunikacja,2026-09-08,"sprzedaż, zarządzanie zespołem, zarządzanie sprzedażą"
FERONA POLSKA S.A.,qualified,70.9,Młodszy Specjalista / Młodsza Specjalistka ds. Pozyskiwania Klientów,sdr_bdr_inside,96,junior_ramp,Mysłowice,Stacjonarna,5 000 zł brutto/mies.,Młodszy specjalista / młodsza specjalistka (junior),praca.pl,https://www.praca.pl/mlodszy-specjalista-mlodsza-specjalistka-ds-pozyskiwania-klientow_11445445.html,wczoraj,"Szukamy osoby z energią, ambicją i chęcią rozwoju! Jesteśmy firmą działającą w branży hurtowej sprzedaży stali. Rozwijamy sprzedaż i szukamy osoby, która pomoże nam docierać do nowych klientów. Nie wymagamy doświadczenia w branży stalowej - ważniejsze są dla nas zaangażowanie,..."
LiveKid,qualified,70.9,Junior Sales Development Representative,sdr_bdr_inside,96,junior_ramp,Kraków,office,6250-6500 PLN/month b2b,junior,rocketjobs.pl,https://rocketjobs.pl/oferta-pracy/livekid-junior-sales-development-representative-krakow-sales-it-i-telekomunikacja,2026-09-24,"sprzedaż, łatwość nawiązywania kontaktów"
vamospay,qualified,70.9,Junior Sales Representative,sdr_bdr_inside,96,junior_ramp,Warszawa,mobile,5500-10000 PLN/month permanent,junior,rocketjobs.pl,https://rocketjobs.pl/oferta-pracy/vamospay-junior-sales-representative-warszawa-sales-finanse-bankowosc-ubezpieczenia,2026-09-07,"aktywne pozyskiwanie klientów, komunikatywność, samodzielność, prospecting"
Whatever.gg,qualified,70.7,Junior Account Executive,ae_b2b_saas,90,remote|junior_ramp,Warszawa,remote,4000-8000 PLN/month mandate_contract,junior,rocketjobs.pl,https://rocketjobs.pl/oferta-pracy/whatever-gg-junior-account-executive-warszawa-sales-marketing-reklama-media,2026-09-25,"prospecting, project management, account manager, Google Workspace, zarządzanie sprzedażą"
Whatever.gg,qualified,70.7,Business Development Manager / Sales Manager,sales_leadership,78,remote|b2b_inbound_outbound,Wrocław,remote,4000-10000 PLN/month b2b,mid,rocketjobs.pl,https://rocketjobs.pl/oferta-pracy/whatever-gg-business-development-manager-sales-manager-wroclaw-sales-marketing-reklama-media,2026-09-16,"zarządzanie sprzedażą, sprzedaż, prospecting, cold outreach, komunikatywność, organizacja czasu pracy, pozyskiwanie klientów"
Castorama Polska Sp. z o.o.,disqualified,70.4,Kierownik/-czka ds. Rozwoju Sprzedaży B2B,ae_b2b_saas,84,b2b_inbound_outbound,Warszawa,hybrid,,manager,rocketjobs.pl,https://rocketjobs.pl/oferta-pracy/castorama-polska-sp-z-o-o--kierownik--czka-ds-rozwoju-sprzedazy-b2b-warszawa-sales-uslugi-profesjonalne,2026-07-29,"sprzedaż B2B, rozwój biznesu, zarządzanie strukturami sprzedażowymi, budowanie relacji, zarządzanie projektami"
Castorama Polska Sp. z o.o.,disqualified,70.4,Doradca/-czyni Handlowy/-a - 1/2 etatu,generic_sales,50,,Tarnów,office,,mid,rocketjobs.pl,https://rocketjobs.pl/oferta-pracy/castorama-polska-sp-z-o-o--doradca--czyni-handlowy--a---1-2-etatu-tarnow-sales-sieci-handlowe,2026-09-16,"obsługa klienta, sprzedaż, komunikacja"
Castorama Polska Sp. z o.o.,disqualified,70.4,Doradca/-czyni Handlowy/-a,generic_sales,50,,Ełk,office,,mid,rocketjobs.pl,https://rocketjobs.pl/oferta-pracy/castorama-polska-sp-z-o-o--doradca--czyni-handlowy--a-elk-sales-sieci-handlowe,2026-07-28,"komunikacja, obsługa klienta, sprzedaż"
Castorama Polska Sp. z o.o.,disqualified,70.4,Doradca/-czyni Handlowy/-a  Cały Etat,generic_sales,50,,Bielany Wrocławskie,office,,mid,rocketjobs.pl,https://rocketjobs.pl/oferta-pracy/castorama-polska-sp-z-o-o--doradca--czyni-handlowy--a-caly-etat-bielany-wroclawskie-sales-sieci-handlowe-efe9dd70,2026-09-01,"obsługa klienta, sprzedaż"
Castorama Polska Sp. z o.o.,disqualified,70.4,Doradca/-czyni Handlowy/-a 1/2 etatu / weekend,generic_sales,50,,Bielany Wrocławskie,office,,mid,rocketjobs.pl,https://rocketjobs.pl/oferta-pracy/castorama-polska-sp-z-o-o--doradca--czyni-handlowy--a-1-2-etatu-weekend-bielany-wroclawskie-sales-inne,2026-09-01,"obsługa klienta, komunikacja, praca zespołowa"
Castorama Polska Sp. z o.o.,disqualified,70.4,Doradca/-czyni Handlowy/-a (od 1/4 do pełnego etatu),generic_sales,50,,Kraków,office,,mid,rocketjobs.pl,https://rocketjobs.pl/oferta-pracy/castorama-polska-sp-z-o-o--doradca--czyni-handlowy--a-od-1-4-do-pelnego-etatu--krakow-sales-sieci-handlowe,2026-09-03,"obsługa klienta, komunikacja, praca w zespole, Gotowość do pracy fizycznej"
Castorama Polska Sp. z o.o.,disqualified,70.4,Doradca/-czyni Handlowy/-a,generic_sales,50,,Żywiec,office,,mid,rocketjobs.pl,https://rocketjobs.pl/oferta-pracy/castorama-polska-sp-z-o-o--doradca--czyni-handlowy--a-zywiec-sales-sieci-handlowe-c7793023,2026-08-04,"obsługa klienta, sprzedaż, praca z klientem"
Castorama Polska Sp. z o.o.,disqualified,70.4,Doradca/-czyni Handlowy/-a 3/4 etatu,generic_sales,50,,Piła,office,,mid,rocketjobs.pl,https://rocketjobs.pl/oferta-pracy/castorama-polska-sp-z-o-o--doradca--czyni-handlowy--a-3-4-etatu-pila-sales-sieci-handlowe-5c8eecbd,2026-08-31,"sprzedaż, obsługa klienta, ekspozycja produktów"
Castorama Polska Sp. z o.o.,disqualified,70.4,Doradca/-czyni Handlowy/-a - Olsztyn,generic_sales,50,,Olsztyn,office,,mid,rocketjobs.pl,https://rocketjobs.pl/oferta-pracy/castorama-polska-sp-z-o-o--doradca--czyni-handlowy--a---olsztyn-olsztyn-sales-inne,2026-09-09,"sprzedaż, obsługa klienta, praca w zespole"
Castorama Polska Sp. z o.o.,disqualified,70.4,Doradca/-czyni Handlowy/-a - cały etat / część etatu,generic_sales,50,,Swarzędz,office,,mid,rocketjobs.pl,https://rocketjobs.pl/oferta-pracy/castorama-polska-sp-z-o-o--doradca--czyni-handlowy--a---caly-etat-czesc-etatu-swarzedz-sales-sieci-handlowe,2026-08-04,"obsługa klienta, sprzedaż, praca z klientem"
Castorama Polska Sp. z o.o.,disqualified,70.4,Doradca/-czyni Handlowy/-a 1/2 etatu,generic_sales,50,,Rumia,office,,mid,rocketjobs.pl,https://rocketjobs.pl/oferta-pracy/castorama-polska-sp-z-o-o--doradca--czyni-handlowy--a-1-2-etatu-rumia-sales-sieci-handlowe,2026-08-31,"sprzedaż, obsługa klienta, ekspozycja produktów"
Castorama Polska Sp. z o.o.,disqualified,70.4,Doradca/-czyni Handlowy/-a Część etatu/ weekend,generic_sales,50,,Toruń,office,,mid,rocketjobs.pl,https://rocketjobs.pl/oferta-pracy/castorama-polska-sp-z-o-o--doradca--czyni-handlowy--a-czesc-etatu-weekend-torun-sales-sieci-handlowe,2026-09-09,"sprzedaż, obsługa klienta, komunikacja"
Castorama Polska Sp. z o.o.,disqualified,70.4,Doradca/-czyni Handlowy/-a,generic_sales,50,,Tychy,office,,mid,rocketjobs.pl,https://rocketjobs.pl/oferta-pracy/castorama-polska-sp-z-o-o--doradca--czyni-handlowy--a-tychy-sales-inne,2026-08-25,"obsługa klienta, komunikacja, praca zespołowa"
Castorama Polska Sp. z o.o.,disqualified,70.4,Doradca/-czyni Handlowy/-a,generic_sales,50,,Rumia,office,,mid,rocketjobs.pl,https://rocketjobs.pl/oferta-pracy/castorama-polska-sp-z-o-o--doradca--czyni-handlowy--a-rumia-sales-sieci-handlowe,2026-09-18,"obsługa klienta, sprzedaż, merchandising"
Castorama Polska Sp. z o.o.,disqualified,70.4,Doradca/-czyni Handlowy/-a cały etat,generic_sales,50,,Stalowa Wola,office,,mid,rocketjobs.pl,https://rocketjobs.pl/oferta-pracy/castorama-polska-sp-z-o-o--doradca--czyni-handlowy--a-caly-etat-stalowa-wola-sales-sieci-handlowe,2026-08-13,"obsługa klienta, sprzedaż"
Castorama Polska Sp. z o.o.,disqualified,70.4,Doradca/-czyni Handlowy/-a (cały i niepełny etat),generic_sales,50,,Gliwice,office,,mid,rocketjobs.pl,https://rocketjobs.pl/oferta-pracy/castorama-polska-sp-z-o-o--doradca--czyni-handlowy--a-caly-i-niepelny-etat--gliwice-sales-sieci-handlowe,2026-08-27,"sprzedaż, obsługa klienta, ekspozycja produktów"
Castorama Polska Sp. z o.o.,disqualified,70.4,Doradca/-czyni Handlowy/-a 3/4 etatu,generic_sales,50,,Leszno,office,,mid,rocketjobs.pl,https://rocketjobs.pl/oferta-pracy/castorama-polska-sp-z-o-o--doradca--czyni-handlowy--a-3-4-etatu-leszno-sales-sieci-handlowe,2026-09-02,"obsługa klienta, komunikacja, praca w zespole, Gotowość do pracy fizycznej"
Castorama Polska Sp. z o.o.,disqualified,70.4,Doradca/-czyni Handlowy/-a 3/4 etatu,generic_sales,50,,Szczecin,office,,mid,rocketjobs.pl,https://rocketjobs.pl/oferta-pracy/castorama-polska-sp-z-o-o--doradca--czyni-handlowy--a-3-4-etatu-szczecin-sales-sieci-handlowe,2026-07-31,"obsługa klienta, sprzedaż, praca z klientem"
Castorama Polska Sp. z o.o.,disqualified,70.4,Zastępca/-czyni Kierownika/-czki Sektora Handlowego,generic_sales,50,,Kędzierzyn-Koźle,office,,senior,rocketjobs.pl,https://rocketjobs.pl/oferta-pracy/castorama-polska-sp-z-o-o--zastepca--czyni-kierownika--czki-sektora-handlowego-kedzierzyn-kozle-sales-sieci-handlowe,2026-09-11,"obsługa klienta, zarządzanie zespołem, Microsoft Office"
Castorama Polska Sp. z o.o.,disqualified,70.4,Doradca/-czyni Handlowy/-a 1/2 etatu,generic_sales,50,,Opole,office,,mid,rocketjobs.pl,https://rocketjobs.pl/oferta-pracy/castorama-polska-sp-z-o-o--doradca--czyni-handlowy--a-1-2-etatu-opole-sales-sieci-handlowe,2026-09-08,"obsługa klienta, komunikacja, praca w zespole, Gotowość do pracy fizycznej"
Castorama Polska Sp. z o.o.,disqualified,70.4,Doradca/-czyni Handlowy/-a cały etat,generic_sales,50,,Olsztyn,office,,mid,rocketjobs.pl,https://rocketjobs.pl/oferta-pracy/castorama-polska-sp-z-o-o--doradca--czyni-handlowy--a-caly-etat-olsztyn-sales-sieci-handlowe,2026-08-06,"obsługa klienta, sprzedaż"
Castorama Polska Sp. z o.o.,disqualified,70.4,Doradca/-czyni Handlowy/-a,generic_sales,50,,Kraków,office,,mid,rocketjobs.pl,https://rocketjobs.pl/oferta-pracy/castorama-polska-sp-z-o-o--doradca--czyni-handlowy--a-krakow-sales-sieci-handlowe,2026-08-11,"obsługa klienta, sprzedaż, praca z klientem"
Castorama Polska Sp. z o.o.,disqualified,70.4,Doradca/-czyni Handlowy/-a,generic_sales,50,,Rzeszów,office,,mid,rocketjobs.pl,https://rocketjobs.pl/oferta-pracy/castorama-polska-sp-z-o-o--doradca--czyni-handlowy--a-rzeszow-sales-sieci-handlowe,2026-09-16,"obsługa klienta, sprzedaż, komunikacja"
JAGA Recruitment,disqualified,70.4, Regionalny Handlowiec / Doradca Klienta (k/m) - branża budowlana / fasady wentylowane,high_ticket_b2c,84,b2b_inbound_outbound,Opole,,6500.0-6500.0 PLN permanent,Mid,nofluffjobs.com,https://nofluffjobs.com/pl/job/regionalny-handlowiec-doradca-klienta-k-m-branza-budowlana-fasady-wentylowane-jaga-recruitment-opole,2026-09-30,"MS Office, Prawo jazdy kat. B, Sprzedaż B2B, CAD"
JAGA Recruitment,disqualified,70.4, Regionalny Handlowiec / Doradca Klienta (k/m) - branża budowlana / fasady wentylowane,high_ticket_b2c,84,b2b_inbound_outbound,Wrocław,,6500.0-6500.0 PLN permanent,Mid,nofluffjobs.com,https://nofluffjobs.com/pl/job/regionalny-handlowiec-doradca-klienta-k-m-branza-budowlana-fasady-wentylowane-jaga-recruitment-wroclaw,2026-09-30,"MS Office, Prawo jazdy kat. B, Sprzedaż B2B, CAD"
JAGA Recruitment,disqualified,70.4, Regionalny Handlowiec / Doradca Klienta (k/m) - branża budowlana / fasady wentylowane,high_ticket_b2c,84,b2b_inbound_outbound,Poznań,,6500.0-6500.0 PLN permanent,Mid,nofluffjobs.com,https://nofluffjobs.com/pl/job/regionalny-handlowiec-doradca-klienta-k-m-branza-budowlana-fasady-wentylowane-jaga-recruitment-poznan,2026-09-30,"MS Office, Prawo jazdy kat. B, Sprzedaż B2B, CAD"
JAGA Recruitment,disqualified,70.4,Doradca Handlowy - Wyposażenie Wnętrz (wyposażenie łazienek) | Nowy Showroom Warszawa,high_ticket_b2c,80,,Warszawa,,6500.0-8500.0 PLN permanent,Mid,nofluffjobs.com,https://nofluffjobs.com/pl/job/doradca-handlowy-wyposazenie-wnetrz-wyposazenie-lazienek-nowy-showroom-warszawa-jaga-recruitment-warszawa,2026-09-29,"Doświadczenie, Dokładność, Komunikatywność, Comarch Optima"
JAGA Recruitment,disqualified,70.4,Handlowiec / Doradca Klienta (k/m) - Wyposażenie Wnętrz | Nowy Showroom Warszawa Centrum,high_ticket_b2c,80,,Warszawa,,10000.0-13000.0 PLN b2b,Mid,nofluffjobs.com,https://nofluffjobs.com/pl/job/handlowiec-doradca-klienta-k-m-wyposazenie-wnetrz-nowy-showroom-warszawa-centrum-jaga-recruitment-warszawa,2026-09-29,"Doświadczenie, Wnętrza, Samodzielność, pl"
JAGA Recruitment,disqualified,70.4,Key Account Manager / Handlowiec - wyposażenie łazienek | Nowy Showroom Warszawa Śródmieście,account_mgmt,55,,Warszawa,,10000.0-15000.0 PLN b2b,Mid,nofluffjobs.com,https://nofluffjobs.com/pl/job/key-account-manager-handlowiec-wyposazenie-lazienek-nowy-showroom-warszawa-srodmiescie-jaga-recruitment-warszawa,2026-10-04,"Doświadczenie, Sprzedaż, pl"
Millennium Leasing Sp. z o. o.,disqualified,70.4,Ekspert / Ekspertka ds. Leasing B2B,ae_b2b_saas,84,b2b_inbound_outbound,Warszawa,office,,mid,rocketjobs.pl,https://rocketjobs.pl/oferta-pracy/millennium-leasing-sp-z-o-o--ekspert-ekspertka-ds-leasing-b2b-warszawa-sales-finanse-bankowosc-ubezpieczenia,2026-07-31,"sprzedaż leasingu, negocjacje, obsługa klienta, sprzedaż, sprzedaż B2B"
Millennium Leasing Sp. z o. o.,disqualified,70.4,Specjalista/ Specjalistka ds. Finansowania B2B – Reprezentant Leasingowy | Rzeszów,ae_b2b_saas,84,b2b_inbound_outbound,Rzeszów,office,,mid,rocketjobs.pl,https://rocketjobs.pl/oferta-pracy/millennium-leasing-sp-z-o-o--specjalista-ds-leasingu-b2b-rzeszow-rzeszow-sales-finanse-bankowosc-ubezpieczenia,2026-03-05,"leasing, realizacja celów sprzedażowych, finanse, bankowość, pozyskiwanie klientów, negocjacje, sprzedaż"
Millennium Leasing Sp. z o. o.,disqualified,70.4,Specjalista/ Specjalistka ds. Finansowania B2B – Reprezentant Leasingowy | Rybnik,ae_b2b_saas,84,b2b_inbound_outbound,Rybnik,office,,mid,rocketjobs.pl,https://rocketjobs.pl/oferta-pracy/millennium-leasing-sp-z-o-o--specjalista-ds-leasingu-b2b-rybnik-rybnik-sales-finanse-bankowosc-ubezpieczenia,2026-03-05,"leasing, realizacja celów sprzedażowych, finanse, bankowość, pozyskiwanie klientów, negocjacje, sprzedaż"
Millennium Leasing Sp. z o. o.,disqualified,70.4,Specjalista/ Specjalistka ds. Finansowania B2B – Reprezentant Leasingowy | Warszawa,ae_b2b_saas,84,b2b_inbound_outbound,Warszawa,office,,mid,rocketjobs.pl,https://rocketjobs.pl/oferta-pracy/millennium-leasing-sp-z-o-o--specjalista-ds-leasingu-b2b-warszawa-warszawa-sales-finanse-bankowosc-ubezpieczenia,2026-03-05,"leasing, realizacja celów sprzedażowych, finanse, bankowość, pozyskiwanie klientów, negocjacje, sprzedaż"
Millennium Leasing Sp. z o. o.,disqualified,70.4,Specjalista/ Specjalistka ds. Finansowania B2B – Reprezentant Leasingowy | Bydgoszcz,ae_b2b_saas,84,b2b_inbound_outbound,Bydgoszcz,office,,mid,rocketjobs.pl,https://rocketjobs.pl/oferta-pracy/millennium-leasing-sp-z-o-o--specjalista-ds-leasingu-b2b-bydgoszcz-bydgoszcz-sales-finanse-bankowosc-ubezpieczenia,2026-03-05,"leasing, realizacja celów sprzedażowych, finanse, bankowość, pozyskiwanie klientów, negocjacje, sprzedaż"
Millennium Leasing Sp. z o. o.,disqualified,70.4,Specjalista/ Specjalistka ds. Finansowania B2B – Reprezentant Leasingowy | Leszno,ae_b2b_saas,84,b2b_inbound_outbound,Leszno,office,,mid,rocketjobs.pl,https://rocketjobs.pl/oferta-pracy/millennium-leasing-sp-z-o-o--specjalista-ds-leasingu-b2b-leszno-leszno-sales-finanse-bankowosc-ubezpieczenia,2026-03-05,"leasing, realizacja celów sprzedażowych, finanse, bankowość, pozyskiwanie klientów, negocjacje, sprzedaż"
Millennium Leasing Sp. z o. o.,disqualified,70.4,Specjalista/ Specjalistka ds. Finansowania B2B – Reprezentant Leasingowy | Olsztyn,ae_b2b_saas,84,b2b_inbound_outbound,Olsztyn,office,,mid,rocketjobs.pl,https://rocketjobs.pl/oferta-pracy/millennium-leasing-sp-z-o-o--specjalista-ds-leasingu-b2b-olsztyn-olsztyn-sales-finanse-bankowosc-ubezpieczenia,2026-03-05,"leasing, realizacja celów sprzedażowych, finanse, bankowość, pozyskiwanie klientów, negocjacje, sprzedaż"
Millennium Leasing Sp. z o. o.,disqualified,70.4,Specjalista/ Specjalistka ds. Finansowania B2B – Reprezentant Leasingowy | Piła,ae_b2b_saas,84,b2b_inbound_outbound,Piła,office,,mid,rocketjobs.pl,https://rocketjobs.pl/oferta-pracy/millennium-leasing-sp-z-o-o--specjalista-ds-leasingu-b2b-pila-pila-sales-finanse-bankowosc-ubezpieczenia,2026-03-05,"leasing, realizacja celów sprzedażowych, finanse, bankowość, pozyskiwanie klientów, negocjacje, sprzedaż"
Millennium Leasing Sp. z o. o.,disqualified,70.4,Specjalista/ Specjalistka ds. Finansowania B2B – Reprezentant Leasingowy | Poznań,ae_b2b_saas,84,b2b_inbound_outbound,Poznań,office,,mid,rocketjobs.pl,https://rocketjobs.pl/oferta-pracy/millennium-leasing-sp-z-o-o--specjalista-ds-leasingu-b2b-torun-poznan-sales-finanse-bankowosc-ubezpieczenia,2026-03-05,"leasing, realizacja celów sprzedażowych, finanse, bankowość, pozyskiwanie klientów, negocjacje, sprzedaż"
Millennium Leasing Sp. z o. o.,disqualified,70.4,Specjalista/ Specjalistka ds. Finansowania B2B – Reprezentant Leasingowy | Katowice,ae_b2b_saas,84,b2b_inbound_outbound,Katowice,office,,mid,rocketjobs.pl,https://rocketjobs.pl/oferta-pracy/millennium-leasing-sp-z-o-o--specjalista-ds-leasingu-b2b-katowice-katowice-sales-finanse-bankowosc-ubezpieczenia,2026-03-05,"leasing, realizacja celów sprzedażowych, finanse, bankowość, pozyskiwanie klientów, negocjacje, sprzedaż"
Millennium Leasing Sp. z o. o.,disqualified,70.4,Specjalista/ Specjalistka ds. Finansowania B2B – Reprezentant Leasingowy | Bielsko-Biała,ae_b2b_saas,84,b2b_inbound_outbound,Bielsko-Biała,office,,mid,rocketjobs.pl,https://rocketjobs.pl/oferta-pracy/millennium-leasing-sp-z-o-o--specjalista-ds-leasingu-b2b-bielsko-biala-bielsko-biala-sales-finanse-bankowosc-ubezpieczenia,2026-03-05,"leasing, realizacja celów sprzedażowych, finanse, bankowość, pozyskiwanie klientów, negocjacje, sprzedaż"
Millennium Leasing Sp. z o. o.,disqualified,70.4,Specjalista/ Specjalistka ds. Finansowania B2B – Reprezentant Leasingowy | Kielce,ae_b2b_saas,84,b2b_inbound_outbound,Kielce,office,,mid,rocketjobs.pl,https://rocketjobs.pl/oferta-pracy/millennium-leasing-sp-z-o-o--specjalista-ds-leasingu-b2b-kielce-kielce-sales-finanse-bankowosc-ubezpieczenia,2026-03-05,"leasing, realizacja celów sprzedażowych, finanse, bankowość, pozyskiwanie klientów, negocjacje, sprzedaż"
Millennium Leasing Sp. z o. o.,disqualified,70.4,Specjalista/ Specjalistka ds. Leasingu B2B | Gorzów Wielkopolski,ae_b2b_saas,84,b2b_inbound_outbound,Gorzów Wielkopolski,office,,mid,rocketjobs.pl,https://rocketjobs.pl/oferta-pracy/millennium-leasing-sp-z-o-o--specjalista-ds-leasingu-b2b-gorzow-wielkopolski-gorzow-wielkopolski-sales-finanse-bankowosc-ubezpieczenia,2026-03-05,"leasing, realizacja celów sprzedażowych, finanse, bankowość, pozyskiwanie klientów, negocjacje, sprzedaż"
Millennium Leasing Sp. z o. o.,disqualified,70.4,Specjalista/ Specjalistka ds. Finansowania B2B – Reprezentant Leasingowy | Szczecin,ae_b2b_saas,84,b2b_inbound_outbound,Szczecin,office,,mid,rocketjobs.pl,https://rocketjobs.pl/oferta-pracy/millennium-leasing-sp-z-o-o--specjalista-ds-leasingu-b2b-szczecin-szczecin-sales-finanse-bankowosc-ubezpieczenia,2026-03-05,"leasing, realizacja celów sprzedażowych, finanse, bankowość, pozyskiwanie klientów, negocjacje, sprzedaż"
Millennium Leasing Sp. z o. o.,disqualified,70.4,Specjalista/ Specjalistka ds. Finansowania B2B – Reprezentant Leasingowy | Łódź,ae_b2b_saas,84,b2b_inbound_outbound,Łódź,office,,mid,rocketjobs.pl,https://rocketjobs.pl/oferta-pracy/millennium-leasing-sp-z-o-o--specjalista-ds-leasingu-b2b-lodz-lodz-sales-finanse-bankowosc-ubezpieczenia,2026-03-05,"leasing, realizacja celów sprzedażowych, finanse, bankowość, pozyskiwanie klientów, negocjacje, sprzedaż"
Millennium Leasing Sp. z o. o.,disqualified,70.4,Specjalista/ Specjalistka ds. Finansowania B2B – Reprezentant Leasingowy | Zielona Góra,ae_b2b_saas,84,b2b_inbound_outbound,Zielona Góra,office,,mid,rocketjobs.pl,https://rocketjobs.pl/oferta-pracy/millennium-leasing-sp-z-o-o--specjalista-ds-leasingu-b2b-zielona-gora-zielona-gora-sales-finanse-bankowosc-ubezpieczenia,2026-03-05,"leasing, realizacja celów sprzedażowych, finanse, bankowość, pozyskiwanie klientów, negocjacje, sprzedaż"
Millennium Leasing Sp. z o. o.,disqualified,70.4,Specjalista/ Specjalistka ds. Finansowania B2B – Reprezentant Leasingowy | Wrocław,ae_b2b_saas,84,b2b_inbound_outbound,Wrocław,office,,mid,rocketjobs.pl,https://rocketjobs.pl/oferta-pracy/millennium-leasing-sp-z-o-o--specjalista-ds-leasingu-b2b-wroclaw-wroclaw-sales-finanse-bankowosc-ubezpieczenia,2026-03-05,"leasing, realizacja celów sprzedażowych, finanse, bankowość, pozyskiwanie klientów, negocjacje, sprzedaż"
Millennium Leasing Sp. z o. o.,disqualified,70.4,Specjalista/ Specjalistka ds. Finansowania B2B – Reprezentant Leasingowy | Toruń,ae_b2b_saas,84,b2b_inbound_outbound,Toruń,office,,mid,rocketjobs.pl,https://rocketjobs.pl/oferta-pracy/millennium-leasing-sp-z-o-o--specjalista-ds-leasingu-b2b-torun-torun-sales-finanse-bankowosc-ubezpieczenia,2026-03-05,"leasing, realizacja celów sprzedażowych, finanse, bankowość, pozyskiwanie klientów, negocjacje, sprzedaż"
Millennium Leasing Sp. z o. o.,disqualified,70.4,Specjalista/ Specjalistka ds. Finansowania B2B – Reprezentant Leasingowy | Gdańsk,ae_b2b_saas,84,b2b_inbound_outbound,Gdańsk,office,,mid,rocketjobs.pl,https://rocketjobs.pl/oferta-pracy/millennium-leasing-sp-z-o-o--specjalista-ds-leasingu-b2b-gdansk-gdansk-sales-finanse-bankowosc-ubezpieczenia,2026-03-05,"leasing, realizacja celów sprzedażowych, finanse, bankowość, pozyskiwanie klientów, negocjacje, sprzedaż"
Millennium Leasing Sp. z o. o.,disqualified,70.4,Specjalista/ Specjalistka ds. Finansowania B2B – Reprezentant Leasingowy | Gliwice,ae_b2b_saas,84,b2b_inbound_outbound,Gliwice,office,,mid,rocketjobs.pl,https://rocketjobs.pl/oferta-pracy/millennium-leasing-sp-z-o-o--specjalista-ds-leasingu-b2b-gliwice-gliwice-sales-finanse-bankowosc-ubezpieczenia,2026-03-05,"leasing, realizacja celów sprzedażowych, finanse, bankowość, pozyskiwanie klientów, negocjacje, sprzedaż"
Millennium Leasing Sp. z o. o.,disqualified,70.4,Specjalista/ Specjalistka ds. Finansowania B2B – Reprezentant Leasingowy | Sopot,ae_b2b_saas,84,b2b_inbound_outbound,Sopot,office,,mid,rocketjobs.pl,https://rocketjobs.pl/oferta-pracy/millennium-leasing-sp-z-o-o--specjalista-ds-leasingu-b2b-sopot-sopot-sales-finanse-bankowosc-ubezpieczenia,2026-03-05,"leasing, realizacja celów sprzedażowych, finanse, bankowość, pozyskiwanie klientów, negocjacje, sprzedaż"
Millennium Leasing Sp. z o. o.,disqualified,70.4,Specjalista/ Specjalistka ds. Finansowania B2B – Reprezentant Leasingowy | Kraków,ae_b2b_saas,84,b2b_inbound_outbound,Kraków,office,,mid,rocketjobs.pl,https://rocketjobs.pl/oferta-pracy/millennium-leasing-sp-z-o-o--specjalista-ds-leasingu-b2b-krakow-krakow-sales-finanse-bankowosc-ubezpieczenia,2026-03-05,"leasing, realizacja celów sprzedażowych, finanse, bankowość, pozyskiwanie klientów, negocjacje, sprzedaż"
Millennium Leasing Sp. z o. o.,disqualified,70.4,Specjalista/ Specjalistka ds. Leasingu B2B | Chorzów,ae_b2b_saas,84,b2b_inbound_outbound,Chorzów,office,,mid,rocketjobs.pl,https://rocketjobs.pl/oferta-pracy/millennium-leasing-sp-z-o-o--specjalista-ds-leasingu-b2b-chorzow-chorzow-sales-finanse-bankowosc-ubezpieczenia,2026-03-05,"leasing, realizacja celów sprzedażowych, finanse, bankowość, pozyskiwanie klientów, negocjacje, sprzedaż"
Millennium Leasing Sp. z o. o.,disqualified,70.4,Specjalista/ Specjalistka ds. Finansowania B2B – Reprezentant Leasingowy | Lublin,ae_b2b_saas,84,b2b_inbound_outbound,Lublin,office,,mid,rocketjobs.pl,https://rocketjobs.pl/oferta-pracy/millennium-leasing-sp-z-o-o--specjalista-ds-leasingu-b2b-lublinlubli-lublin-sales-finanse-bankowosc-ubezpieczenia,2026-03-05,"leasing, realizacja celów sprzedażowych, finanse, bankowość, pozyskiwanie klientów, negocjacje, sprzedaż"
Millennium Leasing Sp. z o. o.,disqualified,70.4,Specjalista/ Specjalistka ds. Finansowania B2B – Reprezentant Leasingowy | Radom,ae_b2b_saas,84,b2b_inbound_outbound,Radom,office,,mid,rocketjobs.pl,https://rocketjobs.pl/oferta-pracy/millennium-leasing-sp-z-o-o--specjalista-ds-leasingu-b2b-radom-radom-sales-finanse-bankowosc-ubezpieczenia,2026-03-05,"leasing, realizacja celów sprzedażowych, finanse, bankowość, pozyskiwanie klientów, negocjacje, sprzedaż"
Millennium Leasing Sp. z o. o.,disqualified,70.4,Specjalista/ Specjalistka ds. Finansowania B2B – Reprezentant Leasingowy | Konin,ae_b2b_saas,84,b2b_inbound_outbound,Konin,office,,mid,rocketjobs.pl,https://rocketjobs.pl/oferta-pracy/millennium-leasing-sp-z-o-o--specjalista-ds-leasingu-b2b-konin-konin-sales-finanse-bankowosc-ubezpieczenia,2026-03-05,"leasing, realizacja celów sprzedażowych, finanse, bankowość, pozyskiwanie klientów, negocjacje, sprzedaż"
Millennium Leasing Sp. z o. o.,disqualified,70.4,Specjalista/ Specjalistka ds. Finansowania B2B – Reprezentant Leasingowy | Gdynia,ae_b2b_saas,84,b2b_inbound_outbound,Gdynia,office,,mid,rocketjobs.pl,https://rocketjobs.pl/oferta-pracy/millennium-leasing-sp-z-o-o--specjalista-ds-leasingu-b2b-gdynia-gdynia-sales-finanse-bankowosc-ubezpieczenia,2026-03-05,"leasing, realizacja celów sprzedażowych, finanse, bankowość, pozyskiwanie klientów, negocjacje, sprzedaż"
Millennium Leasing Sp. z o. o.,disqualified,70.4,Doradca / Doradczyni ds. Leasingu – rynek samochodów osobowych i dostawczych,high_ticket_b2c,80,,Szczecin,office,,mid,rocketjobs.pl,https://rocketjobs.pl/oferta-pracy/millennium-leasing-sp-z-o-o--doradca-doradczyni-ds-leasingu---rynek-samochodow-osobowych-i-dostawczych-szczecin-sales-finanse-bankowosc-ubezpieczenia,2026-07-16,"sprzedaż leasingu, prawo jazdy kat. B, negocjacje, obsługa klienta, sprzedaż"
Millennium Leasing Sp. z o. o.,disqualified,70.4,Doradca / Doradczyni ds. Leasingu – rynek samochodów osobowych i dostawczych,high_ticket_b2c,80,,Warszawa,office,,mid,rocketjobs.pl,https://rocketjobs.pl/oferta-pracy/millennium-leasing-sp-z-o-o--doradca-doradczyni-ds-leasingu---rynek-samochodow-osobowych-i-dostawczych-warszawa-sales-finanse-bankowosc-ubezpieczenia,2026-07-16,"sprzedaż leasingu, prawo jazdy kat. B, negocjacje, obsługa klienta, sprzedaż"
Tekton Poperty,qualified,70.4,Agent/ka Nieruchomości,high_ticket_b2c,84,remote,Gdańsk,remote,15000-45000 PLN/month mandate_contract,mid,rocketjobs.pl,https://rocketjobs.pl/oferta-pracy/tekton-poperty-agent-ka-nieruchomosci-gdansk-sales-nieruchomosci-budownictwo,2026-08-20,odpowiedzialność
Tekton Poperty,qualified,70.4,Agent/ka Nieruchomości,high_ticket_b2c,84,remote,Gdynia,remote,15000-45000 PLN/month mandate_contract,mid,rocketjobs.pl,https://rocketjobs.pl/oferta-pracy/tekton-poperty-agent-ka-nieruchomosci-gdynia-sales-nieruchomosci-budownictwo,2026-08-20,odpowiedzialność
Tekton Poperty,qualified,70.4,Agent/ka Nieruchomości,high_ticket_b2c,84,remote,Opole,remote,15000-45000 PLN/month mandate_contract,mid,rocketjobs.pl,https://rocketjobs.pl/oferta-pracy/tekton-poperty-agent-ka-nieruchomosci-opole-sales-nieruchomosci-budownictwo,2026-08-20,odpowiedzialność
Tekton Poperty,qualified,70.4,Agent/ka Nieruchomości,high_ticket_b2c,84,remote,Warszawa,remote,15000-45000 PLN/month mandate_contract,mid,rocketjobs.pl,https://rocketjobs.pl/oferta-pracy/tekton-poperty-agent-ka-nieruchomosci-warszawa-sales-nieruchomosci-budownictwo,2026-08-20,odpowiedzialność
Tekton Poperty,qualified,70.4,Agent/ka Nieruchomości,high_ticket_b2c,84,remote,Toruń,remote,15000-45000 PLN/month mandate_contract,mid,rocketjobs.pl,https://rocketjobs.pl/oferta-pracy/tekton-poperty-agent-ka-nieruchomosci-torun-sales-nieruchomosci-budownictwo,2026-08-20,odpowiedzialność
Tekton Poperty,qualified,70.4,Agent/ka Nieruchomości,high_ticket_b2c,84,remote,Katowice,remote,15000-45000 PLN/month mandate_contract,mid,rocketjobs.pl,https://rocketjobs.pl/oferta-pracy/tekton-poperty-agent-ka-nieruchomosci-katowice-sales-nieruchomosci-budownictwo,2026-08-20,odpowiedzialność
Tekton Poperty,qualified,70.4,Agent/ka Nieruchomości,high_ticket_b2c,84,remote,Płock,remote,15000-45000 PLN/month mandate_contract,mid,rocketjobs.pl,https://rocketjobs.pl/oferta-pracy/tekton-poperty-agent-ka-nieruchomosci-plock-sales-nieruchomosci-budownictwo,2026-08-20,odpowiedzialność
Jacobs,qualified,70.3,Inside Sales Coordinator/Manager (Bid Coordinator),sdr_bdr_inside,95,script_crm,Kraków,hybrid,,manager,rocketjobs.pl,https://rocketjobs.pl/oferta-pracy/jacobs-inside-sales-coordinator-manager-bid-coordinator--krakow-sales-inzynieria-technika-produkcja,2026-09-10,"Microsoft Office, Salesforce, CRM, Strong organizational qualities, Strong English, Minimum 4 years of relevant experience, Minimum BS/BA, in journalism, English, communications, management"
TIDK Sp. z o.o.,qualified,70.3,IT Sales Development Representative,sdr_bdr_inside,95,script_crm,Poznań,,11000.0-15000.0 PLN b2b,Mid,nofluffjobs.com,https://nofluffjobs.com/pl/job/it-sales-development-representative-tidk-poznan,2026-10-02,"CRM, Komunikatywność, Dobra organizacja pracy, Znajomość branży IT"
YELLOW OCTOPUS EU SPÓŁKA AKCYJNA,qualified,70.1,Sales Manager,sales_leadership,89,phone|script_crm|b2b_inbound_outbound,Sokołów,hybrid,12500-17500 PLN/month b2b,senior,rocketjobs.pl,https://rocketjobs.pl/oferta-pracy/yellow-octopus-eu-spolka-akcyjna-sales-manager-sokolow-sales-odziez-i-akcesoria,2026-08-01,"sprzedaż B2B, negocjacje handlowe, prospecting, cold calling, Account Managmnet, Microsoft Office Excel, HubSpot"
YELLOW OCTOPUS EU SPÓŁKA AKCYJNA,qualified,70.1,Head of Sales,sales_leadership,79,script_crm|b2b_inbound_outbound,Sokołów,hybrid,20000-25000 PLN/month b2b,c_level,rocketjobs.pl,https://rocketjobs.pl/oferta-pracy/yellow-octopus-eu-spolka-akcyjna-head-of-sales-sokolow-sales-odziez-i-akcesoria,2026-08-01,"Microsoft Office Excel, HubSpot, sprzedaż B2B, product management, negocjacje, zarządzanie zespołem, analiza KPI, zarządzanie sprzedażą"
Bitdefender Polska,qualified,69.7,Sales Representative,sdr_bdr_inside,94,b2b_inbound_outbound,Gdynia,hybrid,,senior,rocketjobs.pl,https://rocketjobs.pl/oferta-pracy/bitdefender-polska-sales-representative-gdynia-sales-it-i-telekomunikacja,2026-10-01,"sprzedaż, sprzedaż B2B, samodzielność"
cloudatus,qualified,69.7,Inside Sales & Procurement Specialist,sdr_bdr_inside,94,remote,Rzeszów,remote,13000-17000 PLN/month b2b,mid,rocketjobs.pl,https://rocketjobs.pl/oferta-pracy/cloudatus-inside-sales-procurement-manager---it-hardware-microsoft-licensing-rzeszow-sales-it-i-telekomunikacja,2026-09-29,"Microsoft licensing, IT hardware procurement, invoicing coordination, preparing customer quotations, Attention to detail and accuracy"
Concentrix CVG International,disqualified,69.7,Inside Sales Representative for IT with Polish,sdr_bdr_inside,94,b2b_inbound_outbound,Praga,hybrid,,mid,rocketjobs.pl,https://rocketjobs.pl/oferta-pracy/concentrix-cvg-international-inside-sales-representative-for-it-with-polish-praga-sales-it-i-telekomunikacja-366e972c,2026-09-08,"Set priorities, sales, sprzedaż, sprzedaż B2B, negocjacje"
Concentrix CVG International,disqualified,69.7,Specjalista ds. obsługi klienta w branży motoryzacyjnej z językiem niemieckim,high_ticket_b2c,94,phone|remote,Katowice,remote,7200-7200 PLN/month permanent,mid,rocketjobs.pl,https://rocketjobs.pl/oferta-pracy/concentrix-cvg-international-specjalista-ds-obslugi-klienta-w-branzy-motoryzacyjnej-z-jezykiem-niemieckim-katowice-sales-motoryzacja-transport,2026-10-02,"Doświadczenie w Call Center, Silne umiejętności komunikacyjne, Skupienie na rozwiązaniach, Zdolność do pracy z detalami, umiejętności organizacyjne, umiejętności rozwiązywania problemów"
Concentrix CVG International,disqualified,69.7,Specjalista ds. obsługi klienta w branży motoryzacyjnej z językiem polskim,high_ticket_b2c,80,,Katowice,office,5275-5275 PLN/hour mandate_contract,mid,rocketjobs.pl,https://rocketjobs.pl/oferta-pracy/concentrix-cvg-international-specjalista-ds-obslugi-klienta-w-branzy-motoryzacyjnej-z-jezykiem-polskim-katowice-sales-motoryzacja-transport,2026-09-25,customer service
INTUM SPÓŁKA Z OGRANICZONĄ ODPOWIEDZIALNOŚCIĄ,qualified,69.7,"Analityk ds. produktu, sprzedaży i pozyskiwania klientów",sdr_bdr_inside,94,b2b_inbound_outbound,Warszawa,hybrid,,mid,rocketjobs.pl,https://rocketjobs.pl/oferta-pracy/intum-spolka-z-ograniczona-odpowiedzialnoscia-analityk-ds-produktu-sprzedazy-i-pozyskiwania-klientow-warszawa-sales-it-i-telekomunikacja,2026-09-25,"Google Ads, sprzedaż B2B, obsługa klienta, AI, analiza, digital marketing"
Leser,qualified,69.7,Sales Representative & Client Acquisition,sdr_bdr_inside,94,b2b_inbound_outbound,Katowice,hybrid,9000-11000 PLN/month permanent,mid,rocketjobs.pl,https://rocketjobs.pl/oferta-pracy/leser-sales-representative-client-acquisition-katowice-sales-inzynieria-technika-produkcja,2026-09-16,"sprzedaż, sprzedaż B2B, obsługa klienta"
Promotraffic Sp. z o.o.,qualified,69.7,Business Development Specialist,ae_b2b_saas,94,phone|b2b_inbound_outbound,Kraków,Stacjonarna,,,praca.pl,https://www.praca.pl/business-development-specialist_11525815.html,3 godziny temu,"Zakres obowiązków Aktywne pozyskiwanie nowych klientów: cold calling, cold mailing, social selling. Kwalifikacja leadów przychodzących (inbound) i wychodzących (outbound). Prowadzenie lejka sprzedażowego do momentu przekazania briefingu do działu realizacji. Ścisła współpraca z zespołem..."
Promotraffic Sp. z o.o.,qualified,69.7,Specjalista / Specjalistka ds. Sprzedaży B2B,ae_b2b_saas,94,phone|b2b_inbound_outbound,Kraków,Stacjonarna,,,praca.pl,https://www.praca.pl/specjalista-specjalistka-ds-sprzedazy-b2b_11526058.html,2 dni temu,"Opis stanowiska aktywne pozyskiwanie klientów biznesowych poprzez cold calling, cold mailing oraz social selling; kwalifikowanie leadów przychodzących i pozyskiwanych w ramach działań outbound; prowadzenie procesu sprzedażowego od pierwszego kontaktu do przekazania klienta zespołowi..."
PromoTraffic,qualified,69.7,Business Development Specialist (Marketplace),ae_b2b_saas,84,b2b_inbound_outbound,Kraków,hybrid,,mid,rocketjobs.pl,https://rocketjobs.pl/oferta-pracy/promotraffic-business-development-specialist-marketplace--krakow-sales-marketing-reklama-media,2026-09-25,"sprzedaż B2B, e-commerce"
Promotraffic Sp. z o.o.,qualified,69.7,Specjalista / Specjalistka ds. Rozwoju Sprzedaży – E-commerce,generic_sales,64,phone|b2b_inbound_outbound,Kraków,Stacjonarna,,,praca.pl,https://www.praca.pl/specjalista-specjalistka-ds-rozwoju-sprzedazy-e-commerce_11526061.html,3 godziny temu,"Opis stanowiska rozwijanie sprzedaży usług Marketplace.pro poprzez aktywne docieranie do nowych klientów; prowadzenie działań prospectingowych z wykorzystaniem telefonu, e-maila i kanałów społecznościowych; analiza i kwalifikacja leadów inbound oraz outbound; prowadzenie klientów przez..."
RTB House,qualified,69.7,Sales Development Representative,sdr_bdr_inside,94,remote,Warszawa,remote,,mid,rocketjobs.pl,https://rocketjobs.pl/oferta-pracy/rtb-house-sales-development-representative-warszawa-sales-marketing-reklama-media-b7c8cd21,2026-10-01,"sprzedaż, outreach, Sales process"
Surfer,qualified,69.7,New Business Manager,sdr_bdr_inside,94,remote,Wrocław,remote,12000-15000 PLN/month b2b,mid,rocketjobs.pl,https://rocketjobs.pl/oferta-pracy/surfer-new-business-manager-wroclaw-sales-marketing-reklama-media,2026-09-09,"Full sales-cycle closing experience, SEO/content marketing fluency, Multi-channel outreach"
Web Impact,qualified,69.7,Sales Representative,sdr_bdr_inside,94,b2b_inbound_outbound,Kraków,hybrid,,senior,rocketjobs.pl,https://rocketjobs.pl/oferta-pracy/web-impact-sales-representative-krakow-sales-it-i-telekomunikacja,2026-09-10,"AI, sprzedaż B2B, sprzedaż"
FUNDACJA KATALYST EDUCATION,qualified,69.3,Digital Sales Representative - Ukrainian-English,sdr_bdr_inside,96,junior_ramp,Warszawa,hybrid,,junior,rocketjobs.pl,https://rocketjobs.pl/oferta-pracy/fundacja-katalyst-education-digital-sales-representative---ukrainian-english-warszawa-sales-it-i-telekomunikacja,2026-09-17,"sprzedaż, budowanie relacji, prospecting, Cloud-based software"
FUNDACJA KATALYST EDUCATION,qualified,69.3,Stażysta ds. Wsparcia Sprzedaży,generic_sales,56,junior_ramp,Sulechów,office,,intern,rocketjobs.pl,https://rocketjobs.pl/oferta-pracy/fundacja-katalyst-education-stazysta-ds-wsparcia-sprzedazy-sulechow-sales-inne-1e517088,2026-09-17,"status studenta, Microsoft Office, Przygotowanie analiz danych, organizacja pracy"
PsiBufet,qualified,69.3,Sales Representative PsiBufet - Centrum Handlowe,sdr_bdr_inside,96,junior_ramp,Warszawa,office,11760-16800 PLN/hour mandate_contract,junior,rocketjobs.pl,https://rocketjobs.pl/oferta-pracy/psibufet-sales-representative-psibufet---centrum-handlowe-warszawa-sales-sieci-handlowe,2026-09-16,sprzedaż
PsiBufet,qualified,69.3,Brand Ambasador - Centrum Handlowe,generic_sales,56,junior_ramp,Warszawa,mobile,11760-16800 PLN/hour mandate_contract,junior,rocketjobs.pl,https://rocketjobs.pl/oferta-pracy/psibufet-brand-ambasador---centrum-handlowe-warszawa-sales-sieci-handlowe,2026-09-16,język polski
Ringier Axel Springer Polska,disqualified,69.3,Junior Sales Specialist,sdr_bdr_inside,96,junior_ramp,Warszawa,hybrid,,junior,rocketjobs.pl,https://rocketjobs.pl/oferta-pracy/ringier-axel-springer-polska-junior-sales-specialist-warszawa-sales-marketing-reklama-media-5a950f63,2026-09-16,"sprzedaż, reklama, digital"
Ringier Axel Springer Polska,disqualified,69.3,Key Account Manager,account_mgmt,59,b2b_inbound_outbound,Warszawa,hybrid,,mid,rocketjobs.pl,https://rocketjobs.pl/oferta-pracy/ringier-axel-springer-polska-key-account-manager-warszawa-sales-marketing-reklama-media,2026-09-09,"sprzedaż B2B, reklama, digital"
Selmo,qualified,69.3,Sales Representative (Lithuanian Market),sdr_bdr_inside,96,junior_ramp,Kraków,hybrid,,junior,rocketjobs.pl,https://rocketjobs.pl/oferta-pracy/selmo-sales-representative-lithuanian-market--krakow-sales-inne,2026-10-02,"e-commerce, sprzedaż"
Selmo,qualified,69.3,Specjalista ds. Sprzedaży (rynek polski),sales_specialist,66,junior_ramp,Kraków,hybrid,,junior,rocketjobs.pl,https://rocketjobs.pl/oferta-pracy/selmo-specjalista-ds-sprzedazy-rynek-polski--krakow-sales-inne,2026-09-01,zaangażowanie
Digital Broker,qualified,68.3,Agent nieruchomości,high_ticket_b2c,86,junior_ramp,Warszawa,hybrid,8000-24000 PLN/month b2b,junior,rocketjobs.pl,https://rocketjobs.pl/oferta-pracy/digital-broker-agent-nieruchomosci-warszawa-sales-nieruchomosci-budownictwo-fe32574c,2026-09-23,"branża nieruchomości, nieruchomości, sprzedaż"
Digital Broker,qualified,68.3,Agent nieruchomości,high_ticket_b2c,84,remote,Szczecin,remote,8000-24000 PLN/month b2b,senior,rocketjobs.pl,https://rocketjobs.pl/oferta-pracy/digital-broker-agent-nieruchomosci-szczecin-sales-nieruchomosci-budownictwo-4f157176,2026-09-01,"branża nieruchomości, nieruchomości, sprzedaż"
Digital Broker,qualified,68.3,Agent nieruchomości,high_ticket_b2c,84,remote,Bydgoszcz,remote,8000-24000 PLN/month b2b,senior,rocketjobs.pl,https://rocketjobs.pl/oferta-pracy/digital-broker-agent-nieruchomosci-bydgoszcz-sales-nieruchomosci-budownictwo,2026-08-31,"branża nieruchomości, nieruchomości, sprzedaż"
Digital Broker,qualified,68.3,Agent nieruchomości,high_ticket_b2c,80,,Katowice,hybrid,8000-24000 PLN/month b2b,mid,rocketjobs.pl,https://rocketjobs.pl/oferta-pracy/digital-broker-agent-nieruchomosci-katowice-sales-nieruchomosci-budownictwo-a5558604,2026-09-23,"branża nieruchomości, nieruchomości, sprzedaż"
Digital Broker,qualified,68.3,Agent nieruchomości,high_ticket_b2c,80,,Kraków,hybrid,8000-24000 PLN/month b2b,senior,rocketjobs.pl,https://rocketjobs.pl/oferta-pracy/digital-broker-agent-nieruchomosci-krakow-sales-nieruchomosci-budownictwo-00addf0f,2026-09-23,"branża nieruchomości, nieruchomości, sprzedaż"
Portal Praca.pl,disqualified,68.1,Specjalista / Specjalistka ds. Pozyskiwania Nowych Klientów (Hunter B2B),sdr_bdr_inside,94,b2b_inbound_outbound,"Warszawa, Ursynów, Al. KEN 18 (przy metrze Kabaty)",Stacjonarna,7 000 - 15 000 zł brutto/mies.,,praca.pl,https://www.praca.pl/specjalista-specjalistka-ds-pozyskiwania-nowych-klientow-hunter-b2b_11527093.html,wczoraj,"Zakres obowiązków: Będziesz pierwszą osobą, z którą rozmawia klient. To od Ciebie będzie zależało, czy szybko otrzyma właściwe rozwiązanie i odpowiednie wsparcie. szybkie nawiązywanie kontaktu z klientami przekazanymi do obsługi, diagnozowanie potrzeb i ocena gotowości klienta do..."
Portal Praca.pl,disqualified,68.1,Account Manager,account_mgmt,79,phone|video_calls|remote|b2b_inbound_outbound,"Warszawa, Ursynów, Al. KEN 18 (przy metrze Kabaty)",Zdalna,6 500 - 12 000 zł brutto/mies.,,praca.pl,https://www.praca.pl/account-manager_11527096.html,wczoraj,"Zakres obowiązków: Aktywne pozyskiwanie nowych klientów B2B – głównie poprzez: - Kontakt telefoniczny, - Mailowy, - Spotkania online. Docieranie do nowych firm i decydentów – systematyczna praca na rynku; Prowadzenie spotkań i prezentacja oferty firmy; Przygotowywanie ofert oraz..."
They Digital,qualified,68.1,New Business Manager,sdr_bdr_inside,94,b2b_inbound_outbound,Warszawa,hybrid,,mid,rocketjobs.pl,https://rocketjobs.pl/oferta-pracy/they-digital-new-business-manager-warszawa-sales-marketing-reklama-media-602db718,2026-09-25,"sprzedaż B2B, obsługa klienta, negocjacje z klientami, proaktywność w działaniu"
They Digital,qualified,68.1,Account Manager/ Senior Account Manager,account_mgmt,55,,Warszawa,hybrid,,mid,rocketjobs.pl,https://rocketjobs.pl/oferta-pracy/they-digital-account-manager-senior-account-manager-warszawa-sales-marketing-reklama-media-e580cfaf,2026-08-03,"angielski, dobra organizacja pracy, doradztwo, łatwość nawiązywania kontaktów, odpowiedzialność, priorytetyzacja, skuteczna komunikacja"
Alior Bank SA,disqualified,68.0,Doradca Klienta Korporacyjnego (Large) (K/M),high_ticket_b2c,80,,Katowice,office,,mid,rocketjobs.pl,https://rocketjobs.pl/oferta-pracy/alior-bank-sa-doradca-klienta-korporacyjnego-large-k-m--katowice-sales-finanse-bankowosc-ubezpieczenia,2026-09-29,"analiza finansowa, obsługa klienta korporacyjnego, Przygotowywanie Aplikacji Kredytowych"
Alior Bank SA,disqualified,68.0,Bankier Klienta (sprzedaż produktów kredytowych) (K/M),high_ticket_b2c,80,,Skawina,office,,mid,rocketjobs.pl,https://rocketjobs.pl/oferta-pracy/alior-bank-sa-bankier-klienta-sprzedaz-produktow-kredytowych-k-m--skawina-sales-finanse-bankowosc-ubezpieczenia,2026-09-10,"obsługa klienta, sprzedaż, produkty bankowe"
Alior Bank SA,disqualified,68.0,Bankier Klienta - sprzedaż produktów kredytowych (K/M),high_ticket_b2c,80,,Pruszków,office,,mid,rocketjobs.pl,https://rocketjobs.pl/oferta-pracy/alior-bank-sa-bankier-klienta---sprzedaz-produktow-kredytowych-k-m--pruszkow-sales-finanse-bankowosc-ubezpieczenia,2026-07-21,"obsługa klienta, budowanie relacji, produkty bankowe, sprzedaż"
Alior Bank SA,disqualified,68.0,Bankier Klienta (sprzedaż produktów kredytowych) (K/M),high_ticket_b2c,80,,Łomianki,office,,mid,rocketjobs.pl,https://rocketjobs.pl/oferta-pracy/alior-bank-sa-bankier-klienta-sprzedaz-produktow-kredytowych-k-m--lomianki-sales-finanse-bankowosc-ubezpieczenia,2026-08-17,"obsługa klienta, sprzedaż, Wykształcenie średnie, bankowość"
Alior Bank SA,disqualified,68.0,Doradca Klienta Korporacyjnego (Large) (K/M),high_ticket_b2c,80,,Nowy Sącz,office,,mid,rocketjobs.pl,https://rocketjobs.pl/oferta-pracy/alior-bank-sa-doradca-klienta-korporacyjnego-large-k-m--nowy-sacz-sales-finanse-bankowosc-ubezpieczenia,2026-09-23,"analiza finansowa, obsługa klienta korporacyjnego, Przygotowywanie Aplikacji Kredytowych"
Alior Bank SA,disqualified,68.0,Bankier Klienta (sprzedaż produktów kredytowych) (K/M),high_ticket_b2c,80,,Wrocław,office,,mid,rocketjobs.pl,https://rocketjobs.pl/oferta-pracy/alior-bank-sa-bankier-klienta-sprzedaz-produktow-kredytowych-k-m--wroclaw-sales-finanse-bankowosc-ubezpieczenia-986b6c1f,2026-07-31,"obsługa klienta, sprzedaż, Wykształcenie średnie, bankowość"
Alior Bank SA,disqualified,68.0,Bankier Klienta (sprzedaż produktów kredytowych) (K/M),high_ticket_b2c,80,,Płock,office,,mid,rocketjobs.pl,https://rocketjobs.pl/oferta-pracy/alior-bank-sa-bankier-klienta-sprzedaz-produktow-kredytowych-k-m--plock-sales-finanse-bankowosc-ubezpieczenia,2026-07-31,"obsługa klienta, sprzedaż, Wykształcenie średnie, bankowość"
Alior Bank SA,disqualified,68.0,Bankier Klienta (sprzedaż produktów kredytowych) (K/M),high_ticket_b2c,80,,Przemyśl,office,,mid,rocketjobs.pl,https://rocketjobs.pl/oferta-pracy/alior-bank-sa-bankier-klienta-sprzedaz-produktow-kredytowych-k-m--przemysl-sales-finanse-bankowosc-ubezpieczenia-c4455dc7,2026-09-16,"obsługa klienta, Sprzedaż produktów bankowych"
Alior Bank SA,disqualified,68.0,Bankier Klienta (sprzedaż produktów kredytowych) (K/M),high_ticket_b2c,80,,Rzeszów,office,,mid,rocketjobs.pl,https://rocketjobs.pl/oferta-pracy/alior-bank-sa-bankier-klienta-sprzedaz-produktow-kredytowych-k-m--rzeszow-sales-finanse-bankowosc-ubezpieczenia,2026-09-11,"sprzedaż, obsługa klienta, bankowość"
Alior Bank SA,disqualified,68.0,Bankier Klienta (sprzedaż produktów kredytowych) (K/M),high_ticket_b2c,80,,Toruń,office,,mid,rocketjobs.pl,https://rocketjobs.pl/oferta-pracy/alior-bank-sa-bankier-klienta-sprzedaz-produktow-kredytowych-k-m--torun-sales-finanse-bankowosc-ubezpieczenia-6937aa7e,2026-09-15,"Sprzedaż produktów bankowych, obsługa klienta, sprzedaż"
Alior Bank SA,disqualified,68.0,Bankier Klienta (sprzedaż zdalna z Oddziału Banku)  (K/M),generic_sales,64,phone|remote,Mława,office,,mid,rocketjobs.pl,https://rocketjobs.pl/oferta-pracy/alior-bank-sa-bankier-klienta-sprzedaz-zdalna-z-oddzialu-banku-k-m--mlawa-sales-finanse-bankowosc-ubezpieczenia-5dcd26af,2026-09-09,"sprzedaż, sprzedaż telefoniczna, obsługa klienta"
Alior Bank SA,disqualified,68.0,Bankier ds. Sprzedaży Zdalnej (K/M)​,generic_sales,60,remote|junior_ramp,Kraków,hybrid,,junior,rocketjobs.pl,https://rocketjobs.pl/oferta-pracy/alior-bank-sa-bankier-ds-sprzedazy-zdalnej-k-m--krakow-sales-finanse-bankowosc-ubezpieczenia,2026-09-08,"obsługa klienta, Wykształcenie średnie, sprzedaż"
Alior Bank SA,disqualified,68.0,Bankier ds. Sprzedaży Zdalnej - Katowice (K/M),generic_sales,60,remote|junior_ramp,Katowice,hybrid,,junior,rocketjobs.pl,https://rocketjobs.pl/oferta-pracy/alior-bank-sa-bankier-ds-sprzedazy-zdalnej---katowice-k-m--katowice-sales-finanse-bankowosc-ubezpieczenia-3ad29cbf,2026-09-08,"obsługa klienta, Wykształcenie średnie, sprzedaż"
Alior Bank SA,disqualified,68.0,Bankier ds. Sprzedaży Cyfrowej - Sosnowiec (K/M),generic_sales,60,phone,Sosnowiec,office,,mid,rocketjobs.pl,https://rocketjobs.pl/oferta-pracy/alior-bank-sa-bankier-ds-sprzedazy-cyfrowej---sosnowiec-k-m--sosnowiec-sales-finanse-bankowosc-ubezpieczenia-7d62bcca,2026-09-08,"sprzedaż telefoniczna, dokumentacja kredytowa"
Alior Bank SA,disqualified,68.0,Ekspert ds. Klienta Indywidualnego (sprzedaż produktów hipotecznych) (M/K),generic_sales,50,,Warszawa,hybrid,,mid,rocketjobs.pl,https://rocketjobs.pl/oferta-pracy/alior-bank-sa-ekspert-ds-klienta-indywidualnego-sprzedaz-produktow-hipotecznych-m-k--warszawa-sales-finanse-bankowosc-ubezpieczenia,2026-07-27,"obsługa klienta, sprzedaż, produkty hipoteczne, produkty bankowe"
Alior Bank SA,disqualified,68.0,Ekspert ds. Efektywności Sprzedaży KB (K/M),generic_sales,50,,Kraków,hybrid,,mid,rocketjobs.pl,https://rocketjobs.pl/oferta-pracy/alior-bank-sa-ekspert-ds-efektywnosci-sprzedazy-kb-k-m--krakow-sales-finanse-bankowosc-ubezpieczenia,2026-07-31,"obsługa klienta, sprzedaż, Microsoft Office"
Alior Bank SA,disqualified,68.0,Menedżer ds. Kluczowych Klientów (kompleksowa obsługa Klienta Personal Banking) (K/M),customer_service,35,,Stalowa Wola,office,,mid,rocketjobs.pl,https://rocketjobs.pl/oferta-pracy/alior-bank-sa-menedzer-ds-kluczowych-klientow-kompleksowa-obsluga-klienta-personal-banking-k-m--stalowa-wola-sales-finanse-bankowosc-ubezpieczenia,2026-09-28,"obsługa klienta, Sprzedaż produktów bankowych, bankowość"
Alior Bank SA,disqualified,68.0,Menedżer ds. Kluczowych Klientów (kompleksowa obsługa Klienta Personal Banking) (K/M),customer_service,35,,Mława,office,,mid,rocketjobs.pl,https://rocketjobs.pl/oferta-pracy/alior-bank-sa-menedzer-ds-kluczowych-klientow-kompleksowa-obsluga-klienta-personal-banking-k-m--mlawa-sales-finanse-bankowosc-ubezpieczenia,2026-07-20,"obsługa klienta, budowanie relacji, produkty bankowe, sprzedaż"
Alior Bank SA,disqualified,68.0,Dyrektor ds. Kluczowych Klientów (kompleksowa obsługa Klienta Personal Banking) (K/M),customer_service,35,,Leszno,office,,senior,rocketjobs.pl,https://rocketjobs.pl/oferta-pracy/alior-bank-sa-dyrektor-ds-kluczowych-klientow-kompleksowa-obsluga-klienta-personal-banking-k-m--leszno-sales-finanse-bankowosc-ubezpieczenia-d215a25a,2026-09-18,"obsługa klienta, Sprzedaż produktów bankowych"
Alior Bank SA,disqualified,68.0,Menedżer ds. Kluczowych Klientów (kompleksowa obsługa Klienta Personal Banking) (K/M),customer_service,35,,Zielona Góra,office,,mid,rocketjobs.pl,https://rocketjobs.pl/oferta-pracy/alior-bank-sa-menedzer-ds-kluczowych-klientow-kompleksowa-obsluga-klienta-personal-banking-k-m--zielona-gora-sales-finanse-bankowosc-ubezpieczenia,2026-09-09,"obsługa klienta, Sprzedaż produktów bankowych"
Alior Bank SA,disqualified,68.0,Menedżer ds. Kluczowych Klientów (kompleksowa obsługa Klienta Personal Banking) (K/M),customer_service,35,,Rzeszów,office,,mid,rocketjobs.pl,https://rocketjobs.pl/oferta-pracy/alior-bank-sa-menedzer-ds-kluczowych-klientow-kompleksowa-obsluga-klienta-personal-banking-k-m--rzeszow-sales-finanse-bankowosc-ubezpieczenia,2026-09-11,"obsługa klienta, Sprzedaż produktów bankowych, sprzedaż"
Manpower,disqualified,68.0,Business Development Manager (K/M),ae_b2b_saas,80,,Warszawa,office,,mid,rocketjobs.pl,https://rocketjobs.pl/oferta-pracy/manpower-business-development-manager-k-m--warszawa-sales-inne-aa7eff04,2026-09-14,"znajomość języka angielskiego, budowanie relacji"
Manpower,disqualified,68.0,Doradca handlowy,high_ticket_b2c,80,,Katowice,office,,mid,rocketjobs.pl,https://rocketjobs.pl/oferta-pracy/manpower-doradca-handlowy-katowice-sales-uslugi-profesjonalne,2026-09-16,"sprzedaż, rolnictwo"
Manpower,disqualified,68.0,Business Development Manager (Procurement Outsourcing) – M/K,ae_b2b_saas,80,,Warszawa,office,,mid,rocketjobs.pl,https://rocketjobs.pl/oferta-pracy/manpower-business-development-manager-procurement-outsorcing---m-k-warszawa-sales-inne,2026-08-31,"sprzedaż, business development, procurement, outsourcing"
Manpower,disqualified,68.0,Key Account Manager – Diagnostyka Medyczna (POCT),account_mgmt,61,video_calls,Katowice,office,,mid,rocketjobs.pl,https://rocketjobs.pl/oferta-pracy/manpower-key-account-manager---diagnostyka-medyczna-poct--katowice-sales-farmacja-medycyna,2026-09-28,"sprzedaż, relacje biznesowe, Techniczne doradztwo, prezentacje"
Manpower,disqualified,68.0,Key Account Manager (branża logistyczna),account_mgmt,60,script_crm,Warszawa,hybrid,,mid,rocketjobs.pl,https://rocketjobs.pl/oferta-pracy/manpower-key-account-manager-branza-logistyczna--warszawa-sales-inzynieria-technika-produkcja,2026-09-21,"sprzedaż transportu, CRM"
Manpower,disqualified,68.0,Specjalista/-ka ds. wsparcia sprzedaży – branża techniczna/budowlana,generic_sales,50,,Warszawa,office,,mid,rocketjobs.pl,https://rocketjobs.pl/oferta-pracy/manpower-specjalista--ka-ds-wsparcia-sprzedazy---branza-techniczna-budowlana-warszawa-sales-energia-srodowisko,2026-09-08,"MS Office, AutoCAD"
Medicover,disqualified,68.0,"Senior Business Development Manager, Clinical Trial Diagnostic Services",ae_b2b_saas,80,,Gdańsk,office,,senior,rocketjobs.pl,https://rocketjobs.pl/oferta-pracy/medicover-senior-business-development-manager-clinical-trial-diagnostic-services-gdansk-sales-farmacja-medycyna-82489bc5,2026-09-29,"rozwój biznesu, sprzedaż, tworzenie ofert"
Medicover,disqualified,68.0,"Doradca / Doradczyni Klienta​ - OKKO, Janki",high_ticket_b2c,80,,Pruszków,office,,mid,rocketjobs.pl,https://rocketjobs.pl/oferta-pracy/medicover-doradca-doradczyni-klienta---okko-janki-pruszkow-sales-odziez-i-akcesoria,2026-07-10,"doradztwo produktowe, obsługa klienta, sprzedaż"
Medicover,disqualified,68.0,Opiekun/Opiekunka Klubowicza – Well Fitness,account_mgmt,61,junior_ramp,Łódź,office,,junior,rocketjobs.pl,https://rocketjobs.pl/oferta-pracy/medicover-opiekun-opiekunka-klubowicza---well-fitness-lodz-sales-uslugi-profesjonalne,2026-09-16,"obsługa klienta, sprzedaż"
Medicover,disqualified,68.0,"Opiekun / Opiekunka Klubowicza – Well Fitness, Głogów Piłsudskiego",account_mgmt,61,junior_ramp,Głogów,office,,junior,rocketjobs.pl,https://rocketjobs.pl/oferta-pracy/medicover-opiekun-opiekunka-klubowicza---well-fitness-glogow-pilsudskiego-glogow-sales-uslugi-profesjonalne,2026-09-24,"obsługa klienta, sprzedaż, organizacja pracy"
Medicover,disqualified,68.0,"Opiekun / Opiekunka Klubowicza – Well Fitness, Gdańsk Spacerowa",account_mgmt,55,,Gdańsk,office,,mid,rocketjobs.pl,https://rocketjobs.pl/oferta-pracy/medicover-opiekun-opiekunka-klubowicza---well-fitness-gdansk-spacerowa-gdansk-sales-uslugi-profesjonalne,2026-10-02,"obsługa klienta, sprzedaż, komunikacja interpersonalna"
Medicover,disqualified,68.0,"Opiekun / Opiekunka Klubowicza – Well Fitness, Głogów Sikorskiego",account_mgmt,55,,Głogów,office,,mid,rocketjobs.pl,https://rocketjobs.pl/oferta-pracy/medicover-opiekun-opiekunka-klubowicza---well-fitness-glogow-sikorskiego-glogow-sales-inne,2026-09-30,"obsługa klienta, sprzedaż"
Medicover,disqualified,68.0,Opiekun / Opiekunka Klubowicza – CityFit,account_mgmt,55,,Wrocław,office,,mid,rocketjobs.pl,https://rocketjobs.pl/oferta-pracy/medicover-opiekun-opiekunka-klubowicza---cityfit-wroclaw-sales-uslugi-profesjonalne,2026-08-31,"obsługa klienta, sprzedaż, komunikacja interpersonalna"
Medicover,disqualified,68.0,Opiekun Klubowicza / Opiekunka Klubowicza – Well Fitness Jelenia Góra Pasaż Grodzki,account_mgmt,55,,Jelenia Góra,office,,mid,rocketjobs.pl,https://rocketjobs.pl/oferta-pracy/medicover-opiekun-klubowicza-opiekunka-klubowicza---well-fitness-jelenia-gora-pasaz-grodzki-jelenia-gora-sales-uslugi-profesjonalne,2026-09-25,"obsługa klienta, sprzedaż"
Medicover,disqualified,68.0,"Opiekun Klubowicza / Opiekunka Klubowicza – Well Fitness, Warszawa Płowiecka",account_mgmt,55,,Warszawa,office,,mid,rocketjobs.pl,https://rocketjobs.pl/oferta-pracy/medicover-opiekun-klubowicza-opiekunka-klubowicza---well-fitness-warszawa-plowiecka-warszawa-sales-uslugi-profesjonalne,2026-09-30,"obsługa klienta, sprzedaż, komunikacja"
Medicover,disqualified,68.0,Opiekun / Opiekunka Klubowicza – Well Fitness,account_mgmt,55,,Białystok,office,,mid,rocketjobs.pl,https://rocketjobs.pl/oferta-pracy/medicover-opiekun-opiekunka-klubowicza---well-fitness-bialystok-sales-uslugi-profesjonalne-2fecc4d3,2026-09-30,"obsługa klienta, sprzedaż, branża fitness"
Medicover,disqualified,68.0,Kierownik / Kierowniczka ds. Nowej Sprzedaży,generic_sales,54,b2b_inbound_outbound,Katowice,hybrid,,senior,rocketjobs.pl,https://rocketjobs.pl/oferta-pracy/medicover-kierownik-kierowniczka-ds-nowej-sprzedazy-katowice-sales-farmacja-medycyna,2026-09-14,"sprzedaż B2B, negocjacje, pozyskiwanie klientów"
PROFIT HR,disqualified,68.0,Doradca Techniczno-Handlowy (m/k) j. niemiecki i j. angielski,high_ticket_b2c,80,,Żory,mobile,,mid,rocketjobs.pl,https://rocketjobs.pl/oferta-pracy/profit-hr-doradca-techniczno-handlowy-m-k-j-niemiecki-i-j-angielski-zory-sales-nieruchomosci-budownictwo-7aa932b5,2026-08-31,"sprzedaż, doradztwo techniczne, dokumentacja techniczna, prawo jazdy kat. B, branża budowlana, domy systemowe, domy modułowe, Region D-A-CH"
PROFIT HR,disqualified,68.0,Head of Sales (Szef Sprzedaży) (m/k) Implantologia Stomatologiczna,sales_leadership,74,b2b_inbound_outbound,Katowice,hybrid,,manager,rocketjobs.pl,https://rocketjobs.pl/oferta-pracy/profit-hr-head-of-sales-szef-sprzedazy-m-k-implantologia-stomatologiczna-katowice-sales-farmacja-medycyna,2026-09-24,"stomatologia, implantologia, zarządzanie sprzedażą, zarządzanie zespołem, angielski, medycyna, dental, Leadership"
PROFIT HR,disqualified,68.0,Specjalista ds. obsługi Klienta (m/k) j. niemiecki C1/C2 i j. angielski min. B2,customer_service,35,,Katowice,hybrid,,mid,rocketjobs.pl,https://rocketjobs.pl/oferta-pracy/profit-hr-specjalista-ds-obslugi-klienta-m-k-j-niemiecki-c1-c2-i-j-angielski-min-b2-katowice-sales-farmacja-medycyna,2026-09-30,"obsługa klienta, administracja, wsparcie sprzedaży, Dokładność, zaangażowanie, niemiecki, angielski"
Proxi.cloud Sp.z.o.o,qualified,68.0,Account Executive,ae_b2b_saas,80,,Warszawa,hybrid,8000-11000 PLN/month b2b,mid,rocketjobs.pl,https://rocketjobs.pl/oferta-pracy/proxi-cloud-sp-z-o-o-account-executive-warszawa-sales-marketing-reklama-media,2026-07-28,"Microsoft Office Excel, Google Workspace, obsługa klienta, account manager"
Proxi.cloud Sp.z.o.o,qualified,68.0,Business Development Manager,ae_b2b_saas,80,,Warszawa,hybrid,13000-25000 PLN/month b2b,senior,rocketjobs.pl,https://rocketjobs.pl/oferta-pracy/proxi-cloud-sp-z-o-o-business-development-manager-warszawa-sales-marketing-reklama-media,2026-07-31,"sprzedaż, zarządzanie sprzedażą, digital media"
Proxi.cloud Sp.z.o.o,qualified,68.0,Sales Operations Specialist,sales_leadership,70,,Warszawa,hybrid,8000-11000 PLN/month b2b,mid,rocketjobs.pl,https://rocketjobs.pl/oferta-pracy/proxi-cloud-sp-z-o-o-retail-media-operations-specialist-warszawa-sales-marketing-reklama-media,2026-07-16,"Microsoft Office Excel, Google Workspace, obsługa klienta, account manager"
TRANSGOURMET POLSKA,qualified,68.0,Doradca Klienta ds. HoReCa,high_ticket_b2c,80,,Gdańsk,office,,mid,rocketjobs.pl,https://rocketjobs.pl/oferta-pracy/transgourmet-polska-doradca-klienta-ds-horeca-gdansk-sales-turystyka-hotelarstwo-catering,2026-08-20,"sprzedaż, obsługa klienta, książeczka sanepidowska, Microsoft Office, Microsoft Office Excel, branża FMCG, rynek gastronomiczny, prawo jazdy kat. B"
TRANSGOURMET POLSKA,qualified,68.0,Doradca Klienta ds. HoReCa,high_ticket_b2c,80,,Poznań,office,,mid,rocketjobs.pl,https://rocketjobs.pl/oferta-pracy/transgourmet-polska-doradca-klienta-ds-horeca-poznan-sales-turystyka-hotelarstwo-catering,2026-08-20,"sprzedaż, obsługa klienta, książeczka sanepidowska, Microsoft Office, Microsoft Office Excel, branża FMCG, rynek gastronomiczny, prawo jazdy kat. B"
TRANSGOURMET POLSKA,qualified,68.0,Doradca Klienta ds. HoReCa,high_ticket_b2c,80,,Lublin,office,,mid,rocketjobs.pl,https://rocketjobs.pl/oferta-pracy/transgourmet-polska-doradca-klienta-ds-horeca-lublin-sales-turystyka-hotelarstwo-catering,2026-08-20,"sprzedaż, obsługa klienta, książeczka sanepidowska, Microsoft Office, Microsoft Office Excel, branża FMCG, rynek gastronomiczny, prawo jazdy kat. B"
TRANSGOURMET POLSKA,qualified,68.0,Doradca Klienta ds. HoReCa,high_ticket_b2c,80,,Radom,office,,mid,rocketjobs.pl,https://rocketjobs.pl/oferta-pracy/transgourmet-polska-doradca-klienta-ds-horeca-radom-sales-turystyka-hotelarstwo-catering,2026-08-20,"sprzedaż, obsługa klienta, książeczka sanepidowska, Microsoft Office, Microsoft Office Excel, branża FMCG, rynek gastronomiczny, prawo jazdy kat. B"
TRANSGOURMET POLSKA,qualified,68.0,Doradca Klienta ds. HoReCa,high_ticket_b2c,80,,Warszawa,office,,mid,rocketjobs.pl,https://rocketjobs.pl/oferta-pracy/transgourmet-polska-doradca-klienta-ds-horeca-warszawa-sales-turystyka-hotelarstwo-catering,2026-08-20,"sprzedaż, obsługa klienta, książeczka sanepidowska, Microsoft Office, Microsoft Office Excel, branża FMCG, rynek gastronomiczny, prawo jazdy kat. B"
TRANSGOURMET POLSKA,qualified,68.0,Doradca Klienta ds. HoReCa,high_ticket_b2c,80,,Kraków,office,,mid,rocketjobs.pl,https://rocketjobs.pl/oferta-pracy/transgourmet-polska-doradca-klienta-ds-horeca-krakow-sales-turystyka-hotelarstwo-catering,2026-08-20,"sprzedaż, obsługa klienta, książeczka sanepidowska, Microsoft Office, Microsoft Office Excel, branża FMCG, rynek gastronomiczny, prawo jazdy kat. B"
TRANSGOURMET POLSKA,qualified,68.0,Doradca Klienta ds. HoReCa,high_ticket_b2c,80,,Łódź,office,,mid,rocketjobs.pl,https://rocketjobs.pl/oferta-pracy/transgourmet-polska-doradca-klienta-ds-horeca-lodz-sales-turystyka-hotelarstwo-catering,2026-08-20,"sprzedaż, obsługa klienta, książeczka sanepidowska, Microsoft Office, Microsoft Office Excel, branża FMCG, rynek gastronomiczny, prawo jazdy kat. B"
TRANSGOURMET POLSKA,qualified,68.0,Doradca Klienta ds. HoReCa,high_ticket_b2c,80,,Wrocław,office,,mid,rocketjobs.pl,https://rocketjobs.pl/oferta-pracy/transgourmet-polska-doradca-klienta-ds-horeca-wroclaw-sales-turystyka-hotelarstwo-catering,2026-08-20,"sprzedaż, obsługa klienta, książeczka sanepidowska, Microsoft Office, Microsoft Office Excel, branża FMCG, rynek gastronomiczny, prawo jazdy kat. B"
TRANSGOURMET POLSKA,qualified,68.0,Doradca Klienta ds. HoReCa,high_ticket_b2c,80,,Szczecin,office,,mid,rocketjobs.pl,https://rocketjobs.pl/oferta-pracy/transgourmet-polska-doradca-klienta-ds-horeca-szczecin-sales-turystyka-hotelarstwo-catering,2026-08-20,"sprzedaż, obsługa klienta, książeczka sanepidowska, Microsoft Office, Microsoft Office Excel, branża FMCG, rynek gastronomiczny, prawo jazdy kat. B"
TRANSGOURMET POLSKA,qualified,68.0,Doradca Klienta ds. HoReCa,high_ticket_b2c,80,,Siedlce,office,,mid,rocketjobs.pl,https://rocketjobs.pl/oferta-pracy/transgourmet-polska-doradca-klienta-ds-horeca-siedlce-sales-turystyka-hotelarstwo-catering,2026-08-20,"sprzedaż, obsługa klienta, książeczka sanepidowska, Microsoft Office, Microsoft Office Excel, branża FMCG, rynek gastronomiczny, prawo jazdy kat. B"
TRANSGOURMET POLSKA,qualified,68.0,Doradca Klienta ds. HoReCa,high_ticket_b2c,80,,Lubin,office,,mid,rocketjobs.pl,https://rocketjobs.pl/oferta-pracy/transgourmet-polska-doradca-klienta-ds-horeca-lubin-sales-turystyka-hotelarstwo-catering-b5545ff7,2026-09-14,"sprzedaż, obsługa klienta, książeczka sanepidowska, Microsoft Office, Microsoft Office Excel, branża FMCG, rynek gastronomiczny, prawo jazdy kat. B"
TRANSGOURMET POLSKA,qualified,68.0,Doradca Klienta ds. HoReCa,high_ticket_b2c,80,,Białystok,office,,mid,rocketjobs.pl,https://rocketjobs.pl/oferta-pracy/transgourmet-polska-doradca-klienta-ds-horeca-bialystok-sales-turystyka-hotelarstwo-catering-436c9684,2026-09-14,"sprzedaż, obsługa klienta, książeczka sanepidowska, Microsoft Office, Microsoft Office Excel, branża FMCG, rynek gastronomiczny, prawo jazdy kat. B"
TRANSGOURMET POLSKA,qualified,68.0,Doradca Klienta ds. HoReCa,high_ticket_b2c,80,,Bydgoszcz,office,,mid,rocketjobs.pl,https://rocketjobs.pl/oferta-pracy/transgourmet-polska-doradca-klienta-ds-horeca-bydgoszcz-sales-turystyka-hotelarstwo-catering,2026-09-14,"sprzedaż, obsługa klienta, książeczka sanepidowska, Microsoft Office, Microsoft Office Excel, branża FMCG, rynek gastronomiczny, prawo jazdy kat. B"
TRANSGOURMET POLSKA,qualified,68.0,Doradca Klienta ds. HoReCa,high_ticket_b2c,80,,Katowice,office,,mid,rocketjobs.pl,https://rocketjobs.pl/oferta-pracy/transgourmet-polska-doradca-klienta-ds-horeca-katowice-sales-turystyka-hotelarstwo-catering-549ae107,2026-09-14,"sprzedaż, obsługa klienta, książeczka sanepidowska, Microsoft Office, Microsoft Office Excel, branża FMCG, rynek gastronomiczny, prawo jazdy kat. B"
Unum,qualified,68.0,Doradca/Doradczyni Klienta | Szczecin,high_ticket_b2c,80,,Szczecin,mobile,7000-9000 PLN/month b2b,mid,rocketjobs.pl,https://rocketjobs.pl/oferta-pracy/unum-doradca-doradczyni-klienta-szczecin-szczecin-sales-finanse-bankowosc-ubezpieczenia-e876514e,2026-09-28,"praca z klientem, obsługa klienta, sprzedaż"
Unum,qualified,68.0,Doradca/Doradczyni Klienta | Gliwice,high_ticket_b2c,80,,Gliwice,mobile,7000-9000 PLN/month b2b,mid,rocketjobs.pl,https://rocketjobs.pl/oferta-pracy/unum-doradca-doradczyni-klienta-gliwice-gliwice-sales-finanse-bankowosc-ubezpieczenia-1652105e,2026-09-28,"praca z klientem, obsługa klienta, sprzedaż"
Unum,qualified,68.0,Doradca/Doradczyni Klienta | Warszawa,high_ticket_b2c,80,,Warszawa,mobile,7000-9000 PLN/month b2b,mid,rocketjobs.pl,https://rocketjobs.pl/oferta-pracy/unum-doradca-doradczyni-klienta-warszawa-warszawa-sales-finanse-bankowosc-ubezpieczenia-a7ce203b,2026-09-28,"praca z klientem, obsługa klienta, sprzedaż"
Unum,qualified,68.0,Doradca/Doradczyni Klienta | Zielona Góra,high_ticket_b2c,80,,Zielona Góra,mobile,7000-9000 PLN/month b2b,mid,rocketjobs.pl,https://rocketjobs.pl/oferta-pracy/unum-doradca-doradczyni-klienta-zielona-gora-zielona-gora-sales-finanse-bankowosc-ubezpieczenia-dc4f2020,2026-09-28,"praca z klientem, obsługa klienta, sprzedaż"
Unum,qualified,68.0,Doradca/Doradczyni Klienta | Wrocław,high_ticket_b2c,80,,Wrocław,mobile,7000-9000 PLN/month b2b,mid,rocketjobs.pl,https://rocketjobs.pl/oferta-pracy/unum-doradca-doradczyni-klienta-wroclaw-wroclaw-sales-finanse-bankowosc-ubezpieczenia-eb3bb856,2026-09-28,"praca z klientem, obsługa klienta, sprzedaż"
Unum,qualified,68.0,Doradca/Doradczyni Klienta | Gdynia,high_ticket_b2c,80,,Gdynia,mobile,7000-9000 PLN/month b2b,mid,rocketjobs.pl,https://rocketjobs.pl/oferta-pracy/unum-doradca-doradczyni-klienta-gdynia-gdynia-sales-finanse-bankowosc-ubezpieczenia-e8dff04c,2026-09-28,"praca z klientem, obsługa klienta, sprzedaż"
Unum,qualified,68.0,Doradca/Doradczyni Klienta | Kraków,high_ticket_b2c,80,,Kraków,mobile,7000-9000 PLN/month b2b,mid,rocketjobs.pl,https://rocketjobs.pl/oferta-pracy/unum-doradca-doradczyni-klienta-krakow-krakow-sales-finanse-bankowosc-ubezpieczenia-c881abc2,2026-09-28,"praca z klientem, obsługa klienta, sprzedaż"
Unum,qualified,68.0,Doradca/Doradczyni Klienta | Olsztyn,high_ticket_b2c,80,,Olsztyn,mobile,7000-9000 PLN/month b2b,mid,rocketjobs.pl,https://rocketjobs.pl/oferta-pracy/unum-doradca-doradczyni-klienta-olsztyn-olsztyn-sales-finanse-bankowosc-ubezpieczenia-14d63b47,2026-09-28,"praca z klientem, obsługa klienta, sprzedaż"
Unum,qualified,68.0,Doradca/Doradczyni Klienta | Gdańsk,high_ticket_b2c,80,,Gdańsk,mobile,7000-9000 PLN/month b2b,mid,rocketjobs.pl,https://rocketjobs.pl/oferta-pracy/unum-doradca-doradczyni-klienta-gdansk-gdansk-sales-finanse-bankowosc-ubezpieczenia-62b432c6,2026-09-28,"praca z klientem, obsługa klienta, sprzedaż"
Unum,qualified,68.0,Doradca/Doradczyni Klienta | Rzeszów,high_ticket_b2c,80,,Rzeszów,mobile,7000-9000 PLN/month b2b,mid,rocketjobs.pl,https://rocketjobs.pl/oferta-pracy/unum-doradca-doradczyni-klienta-rzeszow-rzeszow-sales-finanse-bankowosc-ubezpieczenia-eb65071d,2026-09-28,"praca z klientem, obsługa klienta, sprzedaż"
Unum,qualified,68.0,Doradca/Doradczyni Klienta | Bydgoszcz,high_ticket_b2c,80,,Bydgoszcz,mobile,7000-9000 PLN/month b2b,mid,rocketjobs.pl,https://rocketjobs.pl/oferta-pracy/unum-doradca-doradczyni-klienta-bydgoszcz-bydgoszcz-sales-finanse-bankowosc-ubezpieczenia-57030347,2026-09-28,"praca z klientem, obsługa klienta, sprzedaż"
Unum,qualified,68.0,Doradca/Doradczyni Klienta | Łódź,high_ticket_b2c,80,,Łódź,mobile,7000-9000 PLN/month b2b,mid,rocketjobs.pl,https://rocketjobs.pl/oferta-pracy/unum-doradca-doradczyni-klienta-lodz-lodz-sales-finanse-bankowosc-ubezpieczenia-11e32786,2026-09-28,"praca z klientem, obsługa klienta, sprzedaż"
Unum,qualified,68.0,Doradca/Doradczyni Klienta | Lublin,high_ticket_b2c,80,,Lublin,mobile,7000-9000 PLN/month b2b,mid,rocketjobs.pl,https://rocketjobs.pl/oferta-pracy/unum-doradca-doradczyni-klienta-lublin-lublin-sales-finanse-bankowosc-ubezpieczenia-df466301,2026-09-28,"praca z klientem, obsługa klienta, sprzedaż"
Unum,qualified,68.0,Doradca/Doradczyni Klienta | Bielsko-Biała,high_ticket_b2c,80,,Bielsko-Biała,mobile,7000-9000 PLN/month b2b,mid,rocketjobs.pl,https://rocketjobs.pl/oferta-pracy/unum-doradca-doradczyni-klienta-bielsko-biala-bielsko-biala-sales-finanse-bankowosc-ubezpieczenia-12612508,2026-09-28,"praca z klientem, obsługa klienta, sprzedaż"
Unum,qualified,68.0,Doradca/Doradczyni Klienta | Katowice,high_ticket_b2c,80,,Katowice,mobile,7000-9000 PLN/month b2b,mid,rocketjobs.pl,https://rocketjobs.pl/oferta-pracy/unum-doradca-doradczyni-klienta-katowice-katowice-sales-finanse-bankowosc-ubezpieczenia-391a6993,2026-09-28,"praca z klientem, obsługa klienta, sprzedaż"
Unum,qualified,68.0,Doradca/Doradczyni Klienta | Poznań,high_ticket_b2c,80,,Poznań,mobile,7000-9000 PLN/month b2b,mid,rocketjobs.pl,https://rocketjobs.pl/oferta-pracy/unum-doradca-doradczyni-klienta-poznan-poznan-sales-finanse-bankowosc-ubezpieczenia-329dcb6b,2026-09-28,"praca z klientem, obsługa klienta, sprzedaż"
Unum,qualified,68.0,Doradca/Doradczyni Klienta | Białystok,high_ticket_b2c,80,,Białystok,mobile,7000-9000 PLN/month b2b,mid,rocketjobs.pl,https://rocketjobs.pl/oferta-pracy/unum-doradca-doradczyni-klienta-bialystok-bialystok-sales-finanse-bankowosc-ubezpieczenia-0de402c9,2026-09-28,"praca z klientem, obsługa klienta, sprzedaż"
Halfing&Petersen,qualified,67.7,Vendor Sales Manager,sales_leadership,74,remote,Rzeszów,remote,,senior,rocketjobs.pl,https://rocketjobs.pl/oferta-pracy/halfing-petersen-vendor-sales-manager-rzeszow-sales-farmacja-medycyna-c49bdbc2,2026-10-02,"Vendor Central, Amazon Ads, Znajomość języka angielskiego na poziomie B2/C1"
Halfing&Petersen,qualified,67.7,Dyrektor / Dyrektorka Sprzedaży,sales_leadership,74,b2b_inbound_outbound,Nowy Dwór Mazowiecki,office,,c_level,rocketjobs.pl,https://rocketjobs.pl/oferta-pracy/halfing-petersen-dyrektor-dyrektorka-sprzedazy-nowy-dwor-mazowiecki-sales-inne,2026-09-11,"sprzedaż B2B, zarządzanie sprzedażą"
Halfing&Petersen,qualified,67.7,Sales Manager B2C,sales_leadership,74,remote,Rzeszów,remote,,manager,rocketjobs.pl,https://rocketjobs.pl/oferta-pracy/halfing-petersen-sales-manager-b2c-rzeszow-sales-inne,2026-10-01,"sprzedaż, samodzielność, analiza"
Halfing&Petersen,qualified,67.7,Dyrektor Sprzedaży / Dyrektorka Sprzedaży,sales_leadership,70,,Poznań,mobile,,c_level,rocketjobs.pl,https://rocketjobs.pl/oferta-pracy/halfing-petersen-dyrektor-sprzedazy-dyrektorka-sprzedazy-poznan-sales-rtv-agd-artykuly-przemyslowe,2026-09-14,"zarządzanie zespołem, zarządzanie sprzedażą, sprzedaż"
LSI Software S.A.,qualified,67.4,Channel Sales Manager (f/m),sales_leadership,79,script_crm|b2b_inbound_outbound,Łódź,office,,manager,rocketjobs.pl,https://rocketjobs.pl/oferta-pracy/lsi-software-s-a--channel-sales-manager-f-m--lodz-sales-it-i-telekomunikacja,2026-09-11,"sprzedaż B2B, zarządzanie sprzedażą, CRM, prawo jazdy kat. B"
LSI Software S.A.,qualified,67.4,🚀 Key Account Manager - Roboty do branży HoReCa (f/m)🚀,account_mgmt,64,script_crm|b2b_inbound_outbound,Łódź,mobile,,mid,rocketjobs.pl,https://rocketjobs.pl/oferta-pracy/lsi-software-s-a---key-account-manager---roboty-do-branzy-horeca-f-m--lodz-sales-rtv-agd-artykuly-przemyslowe,2026-09-09,"CRM, B2B, account manager, Retail, horeca, Hotele"
LSI Software S.A.,qualified,67.4,Manager ds. Sprzedaży Partnerskiej (k/m),generic_sales,59,script_crm|b2b_inbound_outbound,Łódź,office,,manager,rocketjobs.pl,https://rocketjobs.pl/oferta-pracy/lsi-software-s-a--manager-ds-sprzedazy-partnerskiej-k-m--lodz-sales-it-i-telekomunikacja,2026-09-02,"sprzedaż B2B, zarządzanie sprzedażą, CRM, prawo jazdy kat. B"
CREATIVE WAVE SPÓŁKA Z O.O.,qualified,67.3,Handlowiec / New Business Manager,sdr_bdr_inside,90,,Warszawa,office,5000-15000 PLN/month any,manager,rocketjobs.pl,https://rocketjobs.pl/oferta-pracy/creative-wave-spolka-z-o-o--handlowiec-new-business-manager-warszawa-sales-marketing-reklama-media,2026-09-17,"sprzedaż, zarządzanie zespołem, zarządzanie sprzedażą"
EMBARGO,qualified,67.3,Sales Representative,sdr_bdr_inside,90,,Warszawa,hybrid,8000-14000 PLN/month permanent,mid,rocketjobs.pl,https://rocketjobs.pl/oferta-pracy/embargo-sales-representative-warszawa-sales-turystyka-hotelarstwo-catering-cfdf3b2d,2026-09-07,"obsługa klienta, sprzedaż"
PAX LOGISTIC PL sp. z o.o.,qualified,67.1,Specjalista / Specjalistka ds. Sprzedaży B2B,ae_b2b_saas,84,b2b_inbound_outbound,Gdańsk,Stacjonarna,8 000 - 11 000 zł / mies. (w zal. od umowy),,praca.pl,https://www.praca.pl/specjalista-specjalistka-ds-sprzedazy-b2b_11493451.html,10 dni temu,"Opis stanowiska: Aktywne pozyskiwanie nowych klientów B2B oraz budowanie długofalowych relacji biznesowych w branży logistycznej i transportowej. Przygotowywanie wycen transportowych, ofert handlowych oraz prezentowanie rozwiązań spedycyjnych. Kompleksowe prowadzenie procesu sprzedaży od..."
PAX LOGISTIC PL sp. z o.o.,qualified,67.1,Sales Manager,sales_leadership,70,,Gdańsk,Stacjonarna,8 000 - 11 000 zł / mies. (w zal. od umowy),,praca.pl,https://www.praca.pl/sales-manager_11493316.html,5 dni temu,"O stanowisku W związku z dynamicznym rozwojem naszej firmy poszukujemy ambitnej i nastawionej na wyniki osoby na stanowisko Sales Managera. Na tym stanowisku będziesz odpowiedzialny(-a) za pozyskiwanie nowych klientów, budowanie długofalowych relacji biznesowych oraz rozwój naszej..."
Info Marine Sp. z o.o.,qualified,66.7,Specjalista / Specjalistka ds. Sprzedaży B2B,ae_b2b_saas,100,phone|video_calls|b2b_inbound_outbound,Gdynia,Hybrydowa,6 000 - 9 000 zł / mies. (w zal. od umowy),,praca.pl,https://www.praca.pl/specjalista-specjalistka-ds-sprzedazy-b2b_11471224.html,3 dni temu,"Opis stanowiska: Aktywne pozyskiwanie nowych klientów z wykorzystaniem cold callingu, serwisu LinkedIn, e-mailingu i spotkań. Prowadzenie prezentacji oraz spotkań online w wymiarze minimum 2 tygodniowo. Organizacja wizyt handlowych u klientów w docelowych obszarach. Współtworzenie ofert i..."
Info Marine Sp. z o.o.,qualified,66.7,Specjalista ds. Rozwoju Sprzedaży (branża morska),generic_sales,70,phone|video_calls|b2b_inbound_outbound,Gdynia,Hybrydowa,6 000 - 9 000 zł / mies. (w zal. od umowy),,praca.pl,https://www.praca.pl/specjalista-ds-rozwoju-sprzedazy-branza-morska_11471218.html,2 dni temu,"Opis stanowiska: Aktywne pozyskiwanie nowych klientów poprzez cold calling, LinkedIn, e-mailing oraz spotkania. Prowadzenie co najmniej 2 prezentacji i spotkań online tygodniowo. Organizowanie wizyt u klientów w wyznaczonych regionach docelowych. Współpraca z dyrektorem firmy podczas negocjacji..."
Sherpath,qualified,66.1,Doradca handlowy CNC,high_ticket_b2c,99,phone|script_crm|b2b_inbound_outbound,Warszawa,mobile,5000-5500 PLN/month permanent,mid,rocketjobs.pl,https://rocketjobs.pl/oferta-pracy/sherpath-doradca-handlowy-cnc-warszawa-sales-inzynieria-technika-produkcja,2026-09-30,"sprzedaż, negocjacje, badanie potrzeb, CRM, ofertowanie, cold calling"
Sherpath,qualified,66.1,Business Development Manager (Technika Eventowa),ae_b2b_saas,89,script_crm|b2b_inbound_outbound,Łódź,hybrid,5000-7000 PLN/month b2b,mid,rocketjobs.pl,https://rocketjobs.pl/oferta-pracy/sherpath-business-development-manager-technika-eventowa--lodz-sales-inne,2026-09-24,"eventy, sprzedaż B2B, przetargi, ofertowanie, technika sceniczna, analiza potrzeb klienta, CRM"
CarFree,qualified,64.9,Agent / Agentka ds. Wynajmu Samochodów - Lotnisko Chopina,high_ticket_b2c,86,junior_ramp,Warszawa,office,,junior,rocketjobs.pl,https://rocketjobs.pl/oferta-pracy/carfree-agent-agentka-ds-wynajmu-samochodow---lotnisko-chopina-warszawa-sales-motoryzacja-transport,2026-09-15,"obsługa Klientów, sprzedaż, Przygotowywanie umów, Kontrola dostępności, Obsługa systemu wynajmu, Obsługa zapytań"
CarFree,qualified,64.9,Agent / Agentka ds. Wynajmu Samochodów - Poznań,high_ticket_b2c,86,junior_ramp,Poznań,office,,junior,rocketjobs.pl,https://rocketjobs.pl/oferta-pracy/carfree-agent-agentka-ds-wynajmu-samochodow---poznan-poznan-sales-motoryzacja-transport,2026-09-24,"obsługa Klientów, Przygotowywanie umów, Prezentowanie usług, Wydawanie samochodów, Sprawdzanie stanu technicznego, organizacja pracy, czynne prawo jazdy kat. B"
CarFree,qualified,64.9,Agent / Agentka ds. Wynajmu Samochodów - Zielona Góra,high_ticket_b2c,86,junior_ramp,Zielona Góra,office,,junior,rocketjobs.pl,https://rocketjobs.pl/oferta-pracy/carfree-agent-agentka-ds-wynajmu-samochodow---zielona-gora-zielona-gora-sales-motoryzacja-transport,2026-09-09,"prawo jazdy kat. B, komunikacja, skrupulatność, sprzedaż"
CarFree,qualified,64.9,Agent / Agentka ds. Wynajmu Samochodów - Kierowca kat. B,high_ticket_b2c,76,junior_ramp,Warszawa,office,,junior,rocketjobs.pl,https://rocketjobs.pl/oferta-pracy/carfree-agent-agentka-ds-wynajmu-samochodow---kierowca-kat-b-warszawa-sales-motoryzacja-transport,2026-09-09,"sprzedaż, komunikacja, prawo jazdy kat. B"
Bricoman Polska Sp. z o.o.,qualified,64.7,Doradca Klienta/ Doradczyni Klienta,high_ticket_b2c,80,,Kowale,office,,mid,rocketjobs.pl,https://rocketjobs.pl/oferta-pracy/bricoman-polska-sp-z-o-o--doradca-klienta-doradczyni-klienta-kowale-sales-sieci-handlowe-4fd3b3f1,2026-08-21,"obsługa klienta, sprzedaż"
Bricoman Polska Sp. z o.o.,qualified,64.7,Koordynator/Koordynatorka Sprzedaży,sales_leadership,70,,Poznań,office,,mid,rocketjobs.pl,https://rocketjobs.pl/oferta-pracy/bricoman-polska-sp-z-o-o--koordynator-koordynatorka-sprzedazy-poznan-sales-nieruchomosci-budownictwo,2026-09-17,"obsługa klienta, zarządzanie zespołem, komunikatywność"
Klimas Wkręt-met,qualified,64.7,Specjalista ds. sprzedaży inwestycyjnej m/k- Kraków,high_ticket_b2c,80,,Kraków,mobile,,mid,rocketjobs.pl,https://rocketjobs.pl/oferta-pracy/klimas-wkret-met-specjalista-ds-sprzedazy-inwestycyjnej-m-k--krakow-krakow-sales-inzynieria-technika-produkcja,2026-08-18,"prawo jazdy kat. B, sprzedaż, branża budowlana"
Klimas Wkręt-met,qualified,64.7,Regionalny kierownik Sprzedaży m/k,sales_leadership,70,,Łódź,mobile,,c_level,rocketjobs.pl,https://rocketjobs.pl/oferta-pracy/klimas-wkret-met-regionalny-kierownik-sprzedazy-m-k-lodz-sales-inzynieria-technika-produkcja-d3666ed6,2026-08-18,"prawo jazdy kat. B, sprzedaż, zarządzanie zespołem, zarządzanie sprzedażą"
NX Cargo-Partner Poland sp. z o.o.,qualified,64.7,Manager Business Development,ae_b2b_saas,80,,Gliwice,Hybrydowa,,,praca.pl,https://www.praca.pl/manager-business-development_11521825.html,5 dni temu,"Do Twoich najważniejszych zadań na tym stanowisku należeć będzie: rozwój strategicznych relacji z partnerami biznesowymi oraz analiza i wdrażanie nowych możliwości biznesowych, aktywne pozyskiwanie nowych klientów i budowanie sieci kontaktów, prowadzenie negocjacji handlowych oraz..."
NX Cargo-Partner Poland sp. z o.o.,qualified,64.7,Team Leader Sales,sales_leadership,74,b2b_inbound_outbound,Żory,Stacjonarna,,Kierownik / kierowniczka / koordynator / koordynatorka / menedżer / menedżerka,praca.pl,https://www.praca.pl/team-leader-sales_11442823.html,11 dni temu,"Do Twoich najważniejszych zadań na tym stanowisku należeć będzie: zarządzanie i rozwój zespołu sprzedaży, dbanie o realizację wspólnych celów i budowanie zaangażowania; wspieranie członków zespołu w codziennej pracy, rozwijanie ich kompetencji oraz motywowanie do osiągania..."
Pekabex,qualified,64.7,Opiekun klienta deweloperskiego (m/k),high_ticket_b2c,80,,Warszawa,office,,mid,rocketjobs.pl,https://rocketjobs.pl/oferta-pracy/pekabex-opiekun-klienta-deweloperskiego-m-k--warszawa-sales-nieruchomosci-budownictwo,2026-09-11,Microsoft Office
Pekabex,qualified,64.7,Specjalista ds. sprzedaży nieruchomości (rynek pierwotny-deweloper) (m/k),high_ticket_b2c,80,,Warszawa,office,,mid,rocketjobs.pl,https://rocketjobs.pl/oferta-pracy/pekabex-specjalista-ds-sprzedazy-nieruchomosci-rynek-pierwotny-deweloper-m-k--warszawa-sales-nieruchomosci-budownictwo,2026-09-11,sprzedaż
Pekabex,qualified,64.7,Specjalista ds. sprzedaży (m/k),sales_specialist,60,,Warszawa,office,,mid,rocketjobs.pl,https://rocketjobs.pl/oferta-pracy/pekabex-specjalista-ds-sprzedazy-m-k--warszawa-sales-nieruchomosci-budownictwo,2026-07-14,"sprzedaż, język angielski"
Pekabex,qualified,64.7,Asystent/ka Kierownika Sprzedaży,generic_sales,56,junior_ramp,Poznań,office,,junior,rocketjobs.pl,https://rocketjobs.pl/oferta-pracy/pekabex-asystent-ka-kierownika-sprzedazy-poznan-sales-nieruchomosci-budownictwo-20bb8357,2026-08-07,"budownictwo, sprzedaż, Inżynier Budowy, budowa, ofertowanie, kosztorysy"
Pekabex,qualified,64.7,Staż w dziale Sprzedaży (Konstrukcje budowlane),generic_sales,50,,Poznań,office,4000-4000 PLN/month internship,intern,rocketjobs.pl,https://rocketjobs.pl/oferta-pracy/pekabex-staz-w-dziale-sprzedazy-konstrukcje-budowlane--poznan-sales-nieruchomosci-budownictwo,2026-07-07,"branża budowlana, język angielski, język niemiecki, Microsoft Office, Microsoft Office Excel"
Poczta Polska S.A.,disqualified,64.7,Ekspert / Ekspertka ds. Sprzedaży i Najmu Nieruchomości,high_ticket_b2c,80,,"Warszawa, ul. Puławska 111B",Stacjonarna,,Specjalista / specjalistka (mid) / starszy specjalista / starsza specjalistka (senior) / ekspert / ekspertka,praca.pl,https://www.praca.pl/ekspert-ekspertka-ds-sprzedazy-i-najmu-nieruchomosci_11439940.html,12 dni temu,"Miejsce pracy: Warszawa ul. Puławska 111B Forma współpracy: umowa o pracę, pełny etat, praca stacjonarna Cel stanowiska: Kompleksowa obsługa klientów w zakresie sprzedaży, dzierżawy oraz wynajmu nieruchomości, realizacja celów sprzedażowych oraz budowanie długoterminowych relacji z..."
Poczta Polska S.A.,disqualified,64.7,Specjalista / Specjalistka ds. Sprzedaży Usług Finansowych,sales_specialist,60,,"Świdnik, ul. Kosynierów 12 lok. 39/III",Stacjonarna,,,praca.pl,https://www.praca.pl/specjalista-specjalistka-ds-sprzedazy-uslug-finansowych_11507254.html,1 godzinę temu,"Wspieraj z nami rozwój nowoczesnej sprzedaży usług finansowych Poczty Polskiej! W związku z rozwojem Departamentu Usług Finansowych poszukujemy osoby, która będzie odpowiedzialna za sprzedaż usług finansowych w ogólnopolskiej sieci Poczty Polskiej. Jeżeli masz doświadczenie w zakresie..."
Poczta Polska S.A.,disqualified,64.7,Specjalista / Specjalistka ds. Sprzedaży Usług Finansowych,sales_specialist,60,,"Ryki, ul. Karola Wojtyły 1 ​",Stacjonarna,,,praca.pl,https://www.praca.pl/specjalista-specjalistka-ds-sprzedazy-uslug-finansowych_11507287.html,1 godzinę temu,"Wspieraj z nami rozwój nowoczesnej sprzedaży usług finansowych Poczty Polskiej! W związku z rozwojem Departamentu Usług Finansowych poszukujemy osoby, która będzie odpowiedzialna za sprzedaż usług finansowych w ogólnopolskiej sieci Poczty Polskiej. Jeżeli masz doświadczenie w zakresie..."
Poczta Polska S.A.,disqualified,64.7,Koordynator / Koordynatorka ds. Sprzedaży,generic_sales,50,,"Toruń, ul. Polna 15/17​",Stacjonarna,,Kierownik / kierowniczka / koordynator / koordynatorka,praca.pl,https://www.praca.pl/koordynator-koordynatorka-ds-sprzedazy_11483971.html,wczoraj,"Rodzaj zatrudnienia: umowa o pracę, 1 etat, praca od poniedziałku do piątku w godzinach 7:00 – 15:00​ Twoje zadania: nadzorowanie realizacji planów przychodowo - sprzedażowych w placówkach pocztowych na wyznaczonym terenie, regularna analiza i raportowanie wykonania planów przychodowo -..."
Poczta Polska S.A.,disqualified,64.7,Koordynator / Koordynatorka ds. Zarządzania Sprzedażą,generic_sales,50,,"Warszawa, ul. Rodziny Hiszpańskich 8",Stacjonarna,,Kierownik / kierowniczka / koordynator / koordynatorka,praca.pl,https://www.praca.pl/koordynator-koordynatorka-ds-zarzadzania-sprzedaza_11522332.html,22 godzin temu,"Rodzaj zatrudnienia: umowa o pracę na czas zastępstwa Twoje zadania: opracowanie i wizualizacja danych rozwoju usług logistycznych, sprzedażowych i wskaźników KPI , opracowanie i wizualizacja danych strategicznych, analiza realizacji wyznaczonych planów przychodowo- kosztowych i wskaźników..."
rocketjobs.pl,qualified,64.4,Senior Account Manager,account_mgmt,74,phone|script_crm|b2b_inbound_outbound,Gdańsk,hybrid,10000-20000 PLN/month b2b,senior,rocketjobs.pl,https://rocketjobs.pl/oferta-pracy/rocketjobs-pl-senior-account-manager-gdansk-sales-uslugi-profesjonalne,2026-09-16,"cold calling, prospecting, CRM, sprzedaż B2B, zarządzanie sprzedażą, badanie rynku"
rocketjobs.pl,qualified,64.4,Senior Account Manager - Katowice,account_mgmt,74,phone|script_crm|b2b_inbound_outbound,Katowice,hybrid,10000-20000 PLN/month b2b,senior,rocketjobs.pl,https://rocketjobs.pl/oferta-pracy/rocketjobs-pl-senior-account-manager---katowice-katowice-sales-uslugi-profesjonalne-6ca18eca,2026-08-17,"cold calling, prospecting, CRM, sprzedaż B2B, zarządzanie sprzedażą, badanie rynku"
rocketjobs.pl,qualified,64.4,Junior Account Manager - Katowice 🔱,account_mgmt,70,junior_ramp|script_crm|b2b_inbound_outbound,Katowice,office,6000-12000 PLN/month mandate_contract,junior,rocketjobs.pl,https://rocketjobs.pl/oferta-pracy/rocketjobs-pl-junior-account-manager---katowice--katowice-sales-uslugi-profesjonalne-5beb0a58,2026-08-17,"prospecting, CRM, sprzedaż B2B, negocjacje sprzedażowe, budowanie relacji"
rocketjobs.pl,qualified,64.4,Junior Account Manager 🔱,account_mgmt,70,junior_ramp|script_crm|b2b_inbound_outbound,Gdańsk,office,6000-12000 PLN/month mandate_contract,junior,rocketjobs.pl,https://rocketjobs.pl/oferta-pracy/rocketjobs-pl-junior-account-manager--gdansk-sales-uslugi-profesjonalne,2026-09-16,"prospecting, CRM, sprzedaż B2B, negocjacje sprzedażowe, budowanie relacji"
rocketjobs.pl,qualified,64.4,Account Manager - Katowice,account_mgmt,64,script_crm|b2b_inbound_outbound,Katowice,hybrid,8000-16000 PLN/month b2b,mid,rocketjobs.pl,https://rocketjobs.pl/oferta-pracy/rocketjobs-pl-account-manager---katowice-katowice-sales-uslugi-profesjonalne-45174846,2026-08-17,"prospecting, CRM, sprzedaż B2B, new business"
rocketjobs.pl,qualified,64.4,Account Manager,account_mgmt,64,script_crm|b2b_inbound_outbound,Gdańsk,hybrid,8000-16000 PLN/month b2b,mid,rocketjobs.pl,https://rocketjobs.pl/oferta-pracy/rocketjobs-pl-account-manager-gdansk-sales-uslugi-profesjonalne-90f56042,2026-09-16,"prospecting, CRM, sprzedaż B2B, new business"
Rodak Group Sp zoo,qualified,64.4,Head of Sales (zdalnie),sales_leadership,74,remote,Warszawa,hybrid,25000-75000 PLN/month b2b,c_level,rocketjobs.pl,https://rocketjobs.pl/oferta-pracy/rodak-group-sp-zoo-head-of-sales-zdalnie--warszawa-sales-marketing-reklama-media,2026-08-21,"customer service, branża farmaceutyczna"
Rodak Group Sp zoo,qualified,64.4,Dyrektor Sprzedaży,sales_leadership,70,,Wrocław,hybrid,25000-75000 PLN/month b2b,c_level,rocketjobs.pl,https://rocketjobs.pl/oferta-pracy/rodak-group-sp-zoo-dyrektor-sprzedazy-wroclaw-sales-farmacja-medycyna-25b931b7,2026-07-26,"customer service, branża farmaceutyczna"
Rodak Group Sp zoo,qualified,64.4,Country Sales Manager (Czechy),sales_leadership,70,,Warszawa,hybrid,30000-65000 PLN/month b2b,c_level,rocketjobs.pl,https://rocketjobs.pl/oferta-pracy/rodak-group-sp-zoo-country-sales-manager-czechy--warszawa-sales-farmacja-medycyna-3b03cde6,2026-09-28,"customer service, branża farmaceutyczna"
Mediarecovery,qualified,64.1,Sales Operations Manager,sales_leadership,79,script_crm|b2b_inbound_outbound,Katowice,hybrid,,senior,rocketjobs.pl,https://rocketjobs.pl/oferta-pracy/mediarecovery-sales-operations-manager-katowice-sales-it-i-telekomunikacja,2026-09-25,"zarządzanie procesami sprzedażowymi, znajomość systemów CRM, ERP, sprzedaż B2B, branża IT"
MEdiarecovery,qualified,64.1,Sales Specialist,sales_specialist,64,b2b_inbound_outbound,Katowice,hybrid,,mid,rocketjobs.pl,https://rocketjobs.pl/oferta-pracy/mediarecovery-sales-specialist-katowice-sales-it-i-telekomunikacja,2026-09-17,"sprzedaż B2B, branża IT"
TBS Consulting,qualified,64.0,Specjalista / Specjalistka ds. Sprzedaży Technicznej B2B,ae_b2b_saas,90,junior_ramp|b2b_inbound_outbound,Warszawa,Stacjonarna,12 000 - 13 000 zł brutto/mies.,Młodszy specjalista / młodsza specjalistka (junior) / specjalista / specjalistka (mid),praca.pl,https://www.praca.pl/specjalista-specjalistka-ds-sprzedazy-technicznej-b2b_11482399.html,3 godziny temu,"Opis stanowiska Aktywne pozyskiwanie nowych klientów biznesowych z sektora przemysłowego na terenie całej Polski, zarówno na podstawie przygotowanych baz, jak i poprzez samodzielne wyszukiwanie firm oraz osób decyzyjnych. Budowanie własnego portfela klientów poprzez inicjowanie kontaktów,..."
TBS Consulting,qualified,64.0,Junior Business Development Manager (rozwój sektora przemysłowego),ae_b2b_saas,86,junior_ramp,Warszawa,Stacjonarna,12 000 - 13 000 zł brutto/mies.,Młodszy specjalista / młodsza specjalistka (junior) / specjalista / specjalistka (mid),praca.pl,https://www.praca.pl/junior-business-development-manager-rozwoj-sektora-przemyslowego_11482396.html,2 dni temu,"Zakres obowiązków: Aktywne pozyskiwanie nowych Klientów z obszaru szeroko rozumianego przemysłu na terenie całej Polski – zarówno na podstawie otrzymanej listy potencjalnych Klientów, jak i poprzez samodzielne wyszukiwanie nowych firm, identyfikowanie osób decyzyjnych oraz docieranie do..."
TBS Consulting,qualified,64.0,Inżynier / Inżynierka Sprzedaży Technicznej,generic_sales,56,junior_ramp,Warszawa,Mobilna,12 000 - 14 000 zł brutto/mies.,Młodszy specjalista / młodsza specjalistka (junior) / specjalista / specjalistka (mid) / starszy specjalista / starsza specjalistka (senior),praca.pl,https://www.praca.pl/inzynier-inzynierka-sprzedazy-technicznej_11482390.html,3 godziny temu,"Opis stanowiska Rozwijanie sprzedaży rozwiązań technicznych na terenie wschodniej połowy Polski. Aktywne pozyskiwanie nowych klientów oraz rozwijanie współpracy z obecnymi partnerami biznesowymi. Prowadzenie spotkań i wizyt handlowych, rozpoznawanie potrzeb klientów oraz prezentowanie..."
Grape Up,qualified,63.7,Business Development Manager - AIboostr,ae_b2b_saas,84,remote,Remote,remote,18000.0-20000.0 PLN b2b,Senior,nofluffjobs.com,https://nofluffjobs.com/pl/job/business-development-manager-aiboostr-grape-up-remote,2026-10-01,"Tech-fluent, Enterprise sales, End-to-end sales cycle, Prospecting"
Grape Up,qualified,63.7,Business Development Manager - AIboostr,ae_b2b_saas,84,remote,Kraków,remote,18000.0-20000.0 PLN b2b,Senior,nofluffjobs.com,https://nofluffjobs.com/pl/job/business-development-manager-aiboostr-grape-up-krakow,2026-10-01,"Tech-fluent, Enterprise sales, End-to-end sales cycle, Prospecting"
Grape Up,qualified,63.7,Business Development Manager - AIboostr,ae_b2b_saas,84,remote,Wrocław,remote,18000.0-20000.0 PLN b2b,Senior,nofluffjobs.com,https://nofluffjobs.com/pl/job/business-development-manager-aiboostr-grape-up-wroclaw,2026-10-01,"Tech-fluent, Enterprise sales, End-to-end sales cycle, Prospecting"
Grape Up,qualified,63.7,Business Development Manager - AIboostr,ae_b2b_saas,84,remote,Białystok,remote,18000.0-20000.0 PLN b2b,Senior,nofluffjobs.com,https://nofluffjobs.com/pl/job/business-development-manager-aiboostr-grape-up-bialystok,2026-10-01,"Tech-fluent, Enterprise sales, End-to-end sales cycle, Prospecting"
MODERN-EXPO,qualified,63.7,Senior Business Development Manager (m/k),ae_b2b_saas,95,video_calls|script_crm|b2b_inbound_outbound,Warszawa,hybrid,,manager,rocketjobs.pl,https://rocketjobs.pl/oferta-pracy/modern-expo-senior-business-development-manager-m-k--warszawa-sales-inzynieria-technika-produkcja,2026-08-31,"sprzedaż doradcza B2B, business development, zarządzanie kluczowymi klientami, pozyskiwanie leadów, negocjacje, analiza potrzeb klientów, CRM, prezentacje"
MODERN-EXPO,qualified,63.7,Business Development Manager (Irleand),ae_b2b_saas,80,,Warszawa,hybrid,,mid,rocketjobs.pl,https://rocketjobs.pl/oferta-pracy/modern-expo-business-development-manager-irleand--warszawa-sales-uslugi-profesjonalne,2026-09-22,"business development, negotiation, relationship building, Market analysis, Sales reporting"
Car Lease Polska sp. z o.o.,qualified,63.4,Starszy/a Specjalista/tka ds. wyboru samochodu i finansowania,high_ticket_b2c,89,script_crm|b2b_inbound_outbound,Gdańsk,office,9000-26000 PLN/month b2b,senior,rocketjobs.pl,https://rocketjobs.pl/oferta-pracy/car-lease-polska-sp-z-o-o--starszy-a-specjalista-tka-ds-wyboru-samochodu-i-finansowania-gdansk-sales-finanse-bankowosc-ubezpieczenia,2026-08-26,"sprzedaż, sprzedaż B2B, CRM"
Car Lease Polska sp. z o.o.,qualified,63.4,Doradca/Doradczyni klienta ds. wyboru samochodu i finansowania,high_ticket_b2c,85,script_crm,Katowice,office,11000-30000 PLN/month b2b,mid,rocketjobs.pl,https://rocketjobs.pl/oferta-pracy/car-lease-polska-sp-z-o-o--doradca-doradczyni-klienta-ds-wyboru-samochodu-i-finansowania-katowice-sales-motoryzacja-transport-56e21de2,2026-08-28,"CRM, doradztwo, finanse, branża motoryzacyjna, sprzedaż"
Car Lease Polska sp. z o.o.,qualified,63.4,Specjalista/tka ds. finansowania i ubezpieczeń samochodowych,high_ticket_b2c,80,,Gdynia,office,7000-13000 PLN/month permanent,mid,rocketjobs.pl,https://rocketjobs.pl/oferta-pracy/car-lease-polska-sp-z-o-o--specjalista-tka-ds-finansowania-i-ubezpieczen-samochodowych-gdynia-sales-finanse-bankowosc-ubezpieczenia-9aed679e,2026-08-07,"ubezpieczenia, leasing, doradztwo, automotive, OFWCA, branża motoryzacyjna, agent ubezpieczeniowy, sprzedaż"
Nexio Management Sp. z o. o.,qualified,63.4,IT Business Development Manager - outsourcing IT,ae_b2b_saas,89,script_crm|b2b_inbound_outbound,Warszawa,hybrid,,mid,rocketjobs.pl,https://rocketjobs.pl/oferta-pracy/nexio-management-sp-z-o-o--it-business-development-manager---outsourcing-it-warszawa-sales-it-i-telekomunikacja,2026-10-01,"sprzedaż, CRM, sprzedaż B2B"
Nexio Management Sp. z o. o.,qualified,63.4,IT Business Development Manager,ae_b2b_saas,80,,Warszawa,hybrid,,mid,rocketjobs.pl,https://rocketjobs.pl/oferta-pracy/nexio-management-sp-z-o-o--it-business-development-manager-warszawa-sales-it-i-telekomunikacja,2026-08-31,"sprzedaż, account manager, łatwość nawiązywania kontaktów, skuteczna komunikacja, doradztwo, angielski"
Nexio Management Sp. z o. o.,qualified,63.4,Key Account Manager IT (Sektor Publiczny) (k/m/n),account_mgmt,61,junior_ramp,Warszawa,hybrid,,junior,rocketjobs.pl,https://rocketjobs.pl/oferta-pracy/nexio-management-sp-z-o-o--key-account-manager-sektor-publiczny-k-m-n--warszawa-sales-inne,2026-08-04,"account manager, sprzedaż, it, zamówienia publiczne, PZP"
Founders,qualified,63.1,Sales managers / Doradca ds. klienta,sales_leadership,83,remote|script_crm|b2b_inbound_outbound,Warszawa,remote,6000-15000 PLN/month b2b,mid,rocketjobs.pl,https://rocketjobs.pl/oferta-pracy/founders-sales-managers-doradca-ds-klienta-warszawa-sales-marketing-reklama-media-64c17d6d,2026-09-10,"CRM, sprzedaż B2B"
Oferteo.pl,qualified,63.1,Młodszy Doradca Klienta Biznesowego,high_ticket_b2c,94,phone|b2b_inbound_outbound,Wrocław,office,5000-8000 PLN/month mandate_contract,mid,rocketjobs.pl,https://rocketjobs.pl/oferta-pracy/oferteo-pl-mlodszy-doradca-klienta-biznesowego-wroclaw-sales-inne-50a2ab55,2026-09-30,"praca z klientem, kontakt telefoniczny, sprzedaż B2B, obsluga klienta, sprzedaż"
Oferteo.pl,qualified,63.1,Trener/ka in-house L&D - Sprzedaż,generic_sales,50,,Wrocław,hybrid,8000-10000 PLN/month permanent,mid,rocketjobs.pl,https://rocketjobs.pl/oferta-pracy/oferteo-pl-trener-wroclaw-sales-marketing-reklama-media,2026-09-21,"sprzedaż, AI, e-learning"
Vercom S.A.,qualified,63.1,Industry Account Executive,ae_b2b_saas,94,video_calls|remote|b2b_inbound_outbound,Poznań,remote,12000-14000 PLN/month b2b,senior,rocketjobs.pl,https://rocketjobs.pl/oferta-pracy/vercom-s-a--industry-account-executive-poznan-sales-it-i-telekomunikacja,2026-09-16,"B2B, umiejętności analityczne, strategiczne myślenie, negocjacje, prezentacje"
Vercom S.A.,qualified,63.1,Account Manager,account_mgmt,68,remote|script_crm|b2b_inbound_outbound,Poznań,remote,0-12000 PLN/month b2b,mid,rocketjobs.pl,https://rocketjobs.pl/oferta-pracy/vercom-s-a--account-manager-poznan-sales-it-i-telekomunikacja,2026-09-16,"B2B, account management, Analiza Danych, CRM"
Rodak & Napiórkowski Consulting Sp zoo,qualified,62.8,Partner do obsługi leadów B2B – rynek angielski (zdalnie),ae_b2b_saas,88,remote|b2b_inbound_outbound,Warszawa,remote,18000-45000 PLN/month any,senior,rocketjobs.pl,https://rocketjobs.pl/oferta-pracy/rodak-napiorkowski-consulting-sp-zoo-partner-do-obslugi-leadow-b2b---rynek-angielski-zdalnie--warszawa-sales-finanse-bankowosc-ubezpieczenia,2026-07-20,"branża gastronomiczna, bankowość, analiza finansowa, ekonomia, e-commerce"
Rodak & Napiórkowski Consulting Sp zoo,qualified,62.8,Partner do obsługi leadów B2B – rynek Belgii i Holandii (zdalnie),ae_b2b_saas,88,remote|b2b_inbound_outbound,Warszawa,remote,18000-45000 PLN/month any,senior,rocketjobs.pl,https://rocketjobs.pl/oferta-pracy/rodak-napiorkowski-consulting-sp-zoo-partner-do-obslugi-leadow-b2b---rynek-belgii-i-holandii-zdalnie--warszawa-sales-finanse-bankowosc-ubezpieczenia-523500b8,2026-07-13,"branża gastronomiczna, bankowość, analiza finansowa, ekonomia, e-commerce"
Rodak & Napiórkowski Consulting Sp zoo,qualified,62.8,Partner do obsługi leadów B2B – rynek niemiecki (zdalnie),ae_b2b_saas,88,remote|b2b_inbound_outbound,Warszawa,remote,18000-45000 PLN/month any,senior,rocketjobs.pl,https://rocketjobs.pl/oferta-pracy/rodak-napiorkowski-consulting-sp-zoo-partner-do-obslugi-leadow-b2b---rynek-niemiecki-zdalnie--warszawa-sales-finanse-bankowosc-ubezpieczenia,2026-07-13,"branża gastronomiczna, bankowość, analiza finansowa, ekonomia, e-commerce"
Flyps Sp. z o.o.,qualified,62.5,IT Business Development Manager,ae_b2b_saas,93,remote|script_crm|b2b_inbound_outbound,Poznań,remote,13000-18000 PLN/month b2b,mid,rocketjobs.pl,https://rocketjobs.pl/oferta-pracy/flyps-sp-z-o-o--it-business-development-manager-poznan-sales-it-i-telekomunikacja-407777a1,2026-08-27,"CRM, sprzedaż B2B, negocjacje, lead generation"
Flyps Sp. z o.o.,qualified,62.5,Account Manager,account_mgmt,63,remote|b2b_inbound_outbound,Poznań,remote,8000-15000 PLN/month b2b,mid,rocketjobs.pl,https://rocketjobs.pl/oferta-pracy/flyps-sp-z-o-o--account-manager-poznan-sales-it-i-telekomunikacja-30784e54,2026-08-07,"account manager, sprzedaż B2B, AI"
Power Media,qualified,62.0,Specjalista ds. sprzedaży (m/k),sales_specialist,70,remote|junior_ramp,Poznań,remote,5880-7560 PLN/hour mandate_contract,junior,rocketjobs.pl,https://rocketjobs.pl/oferta-pracy/power-media-specjalista-ds-sprzedazy-m-k--poznan-sales-it-i-telekomunikacja,2026-07-30,sprzedaż
Power Media,qualified,62.0,Specjalista ds. Sprzedaży (m/k),sales_specialist,64,b2b_inbound_outbound,Świerklaniec,hybrid,,mid,rocketjobs.pl,https://rocketjobs.pl/oferta-pracy/power-media-specjalista-ds-sprzedazy-m-k--swierklaniec-sales-it-i-telekomunikacja,2026-09-29,sprzedaż B2B
Power Media,qualified,62.0,Technical Sales Associate (Junior),generic_sales,60,remote|junior_ramp,Poznań,remote,5880-7560 PLN/hour mandate_contract,junior,rocketjobs.pl,https://rocketjobs.pl/oferta-pracy/power-media-technical-sales-associate-junior--poznan-sales-it-i-telekomunikacja,2026-07-13,sprzedaż
Power Media,qualified,62.0,Key Account Manager,account_mgmt,59,b2b_inbound_outbound,Poznań,hybrid,15000-17000 PLN/month b2b,mid,rocketjobs.pl,https://rocketjobs.pl/oferta-pracy/power-media-key-account-manager-poznan-sales-it-i-telekomunikacja,2026-08-04,sprzedaż B2B
Power Media,qualified,62.0,Key Account Manager – Cybersecurity,account_mgmt,59,b2b_inbound_outbound,Kraków,hybrid,15000-19000 PLN/month b2b,senior,rocketjobs.pl,https://rocketjobs.pl/oferta-pracy/power-media-key-account-manager---cybersecurity-krakow-sales-it-i-telekomunikacja-d788960e,2026-09-01,"sprzedaż B2B, doradztwo techniczne"
Power Media,qualified,62.0,Key Account Manager,account_mgmt,59,b2b_inbound_outbound,Kraków,hybrid,15000-19000 PLN/month b2b,mid,rocketjobs.pl,https://rocketjobs.pl/oferta-pracy/power-media-key-account-manager-krakow-sales-it-i-telekomunikacja,2026-07-22,"sprzedaż B2B, Cyberbezpieczeństwo"
Power Media,qualified,62.0,Specjalista ds. Wsparcia Sprzedaży (m/k),generic_sales,50,,Wrocław,office,7000-10000 PLN/month permanent,mid,rocketjobs.pl,https://rocketjobs.pl/oferta-pracy/power-media-specjalista-ds-wsparcia-sprzedazy-m-k--wroclaw-sales-it-i-telekomunikacja,2026-07-07,Microsoft Office Excel
Zakłady Mięsne „H.A.M.” Cichoń i Wspólnicy Sp. z o.o.,qualified,62.0,Dyrektor / Dyrektorka Sprzedaży – Branża Spożywcza,sales_leadership,70,,Radzionków,Stacjonarna,,,praca.pl,https://www.praca.pl/dyrektor-dyrektorka-sprzedazy-branza-spozywcza_11508400.html,2 dni temu,Opis stanowiska Zarządzanie sprzedażą hurtową oraz odpowiedzialność za realizację celów handlowych i finansowych. Rozwijanie bazy klientów i aktywne pozyskiwanie nowych odbiorców hurtowni. Budowanie i realizowanie strategii sprzedażowej we współpracy z Zarządem. Kierowanie zespołem...
Zakłady Mięsne „H.A.M.” Cichoń i Wspólnicy Sp. z o.o.,qualified,62.0,Dyrektor / Dyrektorka Handlowa – Hurtownia Spożywcza,generic_sales,50,,Radzionków,Stacjonarna,,,praca.pl,https://www.praca.pl/dyrektor-dyrektorka-handlowa-hurtownia-spozywcza_11508391.html,2 godziny temu,"Opis stanowiska Kompleksowe zarządzanie działalnością handlową hurtowni spożywczej. Odpowiedzialność za zapewnienie ciągłości zaopatrzenia w mięso, wędliny oraz pozostałe artykuły spożywcze. Kierowanie zespołem pracowników i organizowanie jego bieżącej pracy. Współpraca z..."
Zakłady Mięsne „H.A.M.” Cichoń i Wspólnicy Sp. z o.o.,qualified,62.0,Dyrektor Handlowy Hurtowni Spożywczej,generic_sales,50,,Radzionków,Stacjonarna,,,praca.pl,https://www.praca.pl/dyrektor-handlowy-hurtowni-spozywczej_11508340.html,2 dni temu,"Obowiązki: Odpowiedzialność za zaopatrzenie w podstawowe artykuły mięsno wędliniarskie, spożywcze. Kierowanie zespołem pracowników , współpraca z Zarządem , Poszukiwanie nowych klientów hurtowni. Dbanie o wynik finansowy hurtowni, zapewnienie opłacalności sprzedaży towarów. Nadzór..."
4 Ściany Biuro Nieruchomości,qualified,61.9,Agent / Agentka - Pośrednik / Pośredniczka nieruchomości,high_ticket_b2c,92,video_calls|junior_ramp,Warszawa,,,Specjalista / specjalistka (mid) / młodszy specjalista / młodsza specjalistka (junior) / starszy specjalista / starsza specjalistka (senior),praca.pl,https://www.praca.pl/agent-agentka-posrednik-posredniczka-nieruchomosci_11483563.html,przed chwilą,"Zadania Aktywne budowanie portfela ofert poprzez pozyskiwanie nowych obiektów do sprzedaży i pod wynajem. Tworzenie profesjonalnych prezentacji nieruchomości oraz dbanie o ich atrakcyjny wizerunek rynkowy. Bezpośredni kontakt z kontrahentami, w tym prowadzenie pokazów domów i lokali...."
4 Ściany Biuro Nieruchomości,qualified,61.9,Agent / Pośrednik nieruchomości,high_ticket_b2c,92,video_calls|junior_ramp,Warszawa,,,Specjalista / specjalistka (mid) / młodszy specjalista / młodsza specjalistka (junior) / starszy specjalista / starsza specjalistka (senior),praca.pl,https://www.praca.pl/agent-posrednik-nieruchomosci_11483077.html,2 dni temu,"Zakres obowiązków Agenta-Pośrednika nieruchomości obejmuje: kompleksową obsługę klientów biura, pozyskiwanie zleceń, wyszukiwanie ofert nieruchomości, przygotowanie oferty do sprzedaży lub wynajmu, prezentacje nieruchomości, aktualizowanie baz danych, kompletowanie dokumentacji do..."
E.ON Polska S.A.,disqualified,61.7,Digital Sales Manager (kanał B2C) K/M/X,sales_leadership,75,script_crm,Warszawa,hybrid,,manager,rocketjobs.pl,https://rocketjobs.pl/oferta-pracy/e-on-polska-operations-sp-z-o-o-digital-sales-manager-kanal-b2c-k-m-x-warszawa-sales-inzynieria-technika-produkcja,2026-08-19,"praca z klientem, sprzedaż, CRM, zarządzanie zespołem, zarządzanie sprzedażą"
E.ON Polska S.A.,disqualified,61.7,Account manager - energetyka (K/M/X),account_mgmt,59,b2b_inbound_outbound,Warszawa,hybrid,,manager,rocketjobs.pl,https://rocketjobs.pl/oferta-pracy/e-on-polska-s-a--account-manager---energetyka-k-m-x--warszawa-sales-energia-srodowisko,2026-08-31,"sprzedaż, sprzedaż B2B, prawo jazdy kat. B"
OMEVO EVA Dywaniki,qualified,61.4,Sales Specialist / Specialista ds. Sprzedaży B2C (K/M),sales_specialist,69,remote|script_crm,Kielce,remote,5200-12000 PLN/month b2b,mid,rocketjobs.pl,https://rocketjobs.pl/oferta-pracy/omevo-eva-dywaniki-sales-specialist-specialista-ds-sprzedazy-b2c-k-m--kielce-sales-motoryzacja-transport-437a518f,2026-09-22,"CRM, doradztwo, sprzedaż B2C, branża motoryzacyjna, sprzedaż"
OMEVO EVA Dywaniki,qualified,61.4,Sales Specialist / Specialista ds. Sprzedaży B2C (K/M),sales_specialist,69,remote|script_crm,Kraków,remote,5200-12000 PLN/month b2b,mid,rocketjobs.pl,https://rocketjobs.pl/oferta-pracy/omevo-eva-dywaniki-sales-specialist-specialista-ds-sprzedazy-b2c-k-m--krakow-sales-motoryzacja-transport-9b6a2e70,2026-07-08,"CRM, doradztwo, sprzedaż B2C, branża motoryzacyjna, sprzedaż"
OMEVO EVA Dywaniki,qualified,61.4,Sales Specialist / Specialista ds. Sprzedaży B2C (K/M),sales_specialist,69,remote|script_crm,Gdańsk,remote,5200-12000 PLN/month b2b,mid,rocketjobs.pl,https://rocketjobs.pl/oferta-pracy/omevo-eva-dywaniki-sales-specialist-specialista-ds-sprzedazy-b2c-k-m--gdansk-sales-motoryzacja-transport-18e38780,2026-09-29,"CRM, doradztwo, sprzedaż B2C, branża motoryzacyjna, sprzedaż"
OMEVO EVA Dywaniki,qualified,61.4,Młodszy Specjalista ds. Obługi Klienta i Sprzedaży z językiem niemieckim,generic_sales,65,remote|junior_ramp|script_crm,Warszawa,remote,4806-7600 PLN/month b2b,junior,rocketjobs.pl,https://rocketjobs.pl/oferta-pracy/omevo-eva-dywaniki-mlodszy-specjalista-ds-oblugi-klienta-i-sprzedazy-z-jezykiem-niemieckim-warszawa-sales-motoryzacja-transport,2026-08-18,"obsługa klienta, CRM, praca z klientem, sprzedaż"
OMEVO EVA Dywaniki,qualified,61.4,Młodszy Specjalista ds. Obługi Klienta i Sprzedaży z językiem czeskim,generic_sales,65,remote|junior_ramp|script_crm,Warszawa,remote,4806-7600 PLN/month b2b,junior,rocketjobs.pl,https://rocketjobs.pl/oferta-pracy/omevo-eva-dywaniki-mlodszy-specjalista-ds-oblugi-klienta-i-sprzedazy-z-jezykiem-czeskim-warszawa-sales-motoryzacja-transport-11e4d676,2026-08-18,"obsługa klienta, CRM, praca z klientem, sprzedaż"
OMEVO EVA Dywaniki,qualified,61.4,Młodszy Specjalista ds. Obługi Klienta i Sprzedaży z językiem czeskim,generic_sales,65,remote|junior_ramp|script_crm,Cieszyn,remote,4806-7600 PLN/month b2b,junior,rocketjobs.pl,https://rocketjobs.pl/oferta-pracy/omevo-eva-dywaniki-mlodszy-specjalista-ds-oblugi-klienta-i-sprzedazy-z-jezykiem-czeskim-cieszyn-sales-motoryzacja-transport,2026-09-09,"obsługa klienta, CRM, praca z klientem, sprzedaż"
Bank BPS S.A.,qualified,61.3,Doradca / Doradczyni Klienta Detalicznego (ze sprzedażą produktów hipotecznych),high_ticket_b2c,80,,Lublin,office,,mid,rocketjobs.pl,https://rocketjobs.pl/oferta-pracy/bank-bps-s-a--doradca-doradczyni-klienta-detalicznego-ze-sprzedaza-produktow-hipotecznych--lublin-sales-finanse-bankowosc-ubezpieczenia,2026-10-02,"Sprzedaż Produktów Finansowych, Obsługa kasowa klientów, obsługa klienta"
Bank BPS S.A.,qualified,61.3,Doradca / Doradczyni Klienta Biznesowego,high_ticket_b2c,80,,Wrocław,office,,mid,rocketjobs.pl,https://rocketjobs.pl/oferta-pracy/bank-bps-s-a--doradca-doradczyni-klienta-biznesowego-wroclaw-sales-finanse-bankowosc-ubezpieczenia,2026-10-02,"obsługa klienta, sprzedaż, bankowość"
Bank BPS S.A.,qualified,61.3,Doradca / Doradczyni Klienta Detalicznego (ze sprzedażą produktów hipotecznych),high_ticket_b2c,80,,Wrocław,office,,mid,rocketjobs.pl,https://rocketjobs.pl/oferta-pracy/bank-bps-s-a--doradca-doradczyni-klienta-detalicznego-ze-sprzedaza-produktow-hipotecznych--wroclaw-sales-finanse-bankowosc-ubezpieczenia,2026-10-02,"Sprzedaż Produktów Finansowych, Obsługa kasowa klientów, obsługa klienta"
Bank BPS S.A.,qualified,61.3,Kierownik / Kierowniczka Zespołu Klienta Detalicznego (sprzedaż produktów hipotecznych),generic_sales,50,,Olsztyn,office,,senior,rocketjobs.pl,https://rocketjobs.pl/oferta-pracy/bank-bps-s-a--kierownik-kierowniczka-zespolu-klienta-detalicznego-sprzedaz-produktow-hipotecznych--olsztyn-sales-finanse-bankowosc-ubezpieczenia,2026-10-02,"obsługa klienta, sprzedaż, bankowość, prawo jazdy kat. B, kurs kasjera złotowo-walutowego"
Energomix S.A,qualified,61.3,"Przedstawiciel Handlowy ds. Energii, Gazu i OZE",high_ticket_b2c,80,remote|junior_ramp,Warszawa,remote,,junior,rocketjobs.pl,https://rocketjobs.pl/oferta-pracy/energomix-s-a-przedstawiciel-handlowy-ds-energii-gazu-i-oze-warszawa-sales-energia-srodowisko-48f9467e,2026-09-22,"elastyczność, skuteczna komunikacja, dobra organizacja pracy, negocjacje, obsługa klienta, sprzedaż"
Energomix Sp. z o. o.,qualified,61.3,Partner Handlowy ds. Sprzedaży Energii i Gazu,generic_sales,60,junior_ramp|b2b_inbound_outbound,Warszawa,mobile,,junior,rocketjobs.pl,https://rocketjobs.pl/oferta-pracy/energomix-sp-z-o-o--partner-handlowy-ds-sprzedazy-energii-i-gazu-warszawa-sales-energia-srodowisko-92192daa,2026-07-21,"B2B, sprzedaż B2B"
Energomix S.A,qualified,61.3,Partner Handlowy ds. Energii i Gazu,generic_sales,60,remote|junior_ramp,Warszawa,remote,,junior,rocketjobs.pl,https://rocketjobs.pl/oferta-pracy/energomix-s-a-partner-handlowy-ds-energii-i-gazu-warszawa-sales-energia-srodowisko-d70800fb,2026-09-01,"elastyczność, skuteczna komunikacja, dobra organizacja pracy, negocjacje, obsługa klienta, sprzedaż"
Energomix Sp. z o. o.,qualified,61.3,Partner Handlowy ds. Sprzedaży Energii i Gazu,generic_sales,60,junior_ramp|b2b_inbound_outbound,Olsztyn,mobile,,junior,rocketjobs.pl,https://rocketjobs.pl/oferta-pracy/energomix-sp-z-o-o--partner-handlowy-ds-sprzedazy-energii-i-gazu-olsztyn-sales-energia-srodowisko-111aa125,2026-09-22,"B2B, sprzedaż B2B"
SIG,qualified,61.3,Doradca Techniczny (K/M/X),high_ticket_b2c,80,,Olsztyn,office,,mid,rocketjobs.pl,https://rocketjobs.pl/oferta-pracy/sig-doradca-techniczny-k-m-x--olsztyn-sales-nieruchomosci-budownictwo,2026-09-29,"sprzedaż, obsługa klienta, prawo jazdy kat. B, branża budowlana"
SIG,qualified,61.3,Doradca Techniczny (K/M/X),high_ticket_b2c,80,,Warszawa,office,,mid,rocketjobs.pl,https://rocketjobs.pl/oferta-pracy/sig-doradca-techniczny-k-m-x--warszawa-sales-inzynieria-technika-produkcja-e52926b3,2026-09-02,"sprzedaż, obsługa klienta, prawo jazdy kat. B"
SIG,qualified,61.3,Doradca Techniczny (K/M/X),high_ticket_b2c,80,,Toruń,office,,mid,rocketjobs.pl,https://rocketjobs.pl/oferta-pracy/sig-doradca-techniczny-k-m-x--torun-sales-inzynieria-technika-produkcja,2026-09-02,"sprzedaż, obsługa klienta, prawo jazdy kat. B"
SIG,qualified,61.3,Specjalista ds. Sprzedaży (K/M/X),sales_specialist,60,,Olsztyn,office,,mid,rocketjobs.pl,https://rocketjobs.pl/oferta-pracy/sig-specjalista-ds-sprzedazy-k-m-x--olsztyn-sales-nieruchomosci-budownictwo,2026-09-29,"Microsoft Office, sprzedaż, komunikatywność"
UNIQA,disqualified,61.3,Ekspert/ka ds. ubezpieczeń korporacyjnych majątkowo - technicznych (underwriter),high_ticket_b2c,80,,Gdańsk,hybrid,,mid,rocketjobs.pl,https://rocketjobs.pl/oferta-pracy/uniqa-ekspert-ka-ds-ubezpieczen-korporacyjnych-majatkowo---technicznych-underwriter--gdansk-sales-finanse-bankowosc-ubezpieczenia,2026-08-20,"Microsoft Office Excel, Microsoft Office, sprzedaż, wykształcenie wyższe"
UNIQA,disqualified,61.3,Regionalny Menedżer Sprzedaży Dealerskiej (k/m),generic_sales,50,,Warszawa,hybrid,,senior,rocketjobs.pl,https://rocketjobs.pl/oferta-pracy/uniqa-regionalny-menedzer-sprzedazy-dealerskiej-k-m--warszawa-sales-finanse-bankowosc-ubezpieczenia,2026-08-26,"branża ubezpieczeniowa, Microsoft Office, sprzedaż, prawo jazdy kat. B, zarządzanie sprzedażą"
UNIQA,disqualified,61.3,Menedżer/ka ds. Rozwoju Struktur Sprzedaży,generic_sales,50,,Kraków,hybrid,,manager,rocketjobs.pl,https://rocketjobs.pl/oferta-pracy/uniqa-menedzer-ka-ds-rozwoju-struktur-sprzedazy-krakow-sales-finanse-bankowosc-ubezpieczenia,2026-08-27,"sprzedaż, Microsoft Office, wsparcie sprzedaży, zarządzanie sprzedażą"
UNIQA,disqualified,61.3,Specjalista ds. Wsparcia Sprzedaży Dealerskiej (k/m),generic_sales,50,,Warszawa,hybrid,,mid,rocketjobs.pl,https://rocketjobs.pl/oferta-pracy/uniqa-specjalista-ds-wsparcia-sprzedazy-dealerskiej-k-m--warszawa-sales-finanse-bankowosc-ubezpieczenia,2026-08-27,"sprzedaż, Microsoft Office, wsparcie sprzedaży"
Print Systems Sp. z o o Sp.k,qualified,61.1,Sales Manager - Chemia Przemysłowa,sales_leadership,74,b2b_inbound_outbound,Rokietnica,mobile,,mid,rocketjobs.pl,https://rocketjobs.pl/oferta-pracy/print-systems-sp-z-o-o-sp-k-business-development-manager---chemia-przemyslowa-rokietnica-sales-kosmetyki-chemia,2026-09-16,"prawo jazdy kat. B, sprzedaż B2B, obsługa klienta, rynek chemii przemysłowej"
Print Systems Sp. z o o Sp.k,qualified,61.1,Sales & Technical Manager,generic_sales,55,script_crm,Rokietnica,hybrid,,mid,rocketjobs.pl,https://rocketjobs.pl/oferta-pracy/print-systems-sp-z-o-o-sp-k-sales-technical-manager-rokietnica-sales-uslugi-profesjonalne,2026-08-19,"sprzedaż, prawo jazdy kat. B, CRM"
WearTech,qualified,61.1,Enterprise sales manager (retail),sales_leadership,74,b2b_inbound_outbound,Wrocław,mobile,,mid,rocketjobs.pl,https://rocketjobs.pl/oferta-pracy/weartech-enterprise-sales-manager-retail--wroclaw-sales-it-i-telekomunikacja,2026-09-30,"sprzedaż, sprzedaż B2B, obsługa klienta"
WearTech,qualified,61.1,Sales Hunter PL,generic_sales,55,script_crm,Wrocław,mobile,,mid,rocketjobs.pl,https://rocketjobs.pl/oferta-pracy/weartech-enterprise-sales-hunter-pl-wroclaw-sales-it-i-telekomunikacja,2026-09-14,"branża FMCG, prawo jazdy kat. B, CRM, AI, Claude AI"
NIERUCHOMOŚCI4YOU,qualified,60.9,Agent/ Agentka nieruchomości,high_ticket_b2c,96,phone|junior_ramp,Wrocław,hybrid,10000-30000 PLN/month b2b,junior,rocketjobs.pl,https://rocketjobs.pl/oferta-pracy/nieruchomosci4you-agent-agentka-nieruchomosci-wroclaw-sales-nieruchomosci-budownictwo,2026-09-30,"obsługa klienta, telefoniczna obsługa klienta, wysoka kultura osobista, gotość do nauki i rozwoju, komunikatywność"
INEXTO POLAND,qualified,60.7,Sales Operations Coordinator,sales_leadership,79,script_crm|b2b_inbound_outbound,Kraków,hybrid,,mid,rocketjobs.pl,https://rocketjobs.pl/oferta-pracy/inexto-poland-sales-operations-coordinator-krakow-sales-it-i-telekomunikacja-cbbc121d,2026-09-11,"sprzedaż, obsługa klienta, CRM, Microsoft Office, Microsoft Office Excel, sprzedaż B2B"
Media Choice,qualified,60.7,Sales Team Leader,sales_leadership,79,script_crm|b2b_inbound_outbound,Wrocław,hybrid,12000-15000 PLN/month b2b,manager,rocketjobs.pl,https://rocketjobs.pl/oferta-pracy/media-choice-sales-team-leader-wroclaw-sales-marketing-reklama-media,2026-09-14,"CRM, B2B marketing, digital marketing, marketing, samodzielność, sprzedaż B2B, Microsoft Office"
PROENERGIA,qualified,60.7,Dyrektor Sprzedaży OZE / Head of Sales (Handel Sprzętem PV & Kontenery B2B / PL / Europa),sales_leadership,79,script_crm|b2b_inbound_outbound,Warszawa,hybrid,15000-45000 PLN/month any,c_level,rocketjobs.pl,https://rocketjobs.pl/oferta-pracy/proenergia-dyrektor-sprzedazy-oze-head-of-sales-handel-sprzetem-pv-kontenery-b2b-pl-europa--warszawa-sales-energia-srodowisko,2026-08-04,"sprzedaż, branża OZE, rynek europejski, sprzedaż B2B, CRM"
SLODKIE sp. z o.o.,qualified,60.7,Doradczyni / Doradca klienta biznesowego,high_ticket_b2c,90,phone,"Warszawa, ul. Chełmżyńska 180H",Stacjonarna,,,praca.pl,https://www.praca.pl/doradczyni-doradca-klienta-biznesowego_11459650.html,3 dni temu,"Jak wygląda Twój dzień? Prowadzenie rozmów handlowych telefonicznie, mailowo; Przygotowywanie ofert; Wyszukiwanie nowych szans sprzedażowych oraz inicjowanie kontaktu z potencjalnymi partnerami; Profesjonalne doradztwo w wyborze odpowiednich produktów; Negocjowanie warunków współpracy i..."
SLODKIE sp. z o.o.,qualified,60.7,Doradczyni / Doradca Klienta ds. Sprzedaży,high_ticket_b2c,90,junior_ramp|b2b_inbound_outbound,"Warszawa, ul. Chełmżyńska 180H",Stacjonarna,,,praca.pl,https://www.praca.pl/doradczyni-doradca-klienta-ds-sprzedazy_11459653.html,4 dni temu,Co oferujemy? Atrakcyjne wynagrodzenie adekwatne do wyników. Nowoczesne biuro w Warszawie z dostępem do parkingu. Profesjonalny 5-dniowy onboarding oraz stałe wsparcie merytoryczne i szkolenia sprzedażowe. Narzędzia do pracy: system lead generation oraz gotową bazę klientów. Dużą...
Supremo,qualified,60.7,Head of Sales,sales_leadership,79,script_crm|b2b_inbound_outbound,Poznań,hybrid,25000-30000 PLN/month b2b,c_level,rocketjobs.pl,https://rocketjobs.pl/oferta-pracy/supremo-head-of-sales-poznan-sales-it-i-telekomunikacja,2026-09-23,"Zarządzanie działem sprzedaży b2b, sprzedaż usług IT, wdrażanie CRM, Praca na liczbach, zarządzanie zespołem"
Zdrowa Sylwetka,qualified,60.7,Sales manager,sales_leadership,79,remote|script_crm,Warszawa,remote,10000-25000 PLN/month b2b,manager,rocketjobs.pl,https://rocketjobs.pl/oferta-pracy/zdrowa-sylwetka-sales-manager-warszawa-sales-uslugi-profesjonalne,2026-09-24,"sprzedaż B2C, prowadzenie zespołu, rekrutacja, onboarding, Analiza Danych, CRM, Trening sprzedaży, zarządzanie czasem"
DEKA SPÓŁKA Z OGRANICZONĄ ODPOWIEDZIALNOŚCIĄ,qualified,60.4,Business Development Specialist,ae_b2b_saas,84,b2b_inbound_outbound,Kielce,hybrid,7000-10000 PLN/month b2b,mid,rocketjobs.pl,https://rocketjobs.pl/oferta-pracy/deka-spolka-z-ograniczona-odpowiedzialnoscia-business-development-specialist-kielce-sales-marketing-reklama-media,2026-09-03,"sprzedaż B2B, aktywne pozyskiwanie klientów, W sprzedaży konsultacyjnej, Umiejętność negocjacji, Zarządzanie pipeline'em, Analiza sytuacji biznesowej, komunikacja, e-commerce"
DEKA SPÓŁKA Z OGRANICZONĄ ODPOWIEDZIALNOŚCIĄ,qualified,60.4,Allegro Account Manager – rynek słowacki,account_mgmt,55,,Kielce,hybrid,,manager,rocketjobs.pl,https://rocketjobs.pl/oferta-pracy/deka-spolka-z-ograniczona-odpowiedzialnoscia-allegro-account-manager---rynek-slowacki-kielce-sales-marketing-reklama-media-a2838472,2026-09-30,"doświadczenia w e-commerce, Excel lub Google Sheets,, Allegro Ads"
DEKA SPÓŁKA Z OGRANICZONĄ ODPOWIEDZIALNOŚCIĄ,qualified,60.4,Allegro Account Manager – rynek węgierski,account_mgmt,55,,Kielce,hybrid,,manager,rocketjobs.pl,https://rocketjobs.pl/oferta-pracy/deka-spolka-z-ograniczona-odpowiedzialnoscia-allegro-account-manager---rynek-wegierski-kielce-sales-marketing-reklama-media-9ee66b29,2026-09-30,"doświadczenia w e-commerce, Excel lub Google Sheets, Allegro Ads"
MDM NT Sp z o.o.,qualified,60.4,SaaS Commercialization Manager - Menedżer Komercjalizacji SaaS (M/K/I),ae_b2b_saas,84,b2b_inbound_outbound,Bażanowice,mobile,,mid,rocketjobs.pl,https://rocketjobs.pl/oferta-pracy/mdm-nt-sp-z-o-o--saas-commercialization-manager---menedzer-komercjalizacji-saas-m-k-i--bazanowice-sales-it-i-telekomunikacja,2026-07-31,"sprzedaż, sprzedaż B2B, negocjacje"
MDM NT Sp z o.o.,qualified,60.4,Doradca Techniczny- dachy solarne (K/M/I),high_ticket_b2c,80,,Bielsko-Biała,mobile,,mid,rocketjobs.pl,https://rocketjobs.pl/oferta-pracy/mdm-nt-sp-z-o-o--doradca-techniczny--dachy-solarne-k-m-i--bielsko-biala-sales-inzynieria-technika-produkcja,2026-08-06,"wykształcenie techniczne, rysunek techniczny, CAD, prawo jazdy kat. B"
MDM NT Sp z o.o.,qualified,60.4,Specjalista ds. Sprzedaży i Obsługi Klienta na rynku niemieckim (K/M),customer_service,35,,Bielsko-Biała,office,,mid,rocketjobs.pl,https://rocketjobs.pl/oferta-pracy/mdm-nt-sp-z-o-o--specjalista-ds-sprzedazy-i-obslugi-klienta-na-rynku-niemieckim-k-m--bielsko-biala-sales-inne,2026-09-11,"sprzedaż, obsługa klienta, Wykształcenie średnie, Microsoft Office"
TALENT HUNTER SP. Z O.O.,disqualified,60.4,Menedżer ds. sprzedaży B2B (sponsoring),ae_b2b_saas,84,b2b_inbound_outbound,Warszawa,hybrid,,senior,rocketjobs.pl,https://rocketjobs.pl/oferta-pracy/talent-hunter-sp-z-o-o--menedzer-ds-sprzedazy-b2b-sponsoring--warszawa-sales-uslugi-profesjonalne-857bc111,2026-09-15,"account manager, sprzedaż B2B, zarządzanie sprzedażą, sprzedaż"
TALENT HUNTER SP. Z O.O.,disqualified,60.4,Stylista/ Doradca Klienta (moda męska MTM),high_ticket_b2c,80,,Warszawa,office,6000-9000 PLN/month b2b,mid,rocketjobs.pl,https://rocketjobs.pl/oferta-pracy/talent-hunter-sp-z-o-o--stylista-doradca-klienta-moda-meska-mtm--warszawa-sales-odziez-i-akcesoria,2026-09-18,"administracja, samodzielność, budowanie relacji"
TALENT HUNTER SP. Z O.O.,disqualified,60.4,Key Account Manager (Cybersecurity),account_mgmt,59,b2b_inbound_outbound,Warszawa,hybrid,14000-15000 PLN/month b2b,senior,rocketjobs.pl,https://rocketjobs.pl/oferta-pracy/talent-hunter-sp-z-o-o--key-account-manager-cybersecurity--warszawa-sales-it-i-telekomunikacja-57995a25,2026-08-24,"Cybercesurity, it, sprzedaż B2B, sprzedaż, branża IT"
Mathema.me,qualified,60.3,Video Sales Consultant,ae_b2b_saas,95,video_calls|remote|script_crm,Warszawa,remote,6000-12000 PLN/month b2b,mid,rocketjobs.pl,https://rocketjobs.pl/oferta-pracy/mathema-me-video-sales-consultant-warszawa-sales-inne,2026-10-02,"b2c, empatia, Skrypt, sprzedaż, CRM, video-sales"
ABC WORK Sp. z o.o Sp.k,qualified,60.1,"Opiekun Klienta B2B, rozwój relacji i pozyskiwanie nowych klientów",ae_b2b_saas,89,script_crm|b2b_inbound_outbound,Warszawa,hybrid,6000-10000 PLN/month any,mid,rocketjobs.pl,https://rocketjobs.pl/oferta-pracy/abc-work-sp-z-o-o-sp-k-opiekun-klienta-b2b-rozwoj-relacji-i-pozyskiwanie-nowych-klientow-warszawa-sales-inne,2026-10-02,"doświadczenie w sprzedaży, obsługa Klientów, budowanie relacji, Analiza potrzeb, Praca w Salesforce, Inicjowanie kontaktu, zarządzanie czasem, prawo jazdy kat. B"
ABC WORK,qualified,60.1,Specjalista ds. Rozwoju Sprzedaży – FMCG,generic_sales,50,,Kraków,mobile,10000-13000 PLN/month b2b,mid,rocketjobs.pl,https://rocketjobs.pl/oferta-pracy/abc-work-specjalista-ds-rozwoju-sprzedazy---fmcg-krakow-sales-inne,2026-09-25,"sprzedaż, branża FMCG, prawo jazdy kat. B, samodzielność"
Cosibella,qualified,60.1,Team Leader/ka Hurtu zagranicznego i Ekspansji,sales_leadership,78,remote|b2b_inbound_outbound,Warszawa,remote,9240-11760 PLN/hour b2b,manager,rocketjobs.pl,https://rocketjobs.pl/oferta-pracy/cosibella-team-leader-ka-hurtu-zagranicznego-i-ekspansji-warszawa-sales-kosmetyki-chemia,2026-09-10,"Koordynowanie, KPI, hurt, Handel, zarządzanie zespołem, zarządzanie sprzedażą"
HANDS grupa reklamowa dla Marki Magic Pack,qualified,60.1,Handlowiec B2B (wynagrodzenie prowizyjne),ae_b2b_saas,89,script_crm|b2b_inbound_outbound,Poznań,hybrid,,mid,rocketjobs.pl,https://rocketjobs.pl/oferta-pracy/hands-grupa-reklamowa-dla-marki-magic-pack-handlowiec-b2b-wynagrodzenie-prowizyjne--poznan-sales-inne,2026-07-31,"sprzedaż B2B, sprzedaż, CRM"
HANDS grupa reklamowa dla Marki Magic Pack,qualified,60.1,B2B Sales Specialist – Prezenty Biznesowe,ae_b2b_saas,89,script_crm|b2b_inbound_outbound,Poznań,hybrid,,mid,rocketjobs.pl,https://rocketjobs.pl/oferta-pracy/hands-grupa-reklamowa-dla-marki-magic-pack-b2b-sales-specialist---prezenty-biznesowe-poznan-sales-inne-6a0c4c56,2026-08-25,"sprzedaż B2B, sprzedaż, CRM"
WeNet sp. z o.o.,qualified,59.6,Młodszy Specjalista/Młodsza Specjalistka ds. Sprzedaży usług marketingowych,sales_specialist,66,junior_ramp,Łódź,office,4900-5400 PLN/month permanent,junior,rocketjobs.pl,https://rocketjobs.pl/oferta-pracy/wenet-sp-z-o-o--mlodszy-specjalista-mlodsza-specjalistka-ds-sprzedazy-uslug-marketingowych-lodz-sales-marketing-reklama-media-66e8d40c,2026-06-30,"digital marketing, sprzedaż"
WeNet sp. z o.o.,qualified,59.6,Młodszy Specjalista/Młodsza Specjalistka ds. Sprzedaży usług marketingowych,sales_specialist,66,junior_ramp,Warszawa,office,4900-5400 PLN/month permanent,junior,rocketjobs.pl,https://rocketjobs.pl/oferta-pracy/wenet-sp-z-o-o--mlodszy-specjalista-mlodsza-specjalistka-ds-sprzedazy-uslug-marketingowych-warszawa-sales-marketing-reklama-media-ab4ecb3a,2026-06-30,"digital marketing, sprzedaż"
WeNet sp. z o.o.,qualified,59.6,Starszy Specjalista/Starsza Specjalistka ds. Sprzedaży usług marketingowych,sales_specialist,64,b2b_inbound_outbound,Katowice,office,5500-6500 PLN/month permanent,mid,rocketjobs.pl,https://rocketjobs.pl/oferta-pracy/wenet-sp-z-o-o--starszy-specjalista-starsza-specjalistka-ds-sprzedazy-uslug-marketingowych-katowice-sales-marketing-reklama-media-dd6686a7,2026-06-30,"digital marketing, sprzedaż B2B, negocjacje, sprzedaż"
WeNet sp. z o.o.,qualified,59.6,Starszy Specjalista/Starsza Specjalistka ds. Sprzedaży usług marketingowych,sales_specialist,64,b2b_inbound_outbound,Warszawa,office,5500-6500 PLN/month permanent,mid,rocketjobs.pl,https://rocketjobs.pl/oferta-pracy/wenet-sp-z-o-o--starszy-specjalista-starsza-specjalistka-ds-sprzedazy-uslug-marketingowych-warszawa-sales-marketing-reklama-media-30d0d066,2026-09-29,"digital marketing, sprzedaż B2B, negocjacje, sprzedaż"
WeNet sp. z o.o.,qualified,59.6,Konsultant/Konsultantka Sprzedaży Bezpośredniej,generic_sales,60,junior_ramp|b2b_inbound_outbound,Kraków,mobile,5000-6500 PLN/month permanent,junior,rocketjobs.pl,https://rocketjobs.pl/oferta-pracy/wenet-sp-z-o-o--konsultant-konsultantka-sprzedazy-bezposredniej-krakow-sales-marketing-reklama-media-d1490201,2026-06-30,"digital marketing, sprzedaż B2B, prawo jazdy kat. B, negocjacje, sprzedaż"
WeNet sp. z o.o.,qualified,59.6,Konsultant/Konsultantka Sprzedaży Bezpośredniej,generic_sales,60,junior_ramp|b2b_inbound_outbound,Warszawa,mobile,5000-6500 PLN/month permanent,junior,rocketjobs.pl,https://rocketjobs.pl/oferta-pracy/wenet-sp-z-o-o--konsultant-konsultantka-sprzedazy-bezposredniej-warszawa-sales-marketing-reklama-media-92e08594,2026-06-30,"digital marketing, sprzedaż B2B, prawo jazdy kat. B, negocjacje, sprzedaż"
WeNet sp. z o.o.,qualified,59.6,Konsultant/Konsultantka Sprzedaży Bezpośredniej,generic_sales,60,junior_ramp|b2b_inbound_outbound,Białystok,mobile,5000-6500 PLN/month permanent,junior,rocketjobs.pl,https://rocketjobs.pl/oferta-pracy/wenet-sp-z-o-o--konsultant-konsultantka-sprzedazy-bezposredniej-bialystok-sales-marketing-reklama-media-d2e64d9e,2026-06-30,"digital marketing, sprzedaż B2B, prawo jazdy kat. B, negocjacje, sprzedaż"
WeNet,qualified,59.6,Financial Sales Specialist,sales_specialist,60,,Warszawa,office,,mid,rocketjobs.pl,https://rocketjobs.pl/oferta-pracy/wenet-financial-sales-specialist-warszawa-sales-marketing-reklama-media,2026-09-11,"znajmość produktów finansowych, odpowiedzialność za wyniki, samodzielność, dobra organizacja pracy"
WeNet sp. z o.o.,qualified,59.6,National Account Manager,account_mgmt,59,b2b_inbound_outbound,Gdańsk,mobile,8500-10000 PLN/month permanent,senior,rocketjobs.pl,https://rocketjobs.pl/oferta-pracy/wenet-sp-z-o-o--national-account-manager-gdansk-sales-marketing-reklama-media-46e20edd,2026-09-28,"digital marketing, sprzedaż B2B, prawo jazdy kat. B, negocjacje, sprzedaż"
WeNet sp. z o.o.,qualified,59.6,National Account Manager,account_mgmt,59,b2b_inbound_outbound,Poznań,mobile,8500-10000 PLN/month permanent,senior,rocketjobs.pl,https://rocketjobs.pl/oferta-pracy/wenet-sp-z-o-o--national-account-manager-poznan-sales-marketing-reklama-media-bb9f4a08,2026-06-30,"digital marketing, sprzedaż B2B, prawo jazdy kat. B, negocjacje, sprzedaż"
WeNet sp. z o.o.,qualified,59.6,Ekspert/Ekspertka ds. Sprzedaży SEO & Ads,generic_sales,54,b2b_inbound_outbound,Warszawa,office,6000-8000 PLN/month permanent,senior,rocketjobs.pl,https://rocketjobs.pl/oferta-pracy/wenet-sp-z-o-o--ekspert-ekspertka-ds-sprzedazy-seo-ads-warszawa-sales-marketing-reklama-media-ff35451b,2026-06-30,"digital marketing, sprzedaż B2B, negocjacje, sprzedaż"
WeNet sp. z o.o.,qualified,59.6,Specjalista/Specjalistka Sprzedaży ds. Klientów VIP,generic_sales,54,b2b_inbound_outbound,Białystok,mobile,7000-8000 PLN/month permanent,mid,rocketjobs.pl,https://rocketjobs.pl/oferta-pracy/wenet-sp-z-o-o--specjalista-specjalistka-sprzedazy-ds-klientow-vip-bialystok-sales-marketing-reklama-media-a1a6c8b6,2026-06-30,"digital marketing, sprzedaż B2B, prawo jazdy kat. B, negocjacje, sprzedaż"
WeNet sp. z o.o.,qualified,59.6,Ekspert/Ekspertka ds. Sprzedaży SEO & Ads,generic_sales,54,b2b_inbound_outbound,Łódź,office,6000-8000 PLN/month permanent,senior,rocketjobs.pl,https://rocketjobs.pl/oferta-pracy/wenet-sp-z-o-o--ekspert-ekspertka-ds-sprzedazy-seo-ads-lodz-sales-marketing-reklama-media-fc1bd543,2026-06-30,"digital marketing, sprzedaż B2B, negocjacje, sprzedaż"
WeNet sp. z o.o.,qualified,59.6,Specjalista/Specjalistka Sprzedaży ds. Klientów VIP,generic_sales,54,b2b_inbound_outbound,Warszawa,mobile,7000-8000 PLN/month permanent,mid,rocketjobs.pl,https://rocketjobs.pl/oferta-pracy/wenet-sp-z-o-o--specjalista-specjalistka-sprzedazy-ds-klientow-vip-warszawa-sales-marketing-reklama-media-3fd32fe2,2026-06-30,"digital marketing, sprzedaż B2B, prawo jazdy kat. B, negocjacje, sprzedaż"
WeNet sp. z o.o.,qualified,59.6,Specjalista/Specjalistka Sprzedaży ds. Klientów VIP,generic_sales,54,b2b_inbound_outbound,Kraków,mobile,7000-8000 PLN/month permanent,mid,rocketjobs.pl,https://rocketjobs.pl/oferta-pracy/wenet-sp-z-o-o--specjalista-specjalistka-sprzedazy-ds-klientow-vip-krakow-sales-marketing-reklama-media-6da5e6fc,2026-06-30,"digital marketing, sprzedaż B2B, prawo jazdy kat. B, negocjacje, sprzedaż"
MAKO TSL,qualified,59.5,Business Development Manager - DE,ae_b2b_saas,88,remote|b2b_inbound_outbound,Gdańsk,remote,10000-12000 PLN/month b2b,mid,rocketjobs.pl,https://rocketjobs.pl/oferta-pracy/mako-tsl-business-development-manager---de-gdansk-sales-motoryzacja-transport-a3506b08,2026-09-22,"prospecting, sprzedaż B2B, prawo jazdy kat. B, negocjacje, sprzedaż"
MAKO TSL,qualified,59.5,Business Development Manager - FR,ae_b2b_saas,88,remote|b2b_inbound_outbound,Gdańsk,remote,10000-12000 PLN/month b2b,mid,rocketjobs.pl,https://rocketjobs.pl/oferta-pracy/mako-tsl-business-development-manager---fr-gdansk-sales-motoryzacja-transport-b8872660,2026-09-23,"prospecting, sprzedaż B2B, prawo jazdy kat. B, negocjacje, sprzedaż"
Technosource,qualified,59.5,B2B Értékesítő (épületvillamosság),ae_b2b_saas,88,remote|b2b_inbound_outbound,Remote,remote,11898-17847 PLN permanent,Mid,nofluffjobs.com,https://nofluffjobs.com/pl/job/b2b-ertekesito-epuletvillamossag-technosource-remote,2026-09-29,"B2b, Világítástechnika, Épületvillamosság, Építőipar"
Technosource,qualified,59.5,B2B Értékesítő (épületvillamosság),ae_b2b_saas,88,remote|b2b_inbound_outbound,Budapest,remote,11898-17847 PLN permanent,Mid,nofluffjobs.com,https://nofluffjobs.com/pl/job/b2b-ertekesito-epuletvillamossag-technosource-budapest,2026-09-29,"B2b, Világítástechnika, Épületvillamosság, Építőipar"
Tomczak Stanisławski Marketing,qualified,59.5,Business Development Manager / Doradca Klienta (B2B) (k/m/n),ae_b2b_saas,88,remote|b2b_inbound_outbound,Remote,remote,10000.0-20000.0 PLN b2b,Mid,nofluffjobs.com,https://nofluffjobs.com/pl/job/business-development-manager-doradca-klienta-b2b-k-m-n-tomczak-stanislawski-marketing-remote,2026-09-27,"Znajomość branży prawnej, en"
Tomczak Stanisławski Marketing,qualified,59.5,Business Development Manager / Doradca Klienta (B2B) (k/m/n),ae_b2b_saas,88,remote|b2b_inbound_outbound,Poznań,remote,10000.0-20000.0 PLN b2b,Mid,nofluffjobs.com,https://nofluffjobs.com/pl/job/business-development-manager-doradca-klienta-b2b-k-m-n-tomczak-stanislawski-marketing-poznan,2026-09-27,"Znajomość branży prawnej, en"
Trichopartner sp. z o.o.,qualified,59.5,Opiekun Klienta / Specjalista ds. Sprzedaży — rynek ukraiński,high_ticket_b2c,88,remote|b2b_inbound_outbound,Warszawa,remote,,mid,rocketjobs.pl,https://rocketjobs.pl/oferta-pracy/trichopartner-sp-z-o-o--opiekun-klienta-specjalista-ds-sprzedazy---rynek-ukrainski-warszawa-sales-uslugi-profesjonalne,2026-09-21,sprzedaż B2B
Trichopartner sp. z o.o.,qualified,59.5,Specjalista ds. Sprzedaży (k/m),sales_specialist,60,,Warszawa,office,6000-7600 PLN/month b2b,mid,rocketjobs.pl,https://rocketjobs.pl/oferta-pracy/trichopartner-sp-z-o-o--specjalista-ds-sprzedazy-k-m--warszawa-sales-kosmetyki-chemia-113ff7de,2026-09-09,język polski
Code and Pepper,qualified,59.1,Business Development Manager,ae_b2b_saas,93,remote|script_crm|b2b_inbound_outbound,Warszawa,remote,15000-21000 PLN/month b2b,senior,rocketjobs.pl,https://rocketjobs.pl/oferta-pracy/code-and-pepper-business-development-manager-warszawa-sales-it-i-telekomunikacja,2026-07-23,"networking, CRM, sprzedaż B2B"
IVF Media Ltd,qualified,59.1,B2B Sales / Business Development Manager Europe — IVF Media Marketplace,ae_b2b_saas,93,remote|script_crm|b2b_inbound_outbound,Gdańsk,remote,,mid,rocketjobs.pl,https://rocketjobs.pl/oferta-pracy/ivf-media-ltd-b2b-sales-business-development-manager-europe---ivf-media-marketplace-gdansk-sales-farmacja-medycyna-180d35c6,2026-09-10,"CRM, Microsoft Office Excel, AI, B2B Sales, sales"
Properly Sp. z o.o.,qualified,59.1,Business Development Manager,ae_b2b_saas,93,remote|script_crm|b2b_inbound_outbound,Warszawa,remote,13000-18000 PLN/month b2b,manager,rocketjobs.pl,https://rocketjobs.pl/oferta-pracy/properly-sp-z-o-o--business-development-manager-warszawa-sales-uslugi-profesjonalne-a2ba5524,2026-09-21,"HubSpot, sprzedaż B2B, sprzedaż"
wall printers⁺,qualified,59.1,International Sales Executive,ae_b2b_saas,93,remote|script_crm|b2b_inbound_outbound,Szczecin,remote,12000-16000 PLN/month b2b,mid,rocketjobs.pl,https://rocketjobs.pl/oferta-pracy/wall-printers--konsekwentny-i-empatyczny-international-sales-executive-szczecin-sales-uslugi-profesjonalne-18723f96,2026-09-18,"CRM, doradztwo, B2B, sprzedaż B2B, empatia, zarządzanie sprzedażą, AI, sprzedaż"
ALUMIC S.A.,qualified,58.9,Dyrektor / Dyrektorka ds. Sprzedaży / Handlowy / Handlowa,sales_leadership,76,junior_ramp,Bielsk Podlaski,Stacjonarna,12 000 - 14 000 zł / mies. (w zal. od umowy),,praca.pl,https://www.praca.pl/dyrektor-dyrektorka-ds-sprzedazy-handlowy-handlowa_11521444.html,6 dni temu,"Opracowywanie i wdrażanie kompleksowych strategii sprzedażowych oraz handlowych, mających na celu maksymalizację wyników i rozwój rynkowy.Zarządzanie, motywowanie i rozwój zespołu sprzedażowego, w tym rekrutacja, szkolenia i ocena efektywności.Budowanie i utrzymywanie długoterminowych,..."
LUX MED Sp. z o.o.,disqualified,58.9,Młodszy Specjalista / Młodsza Specjalistka ds. Sprzedaży Indywidualnej,sales_specialist,76,phone|junior_ramp,"Białystok, ul. Fabryczna 4",Stacjonarna,,Młodszy specjalista / młodsza specjalistka (junior) / specjalista / specjalistka (mid),praca.pl,https://www.praca.pl/mlodszy-specjalista-mlodsza-specjalistka-ds-sprzedazy-indywidualnej_11472733.html,3 dni temu,"Twoją rolą będzie: telefoniczna oraz mailowa sprzedaż produktów i usług Grupy LUX MED, dopasowanie oferty do potrzeb Klientów, realizacja celów sprzedażowych, budowanie trwałych relacji z Klientami. Oczekiwania wobec Ciebie: komunikatywna znajomość języka angielskiego, wykształcenie..."
LUX MED Sp. z o.o.,disqualified,58.9,Młodszy Specjalista / Młodsza Specjalistka ds. Sprzedaży Indywidualnej,sales_specialist,76,phone|junior_ramp,"Warszawa, ul. Szturmowa 2",Stacjonarna,,Młodszy specjalista / młodsza specjalistka (junior),praca.pl,https://www.praca.pl/mlodszy-specjalista-mlodsza-specjalistka-ds-sprzedazy-indywidualnej_11502415.html,3 dni temu,"Twoją rolą będzie: prowadzenie rozmów sprzedażowych (telefon + e-mail) z Klientami zainteresowanymi ofertą LUX MED, diagnozowanie potrzeb i dopasowanie najlepszego rozwiązania (pakiety medyczne, usługi dodatkowe), domykanie sprzedaży i dbanie o wysoką jakość obsługi, budowanie..."
LUX MED Sp. z o.o.,disqualified,58.9,Młodszy Specjalista / Młodsza Specjalistka ds. Sprzedaży i Obsługi Klienta,customer_service,51,phone|junior_ramp,"Warszawa, Al. Jerozolimskie 94",Stacjonarna,,Młodszy specjalista / młodsza specjalistka (junior),praca.pl,https://www.praca.pl/mlodszy-specjalista-mlodsza-specjalistka-ds-sprzedazy-i-obslugi-klienta_11521039.html,3 dni temu,"Twoją rolą będzie: telefoniczna obsługa Pacjentów Pracowni Rezonansu Magnetycznego oraz Tomografii Komputerowej LUX MED Diagnostyki Obrazowej w ruchu przychodzącym i w kontakcie z Pracowniami, umawianie Pacjentów w ramach zawartych umów Diagnostyki Grupy LUX MED oraz prywatnych badań..."
LUX MED Sp. z o.o.,disqualified,58.9,Trener / Trenerka ds. Jakości Sprzedaży i Obsługi Klienta,customer_service,41,junior_ramp,Białystok,,,,praca.pl,https://www.praca.pl/trener-trenerka-ds-jakosci-sprzedazy-i-obslugi-klienta_11491354.html,6 dni temu,"Twoją rolą będzie: Badanie potrzeb szkoleniowych Pracowników z obszaru sprzedaży i obsługi; Przygotowanie i prowadzenie szkoleń, warsztatów z zakresu jakości, sprzedaży, kompetencji na podstawie zbadanych potrzeb; Monitorowanie efektów prowadzonych działań; Wsparcie zespołów w rozwoju..."
Procter & Gamble,disqualified,58.9,Junior Sales Manager,sales_leadership,76,junior_ramp,Warszawa,hybrid,13500-13500 PLN/month permanent,junior,rocketjobs.pl,https://rocketjobs.pl/oferta-pracy/procter-gamble-junior-sales-manager-warszawa-sales-inne,2026-08-26,account manager
AUTOPUNKT Pewne Używane,qualified,58.7,Sprzedawca Samochodów Używanych Autopunkt (k/m),high_ticket_b2c,70,,Tychy,office,,mid,rocketjobs.pl,https://rocketjobs.pl/oferta-pracy/autopunkt-pewne-uzywane-sprzedawca-samochodow-uzywanych-autopunkt-k-m--tychy-sales-motoryzacja-transport,2026-08-13,"sprzedaż, Motoryzacja, Microsoft Office, prawo jazdy kat. B"
AUTOPUNKT Pewne Używane,qualified,58.7,Koordynator Sprzedaży Samochodów Używanych Autopunkt (k/m),sales_leadership,70,,Tychy,office,,manager,rocketjobs.pl,https://rocketjobs.pl/oferta-pracy/autopunkt-pewne-uzywane-koordynator-sprzedazy-samochodow-uzywanych-autopunkt-k-m--tychy-sales-motoryzacja-transport,2026-08-13,"sprzedaż, zarządzanie procesami sprzedażowymi, zarządzanie zespołem, Motoryzacja, prawo jazdy kat. B"
CARPOL,qualified,58.7,Export Sales Manager,sales_leadership,70,,Grodzisk Mazowiecki,mobile,,mid,rocketjobs.pl,https://rocketjobs.pl/oferta-pracy/carpol-export-sales-manager-grodzisk-mazowiecki-sales-motoryzacja-transport,2026-09-17,"international sales, business development, sprzedaż, account manager, prawo jazdy kat. B, obsługa klienta"
CARPOL,qualified,58.7,Export & International Customer Service Specialist (M/F),customer_service,35,,Grodzisk Mazowiecki,office,,mid,rocketjobs.pl,https://rocketjobs.pl/oferta-pracy/carpol-export-international-customer-service-specialist-m-f--grodzisk-mazowiecki-sales-inzynieria-technika-produkcja,2026-09-22,"customer service, sprzedaż, ofertowanie, pozyskiwanie klientów, analiza rynku, Koordynacja procesu zamówień"
KUBO,qualified,58.7,Product & Sales Manager,sales_leadership,70,,Piaseczno,mobile,,senior,rocketjobs.pl,https://rocketjobs.pl/oferta-pracy/kubo-product-sales-manager-piaseczno-sales-farmacja-medycyna,2026-07-23,sprzedaż
KUBO,qualified,58.7,Specjalista/Specjalistka ds. sprzedaży produktów medycznych,sales_specialist,60,,Piaseczno,mobile,,senior,rocketjobs.pl,https://rocketjobs.pl/oferta-pracy/kubo-specjalista-specjalistka-ds-sprzedazy-produktow-medycznych-piaseczno-sales-farmacja-medycyna,2026-07-23,sprzedaż
Lemarpol Wózki Widłowe sp. z o.o.,qualified,58.7,Dyrektor Sprzedaży,sales_leadership,70,,Zator,hybrid,13000-18000 PLN/month permanent,c_level,rocketjobs.pl,https://rocketjobs.pl/oferta-pracy/lemarpol-wozki-widlowe-sp-z-o-o--dyrektor-sprzedazy-zator-sales-inne,2026-09-10,"analityczne myślenie, sprzedaż, zarządzanie sprzedażą"
Lemarpol Wózki Widłowe sp. z o.o.,qualified,58.7,Key Account Manager,account_mgmt,64,script_crm|b2b_inbound_outbound,Wrocław,mobile,9000-15000 PLN/month permanent,manager,rocketjobs.pl,https://rocketjobs.pl/oferta-pracy/lemarpol-wozki-widlowe-sp-z-o-o--key-account-manager-wroclaw-sales-inne,2026-09-13,"aktywna sprzedaż b2b, pozyskiwanie nowych klientów, budowanie relacji, prowadzenie procesu sprzedaży, negocjacje, CRM, monitorowanie rynku, przygotowywanie ofert"
MPP | Memory Paper Print,qualified,58.7,Specjalista ds. sprzedaży z j.niemieckim (m/k),sales_specialist,70,video_calls|b2b_inbound_outbound,Rzeszów,office,,mid,rocketjobs.pl,https://rocketjobs.pl/oferta-pracy/mpp-memory-paper-print-specjalista-ds-sprzedazy-z-j-niemieckim-m-k--rzeszow-sales-uslugi-profesjonalne,2026-09-16,"sprzedaż B2B, sprzedaż, pozyskiwanie klientów, budowanie relacji biznesowych, negocjacje handlowe, prowadzenie prezentacji biznesowych, język niemiecki, język niemiecki C1"
MPP | Memory Paper Print,qualified,58.7,Sales Specialist - US Market (m/k),sales_specialist,70,video_calls|b2b_inbound_outbound,Rzeszów,hybrid,,mid,rocketjobs.pl,https://rocketjobs.pl/oferta-pracy/mpp-memory-paper-print-sales-specialist---us-market-m-k--rzeszow-sales-uslugi-profesjonalne,2026-09-25,"sprzedaż B2B, negocjacje handlowe, język angielski C1+, Rynek USA, pozyskiwanie klientów, prowadzenie prezentacji, account management"
MPP | Memory Paper Print,qualified,58.7,Specjalista ds. sprzedaży (m/k),sales_specialist,69,script_crm|b2b_inbound_outbound,Rzeszów,office,,mid,rocketjobs.pl,https://rocketjobs.pl/oferta-pracy/mpp-memory-paper-print-specjalista-ds-sprzedazy-m-k--rzeszow-sales-uslugi-profesjonalne,2026-08-17,"sprzedaż B2B, aktywne pozyskiwanie klientów, prowadzenie negocjacji handlowych, budowanie relacji z klientami, Domykanie sprzedaży, CRM, rozpoznawanie potrzeb klienta"
MPP | Memory Paper Print,qualified,58.7,Specjalista ds. sprzedaży z j.angielskim - rynek UK (m/k),sales_specialist,69,script_crm|b2b_inbound_outbound,Rzeszów,office,,mid,rocketjobs.pl,https://rocketjobs.pl/oferta-pracy/mpp-memory-paper-print-specjalista-ds-sprzedazy-z-j-angielskim---rynek-uk-m-k--rzeszow-sales-uslugi-profesjonalne,2026-08-31,"sprzedaż B2B, budowanie relacji z klientami, sprzedaż konsultacyjna, pozyskiwanie klientów, negocjacje handlowe, Język angielski min. C1, praca z CRM, account management"
MPP | Memory Paper Print,qualified,58.7,Specjalista ds. sprzedaży z językiem francuskim (m/k),sales_specialist,60,,Rzeszów,hybrid,,mid,rocketjobs.pl,https://rocketjobs.pl/oferta-pracy/mpp-memory-paper-print-specjalista-ds-sprzedazy-z-jezykiem-francuskim-m-k--rzeszow-sales-uslugi-profesjonalne,2026-08-17,"język francuski, sprzedaż, obsługa klienta, pozyskiwanie klientów, budowanie relacji biznesowych, account management, negocjacje biznesowe, Analiza Danych"
Pyszne.pl,qualified,58.7,Regional Sales Manager SMB (m/k/os),sales_leadership,70,,Wrocław,hybrid,,manager,rocketjobs.pl,https://rocketjobs.pl/oferta-pracy/pyszne-pl-regional-sales-manager-smb-m-k-os--wroclaw-sales-it-i-telekomunikacja,2026-09-24,"sprzedaż, zarządzanie sprzedażą, zarządzanie zespołem, prawo jazdy kat. B, analityka"
Pyszne.pl,qualified,58.7,Key Account Manager – Grocery & Retail (m/k/os.),account_mgmt,60,script_crm,Wrocław,hybrid,,mid,rocketjobs.pl,https://rocketjobs.pl/oferta-pracy/pyszne-pl-key-account-manager---grocery-retail-m-k-os--wroclaw-sales-turystyka-hotelarstwo-catering,2026-09-24,"CRM, sprzedaż, analyst, Joint Business Plans, fmcg, Retail, e-commerce"
VHM Hotel Management,qualified,58.7,Dyrektor / Dyrektorka Sprzedaży,sales_leadership,70,,Kołobrzeg,Stacjonarna,,,praca.pl,https://www.praca.pl/dyrektor-dyrektorka-sprzedazy_11473501.html,3 dni temu,"Opis stanowiska: Idealny kandydat/kandydatka będzie potrafił/a nie tylko zarządzać istniejącą sprzedażą, ale przede wszystkim ją zbudować. Będzie odpowiedzialny/a za stworzenie strategii sprzedaży hotelu przed otwarciem, zbudowanie bazy klientów i partnerów, rozwój pipeline'u oraz..."
VHM Hotel Management,qualified,58.7,Dyrektor Sprzedaży / Dyrektorka Sprzedaży,sales_leadership,70,,Kołobrzeg,Stacjonarna,,,praca.pl,https://www.praca.pl/dyrektor-sprzedazy-dyrektorka-sprzedazy_11475790.html,wczoraj,"Opis stanowiska: Tworzenie i wdrażanie strategii sprzedaży hotelu w fazie pre-openingu. Budowanie od podstaw bazy klientów, partnerów biznesowych oraz relacji w segmentach Corporate, MICE, leisure i tour operatorskim. Tworzenie procesów i standardów sprzedażowych oraz zarządzanie..."
Agencja LIONS,qualified,58.5,Handlowiec B2B - Prowizja,ae_b2b_saas,92,remote|commission|b2b_inbound_outbound,Warszawa,remote,7000-21000 PLN/month b2b,mid,rocketjobs.pl,https://rocketjobs.pl/oferta-pracy/agencja-lions-handlowiec-b2b---prowizja-warszawa-sales-marketing-reklama-media,2026-09-25,"sprzedaż, sprzedaż B2B, samodzielność"
Electric Entropy,qualified,58.5,Partner Sprzedaż B2B / AI - 10% lifetime prowizji,ae_b2b_saas,92,remote|commission|b2b_inbound_outbound,Warszawa,remote,,mid,rocketjobs.pl,https://rocketjobs.pl/oferta-pracy/electric-entropy-partner-sprzedaz-b2b-ai---10-lifetime-prowizji-warszawa-sales-it-i-telekomunikacja,2026-09-15,"sprzedaż B2B, sprzedaż, doradztwo"
TUiR Allianz Polska S.A.,disqualified,58.5,Przedstawiciel / Przedstawicielka ds. sprzedaży ubezpieczeń majątkowych,high_ticket_b2c,92,video_calls|junior_ramp,Zielona Góra,,,Młodszy specjalista / młodsza specjalistka (junior) / specjalista / specjalistka (mid),praca.pl,https://www.praca.pl/przedstawiciel-przedstawicielka-ds-sprzedazy-ubezpieczen-majatkowych_11523484.html,wczoraj,Zakres obowiązków Budowanie i rozwijanie relacji z klientami; Analiza potrzeb klientów i dobór odpowiednich rozwiązań ubezpieczeniowych; Prowadzenie spotkań online i stacjonarnych; Rozwijanie własnego portfela klientów; Aktywne pozyskiwanie nowych kontaktów biznesowych; Realizacja...
ELTROX SPÓŁKA Z OGRANICZONĄ ODPOWIEDZIALNOŚCIĄ,qualified,58.4,Specjalista/specjalistka ds. sprzedaży,sales_specialist,64,b2b_inbound_outbound,Bielsko-Biała,office,6000-12000 PLN/month permanent,mid,rocketjobs.pl,https://rocketjobs.pl/oferta-pracy/eltrox-sp-z-o-o--specjalista-specjalistka-ds-sprzedazy-bielsko-biala-sales-rtv-agd-artykuly-przemyslowe,2026-03-27,"sprzedaż B2B, samodzielność, pozyskiwanie klientów, kontakt z klientem, zaangażowanie"
ELTROX SPÓŁKA Z OGRANICZONĄ ODPOWIEDZIALNOŚCIĄ,qualified,58.4,Specjalista/specjalistka ds. sprzedaży,sales_specialist,64,b2b_inbound_outbound,Bydgoszcz,office,6000-12000 PLN/month permanent,mid,rocketjobs.pl,https://rocketjobs.pl/oferta-pracy/eltrox-sp-z-o-o--specjalista-specjalistka-ds-sprzedazy-bydgoszcz-sales-rtv-agd-artykuly-przemyslowe,2026-03-27,"sprzedaż B2B, samodzielność, pozyskiwanie klientów, kontakt z klientem, zaangażowanie"
ELTROX SPÓŁKA Z OGRANICZONĄ ODPOWIEDZIALNOŚCIĄ,qualified,58.4,Specjalista/specjalistka ds. sprzedaży,sales_specialist,64,b2b_inbound_outbound,Radom,office,6000-12000 PLN/month permanent,mid,rocketjobs.pl,https://rocketjobs.pl/oferta-pracy/eltrox-sp-z-o-o--specjalista-specjalistka-ds-sprzedazy-radom-sales-rtv-agd-artykuly-przemyslowe,2026-03-27,"sprzedaż B2B, samodzielność, pozyskiwanie klientów, kontakt z klientem, zaangażowanie"
ELTROX SPÓŁKA Z OGRANICZONĄ ODPOWIEDZIALNOŚCIĄ,qualified,58.4,Specjalista/Specjalistka ds. sprzedaży i koordynowania usług montażu,sales_specialist,60,,Gorzów Wielkopolski,mobile,5800-12000 PLN/month permanent,mid,rocketjobs.pl,https://rocketjobs.pl/oferta-pracy/eltrox-spolka-z-ograniczona-odpowiedzialnoscia-specjalista-specjalistka-ds-sprzedazy-i-koordynowania-uslug-montazu-gorzow-wielkopolski-sales-sieci-handlowe,2026-03-27,"samodzielność, kontakt z klientem, zaangażowanie, sprzedaż"
ELTROX SPÓŁKA Z OGRANICZONĄ ODPOWIEDZIALNOŚCIĄ,qualified,58.4,Specjalista/Specjalistka ds. sprzedaży i koordynowania usług montażu,sales_specialist,60,,Radom,mobile,5800-12000 PLN/month permanent,mid,rocketjobs.pl,https://rocketjobs.pl/oferta-pracy/eltrox-spolka-z-ograniczona-odpowiedzialnoscia-specjalista-specjalistka-ds-sprzedazy-i-koordynowania-uslug-montazu-radom-sales-sieci-handlowe,2026-03-27,"samodzielność, kontakt z klientem, zaangażowanie, sprzedaż"
ELTROX SPÓŁKA Z OGRANICZONĄ ODPOWIEDZIALNOŚCIĄ,qualified,58.4,Specjalista/Specjalistka ds. sprzedaży i koordynowania usług montażu,sales_specialist,60,,Częstochowa,office,5800-12000 PLN/month permanent,mid,rocketjobs.pl,https://rocketjobs.pl/oferta-pracy/eltrox-spolka-z-ograniczona-odpowiedzialnoscia-specjalista-specjalistka-ds-sprzedazy-i-koordynowania-uslug-montazu-czestochowa-sales-sieci-handlowe,2026-03-27,"samodzielność, kontakt z klientem, zaangażowanie, sprzedaż"
ELTROX SPÓŁKA Z OGRANICZONĄ ODPOWIEDZIALNOŚCIĄ,qualified,58.4,Specjalista/specjalistka ds. sprzedaży,sales_specialist,60,,Częstochowa,office,6000-12000 PLN/month permanent,mid,rocketjobs.pl,https://rocketjobs.pl/oferta-pracy/eltrox-spolka-z-ograniczona-odpowiedzialnoscia-specjalista-specjalistka-ds-sprzedazy-czestochowa-sales-rtv-agd-artykuly-przemyslowe,2026-03-27,"samodzielność, pozyskiwanie klientów, kontakt z klientem, zaangażowanie"
FORTUNA,qualified,58.3,Osoba na stanowisko Doradcy Klienta/Poznań,high_ticket_b2c,86,junior_ramp,Poznań,office,,junior,rocketjobs.pl,https://rocketjobs.pl/oferta-pracy/fortuna-osoba-na-stanowisko-doradcy-klienta-poznan-poznan-sales-inne,2026-10-02,"obsługa klienta, sprzedaż"
FORTUNA,qualified,58.3,Osoba na stanowisko Doradcy Klienta/Żary,high_ticket_b2c,86,junior_ramp,Żary,office,,junior,rocketjobs.pl,https://rocketjobs.pl/oferta-pracy/fortuna-osoba-na-stanowisko-doradcy-klienta-zary-zary-sales-inne,2026-09-30,"obsługa klienta, sprzedaż"
Homen,qualified,58.3,Agentka / Agent Nieruchomości,high_ticket_b2c,86,video_calls,Wrocław,,5 000 - 25 000 zł / mies. (w zal. od umowy),Specjalista / specjalistka (mid) / starszy specjalista / starsza specjalistka (senior),praca.pl,https://www.praca.pl/agentka-agent-nieruchomosci_11453578.html,8 dni temu,"Zadania: Samodzielne pozyskiwanie nowych kontraktów oraz kompleksowa obsługa transakcji kupna, sprzedaży i najmu. Tworzenie profesjonalnego wizerunku ofert oraz przeprowadzanie spotkań prezentacyjnych i negocjacji. Weryfikacja stanu prawnego nieruchomości i dbanie o poprawność gromadzonej..."
Homen,qualified,58.3,Doradczyni / Doradca ds. nieruchomości,high_ticket_b2c,80,,Wrocław,,5 000 - 25 000 zł / mies. (w zal. od umowy),Specjalista / specjalistka (mid) / starszy specjalista / starsza specjalistka (senior),praca.pl,https://www.praca.pl/doradczyni-doradca-ds-nieruchomosci_11452960.html,10 dni temu,"Zadania: Aktywne wyszukiwanie, pozyskiwanie i obsługa klientów zainteresowanych kupnem, sprzedażą i wynajmem nieruchomości. Profesjonalne przygotowanie i prezentowanie ofert nieruchomości oraz prowadzenie negocjacji. Przygotowywanie i kompletowanie dokumentacji. Budowanie i pielęgnowanie..."
Prudential Polska,disqualified,58.3,Przedstawiciel ds. Ubezpieczeń,high_ticket_b2c,86,junior_ramp,Bydgoszcz,office,,junior,rocketjobs.pl,https://rocketjobs.pl/oferta-pracy/prudential-polska-przedstawiciel-ds-ubezpieczen-bydgoszcz-sales-finanse-bankowosc-ubezpieczenia,2026-09-14,"sprzedaż, komunikatywność, działalność gospodarcza"
Prudential Polska,disqualified,58.3,Manager zespołu sprzedaży,generic_sales,56,junior_ramp,Bydgoszcz,office,,junior,rocketjobs.pl,https://rocketjobs.pl/oferta-pracy/prudential-polska-manager-zespolu-sprzedazy-bydgoszcz-sales-finanse-bankowosc-ubezpieczenia,2026-09-14,"sprzedaż, działalność gospodarcza"
Q BROKER sp. z o.o.,qualified,58.3,Broker Ubezpieczeniowy ds. ubezpieczeń grupowych i opieki medycznej,high_ticket_b2c,86,junior_ramp,Warszawa,,12 000 - 20 000 zł netto (+VAT)/mies.,Starszy specjalista / starsza specjalistka (senior),praca.pl,https://www.praca.pl/broker-ubezpieczeniowy-ds-ubezpieczen-grupowych-i-opieki-medycznej_11468557.html,5 dni temu,analiza potrzeb klienta w zakresie ub grupowych i opieki medycznej; obsługa klienta; wdrożenie nowych programów ub grupowych i opieki medycznej;
Q BROKER sp. z o.o.,qualified,58.3,Broker Ubezpieczeniowy / Brokerka Ubezpieczeniowa,high_ticket_b2c,80,,Warszawa,,12 000 - 20 000 zł netto (+VAT)/mies.,Starszy specjalista / starsza specjalistka (senior),praca.pl,https://www.praca.pl/broker-ubezpieczeniowy-brokerka-ubezpieczeniowa_11468689.html,3 dni temu,Analiza potrzeb klientów w obszarze ubezpieczeń grupowych oraz opieki medycznej. Kompleksowa obsługa klientów firmy. Wdrażanie nowych programów ubezpieczeń grupowych i pakietów medycznych.
ARCOS FM PL SALLER POLBAU Sp. z o.o. Sp. K,qualified,58.0,Specjalista / Specjalistka ds. Wynajmu Nieruchomości Handlowych,high_ticket_b2c,80,,Wrocław,Stacjonarna,,,praca.pl,https://www.praca.pl/specjalista-specjalistka-ds-wynajmu-nieruchomosci-handlowych_11514835.html,1 godzinę temu,Zakres obowiązków: Realizacja działań związanych z wynajmem powierzchni handlowych w obiektach typu shopping center i retail park. Samodzielne prowadzenie negocjacji najmu oraz doprowadzanie procesu do zawarcia umowy. Zarządzanie przydzielonymi obiektami i dbanie o ich komercjalizację na...
ARCOS FM PL SALLER POLBAU Sp. z o.o. Sp. K,qualified,58.0,Specjalista / Specjalistka ds. Najmu Nieruchomości Handlowych,high_ticket_b2c,80,,Wrocław,Stacjonarna,,,praca.pl,https://www.praca.pl/specjalista-specjalistka-ds-najmu-nieruchomosci-handlowych_11514832.html,2 dni temu,"Zakres obowiązków: Prowadzenie procesów wynajmu powierzchni handlowych w centrach handlowych i parkach handlowych, od pierwszych rozmów do podpisania umowy najmu. Zarządzanie powierzonym portfolio nieruchomości na wyznaczonym obszarze Polski. Budowanie i utrzymywanie długofalowych relacji z..."
ARCOS FM PL SALLER POLBAU Sp. z o.o. Sp. K,qualified,58.0,Retail Leasing Manager / wynajem nieruchomości Shopping Center & Retail Parks,high_ticket_b2c,80,,Wrocław,Stacjonarna,,,praca.pl,https://www.praca.pl/retail-leasing-manager-wynajem-nieruchomosci-shopping-center-retail-parks_11514829.html,4 dni temu,Ciekawe projekty Wynajem powierzchni handlowych w centrach handlowych i parkach handlowych: Prowadzisz negocjacje dotyczące wynajmu powierzchni aż do zawarcia umowy najmu; Odpowiedzialność za własny obszar: Odpowiadasz za powierzone Ci obiekty na wyznaczonym terenie w Polsce; Sieć kontaktów i...
RTV EURO AGD,disqualified,58.0,Doradca Klienta ( K/M/N ) - Park Siedlce,high_ticket_b2c,80,,Siedlce,office,,mid,rocketjobs.pl,https://rocketjobs.pl/oferta-pracy/rtv-euro-agd-doradca-klienta-k-m-n---park-siedlce-siedlce-sales-rtv-agd-artykuly-przemyslowe,2026-08-10,"łatwość nawiązywania kontaktów, obsługa klienta, sprzedaż"
RTV EURO AGD,disqualified,58.0,Doradca Klienta ( K/M/N ) - Zielona Góra,high_ticket_b2c,80,,Zielona Góra,office,,mid,rocketjobs.pl,https://rocketjobs.pl/oferta-pracy/rtv-euro-agd-doradca-klienta-k-m-n---zielona-gora-zielona-gora-sales-rtv-agd-artykuly-przemyslowe,2026-08-05,"skuteczna komunikacja, branża RTV/AGD, praca z klientem"
RTV EURO AGD,disqualified,58.0,Specjalista ds. Sprzedaży i Zamówień Publicznych (K/M/N),sales_specialist,64,b2b_inbound_outbound,Warszawa,office,,mid,rocketjobs.pl,https://rocketjobs.pl/oferta-pracy/rtv-euro-agd-specjalista-ds-sprzedazy-i-zamowien-publicznych-k-m-n--warszawa-sales-rtv-agd-artykuly-przemyslowe,2026-08-21,"sprzedaż, łatwość nawiązywania kontaktów, sprzedaż B2B"
SAW-TRAK ZDYB Spółka komandytowa,qualified,58.0,Starszy Doradca Handlowy / Starsza Doradczyni Handlowa,high_ticket_b2c,80,,śląskie,Mobilna,,,praca.pl,https://www.praca.pl/starszy-doradca-handlowy-starsza-doradczyni-handlowa_11534629.html,5 godzin temu,"Opis stanowiska: budowanie portfela klientów poprzez aktywne działania sprzedażowe; tworzenie i prezentowanie ofert handlowych oraz uzgadnianie warunków współpracy; kompleksowa obsługa klienta, w tym doradztwo i utrzymywanie relacji; nadzorowanie przebiegu realizacji zamówień i współpraca..."
SAW-TRAK ZDYB Spółka komandytowa,qualified,58.0,Starszy Doradca Handlowy / Starsza Doradczyni Handlowa,high_ticket_b2c,80,,Warszawa,Mobilna,,,praca.pl,https://www.praca.pl/starszy-doradca-handlowy-starsza-doradczyni-handlowa_11534620.html,13 godzin temu,"Opis stanowiska: budowanie portfela klientów poprzez aktywne działania sprzedażowe; tworzenie i prezentowanie ofert handlowych oraz uzgadnianie warunków współpracy; kompleksowa obsługa klienta, w tym doradztwo i utrzymywanie relacji; nadzorowanie przebiegu realizacji zamówień i współpraca..."
SAW-TRAK ZDYB Spółka komandytowa,qualified,58.0,Specjalista / Specjalistka ds. Obsługi Sprzedaży i Wynajmu,generic_sales,56,junior_ramp,Kraków,Stacjonarna,,Młodszy specjalista / młodsza specjalistka (junior) / specjalista / specjalistka (mid),praca.pl,https://www.praca.pl/specjalista-specjalistka-ds-obslugi-sprzedazy-i-wynajmu_11534653.html,5 godzin temu,Zakres obowiązków: Kompleksowe przygotowywanie oraz archiwizacja dokumentacji związanej ze sprzedażą i wynajmem. Organizacja transportu oraz wsparcie logistyczne zamówień. Kontrola terminów realizacji oraz czuwanie nad płynnością procesu. Obsługa korespondencji technicznej....
WIŚNIOWSKI,qualified,58.0,Regionalny Menedżer Sprzedaży i Obsługi Inwestycji (K/M),high_ticket_b2c,80,,Wielogłowy,mobile,,mid,rocketjobs.pl,https://rocketjobs.pl/oferta-pracy/wisniowski-regionalny-menedzer-sprzedazy-i-obslugi-inwestycji-k-m--wieloglowy-sales-inzynieria-technika-produkcja,2026-08-25,"wykształcenie wyższe techniczne, obsługa klienta inwestycyjnego"
WIŚNIOWSKI,qualified,58.0,Starszy Regionalny Menedżer Sprzedaży i Obsługi Inwestycji (K/M),high_ticket_b2c,80,,Wielogłowy,mobile,,senior,rocketjobs.pl,https://rocketjobs.pl/oferta-pracy/wisniowski-starszy-regionalny-menedzer-sprzedazy-i-obslugi-inwestycji-k-m--wieloglowy-sales-uslugi-profesjonalne,2026-08-25,"wykształcenie wyższe techniczne, obsługa klienta inwestycyjnego, doradztwo, dokumentacja techniczna, stolarka budowlana"
WIŚNIOWSKI,qualified,58.0,Regionalny Menedżer / Menedżerka ds. Inwestycji Budowlanych,high_ticket_b2c,80,,Wielogłowy,mobile,,mid,rocketjobs.pl,https://rocketjobs.pl/oferta-pracy/wisniowski-regionalny-menedzer-menedzerka-ds-inwestycji-budowlanych-wieloglowy-sales-inzynieria-technika-produkcja,2026-08-25,"wykształcenie wyższe techniczne, obsługa klienta inwestycyjnego, stolarka budowlana, dokumentacja techniczna, doradztwo"
AdsHero,qualified,57.7,Business Development Manager | Sales Manager,sales_leadership,74,remote,Warszawa,remote,10000-15000 PLN/month any,mid,rocketjobs.pl,https://rocketjobs.pl/oferta-pracy/adshero-business-development-manager-sales-manager-warszawa-sales-marketing-reklama-media-b3dd04c8,2026-09-09,"domy mediowe, SaaS, business development, język angielski, e-commerce, sprzedaż"
Allegro,disqualified,57.7,Team Leader Delivery Sales,sales_leadership,74,b2b_inbound_outbound,Warszawa,office,,manager,rocketjobs.pl,https://rocketjobs.pl/oferta-pracy/allegro-team-leader-delivery-sales-warszawa-sales-uslugi-profesjonalne,2026-08-19,"analiza, sprzedaż, zarządzanie sprzedażą"
Catalogic Polska,qualified,57.7,Sales Manager DACH & CEE,sales_leadership,74,remote,Warszawa,remote,,senior,rocketjobs.pl,https://rocketjobs.pl/oferta-pracy/catalogic-polska-sales-manager-dach-cee-warszawa-sales-it-i-telekomunikacja-cb67d3b6,2026-09-22,"experience selling software in DACH region., strong regional network, understanding of enterprise infrastructure"
Docplanner,disqualified,57.7,Pharma Sales Manager,sales_leadership,74,b2b_inbound_outbound,Warszawa,hybrid,16000-18000 PLN/month permanent,manager,rocketjobs.pl,https://rocketjobs.pl/oferta-pracy/docplanner-pharma-sales-manager-warszawa-sales-uslugi-profesjonalne-7d874518,2026-07-31,"zarządzanie zespołem, sprzedaż B2B, Budowanie zespołu, kompetencje analityczne"
Flotman Sp. z o.o.,qualified,57.7,Sales Team Leader,sales_leadership,74,b2b_inbound_outbound,Warszawa,hybrid,10000-12000 PLN/month b2b,senior,rocketjobs.pl,https://rocketjobs.pl/oferta-pracy/flotman-sp-z-o-o--sales-team-leader-warszawa-sales-it-i-telekomunikacja-2435a39e,2026-09-30,"Leadership, sprzedaż B2B, sprzedaż"
HR Contact,disqualified,57.7,Business Development Manager,ae_b2b_saas,85,script_crm,Warszawa,hybrid,10000-15000 PLN/month any,mid,rocketjobs.pl,https://rocketjobs.pl/oferta-pracy/hr-contact-business-development-manager-warszawa-sales-it-i-telekomunikacja,2026-09-21,"sprzedaż, CRM"
HR Contact,disqualified,57.7,Key Account Manager,account_mgmt,55,,Warszawa,hybrid,12000-18000 PLN/month any,mid,rocketjobs.pl,https://rocketjobs.pl/oferta-pracy/hr-contact-key-account-manager-warszawa-sales-it-i-telekomunikacja,2026-09-21,account manager
Initivo Sp zo.o.,qualified,57.7,Sales Manager Food,sales_leadership,74,b2b_inbound_outbound,Warszawa,mobile,,mid,rocketjobs.pl,https://rocketjobs.pl/oferta-pracy/initivo-sp-zo-o--sales-manager-food-warszawa-sales-turystyka-hotelarstwo-catering,2026-09-23,"wykształcenie wyższe, sprzedaż, sprzedaż B2B"
Instream Sp. z o.o.,qualified,57.7,Sales Manager 🏆,sales_leadership,74,remote,Poznań,remote,7000-10000 PLN/month permanent,mid,rocketjobs.pl,https://rocketjobs.pl/oferta-pracy/instream-sp-z-o-o--sales-manager--poznan-sales-uslugi-profesjonalne-d21c994c,2026-09-15,sprzedaż
Modus Sp. z o.o. sp. k.,qualified,57.7,Team Leader Zespołu Ambasadorów marki PLOOM w kanale Retail,sales_leadership,74,b2b_inbound_outbound,Gdynia,mobile,6400-8200 PLN/month mandate_contract,manager,rocketjobs.pl,https://rocketjobs.pl/oferta-pracy/modus-sp-z-o-o-sp-k--team-leader-zespolu-ambasadorow-marki-ploom-w-kanale-retail-gdynia-sales-inne,2026-09-14,"sprzedaż, zarządzanie zespołem, Microsoft Office, prawo jazdy kat. B"
VERTIGO GLOBAL,qualified,57.7,Account Manager / Sales Manager - Defense & UAS,sales_leadership,74,b2b_inbound_outbound,Warszawa,office,10000-14000 PLN/month permanent,mid,rocketjobs.pl,https://rocketjobs.pl/oferta-pracy/vertigo-global-account-manager-sales-manager---defense-uas-warszawa-sales-inzynieria-technika-produkcja,2026-08-28,"sprzedaż, zarządzanie sprzedażą, sprzedaż B2B"
VIDIS Spółka Akcyjna,qualified,57.7,Lider/Liderka Zespołu Sprzedaży (Team Leader),sales_leadership,74,b2b_inbound_outbound,Bielany Wrocławskie,office,,manager,rocketjobs.pl,https://rocketjobs.pl/oferta-pracy/vidis-spolka-akcyjna-lider-liderka-zespolu-sprzedazy-team-leader--bielany-wroclawskie-sales-uslugi-profesjonalne,2026-09-21,"zarządzanie zespołem, zarządzanie sprzedażą, Analiza Danych"
AUSTRIA ENERGY SPÓŁKA Z.O.O,qualified,57.3,Handlowiec B2B,ae_b2b_saas,90,junior_ramp|b2b_inbound_outbound,Olsztyn,mobile,25000-75000 PLN/month freelance,junior,rocketjobs.pl,https://rocketjobs.pl/oferta-pracy/austria-energy-spolka-z-o-o-handlowiec-b2b-olsztyn-sales-inne,2026-09-24,"sprzedaż, Zamykanie transakcji, Doświadczenie w B2C, Umiejętność prowadzenia rozmów"
Autoplac Sp. z o.o.,qualified,57.3,Specjalista ds. rozwoju klientów B2B,ae_b2b_saas,90,junior_ramp|b2b_inbound_outbound,Poznań,hybrid,,junior,rocketjobs.pl,https://rocketjobs.pl/oferta-pracy/autoplac-sp-z-o-o--specjalista-ds-rozwoju-klientow-b2b-poznan-sales-motoryzacja-transport,2026-09-04,praca z klientem
HOSTAMO Sp. z o.o.,qualified,57.3,Trener / Szkoleniowiec sprzedaży (B2B | szkolenia stacjonarne) trener,ae_b2b_saas,90,junior_ramp|b2b_inbound_outbound,Wrocław,mobile,16800-16800 PLN/day b2b,mid,rocketjobs.pl,https://rocketjobs.pl/oferta-pracy/hostamo-sp-z-o-o--trener-szkoleniowiec-sprzedazy-b2b-szkolenia-stacjonarne-trener-wroclaw-sales-inne-fd886309,2026-10-01,"doświadczenie w podobnych projektach, znajomość branży sprzedaży bezpośredniej, prawo jazdy kat. B, samodzielność"
Kanał ZERO,qualified,57.3,Digital Ad Sales Executive,ae_b2b_saas,90,video_calls|b2b_inbound_outbound,Warszawa,hybrid,8000-12000 PLN/month b2b,mid,rocketjobs.pl,https://rocketjobs.pl/oferta-pracy/kanal-zero-digital-ad-sales-executive-warszawa-sales-marketing-reklama-media-2ab11e42,2026-09-08,"display ads, Dobra organizacja czasu pracy, sprzedaż B2B, ofertowanie, samodzielność, praca pod presją czasu, video marketing"
NPROFIT,qualified,57.3,Doradca klienta/handlowiec w branży marketingowej - praca stacjonarna,high_ticket_b2c,90,junior_ramp|b2b_inbound_outbound,Kielce,office,5000-10000 PLN/month permanent,junior,rocketjobs.pl,https://rocketjobs.pl/oferta-pracy/nprofit-doradca-klienta-handlowiec-w-branzy-marketingowej---praca-stacjonarna-kielce-sales-marketing-reklama-media-dc2c661a,2026-09-01,"umiejętne dobieranie argumentacji, dobra organizacja pracy, komunikatywność, sprzedaż B2B, systematyczność, odpowiedzialność, samodzielność, budowanie relacji"
Addepto,qualified,57.1,"Strategic Partnerships Manager (Databricks, AWS)",ae_b2b_saas,84,remote,Warszawa,remote,,senior,rocketjobs.pl,https://rocketjobs.pl/oferta-pracy/addepto-strategic-partnerships-manager-databricks-aws--warszawa-sales-it-i-telekomunikacja-fb109bc0,2026-09-16,"Databricks, consulting, partnerships management, sales"
Addepto,qualified,57.1,Key Account Manager (Data & AI),account_mgmt,59,remote,Warszawa,remote,,senior,rocketjobs.pl,https://rocketjobs.pl/oferta-pracy/addepto-key-account-manager-data-ai--warszawa-sales-it-i-telekomunikacja,2026-09-03,"consulting, account manager"
ALWIS & SECURA SP. Z O. O.,qualified,57.1,Niezależny Specjalista  Specjalistka ds. Ubezpieczeń,high_ticket_b2c,84,remote,Katowice,remote,,mid,rocketjobs.pl,https://rocketjobs.pl/oferta-pracy/alwis-secura-sp-z-o-o--niezalezny-specjalista-specjalistka-ds-ubezpieczen-katowice-sales-finanse-bankowosc-ubezpieczenia,2026-09-29,"Wykształcenia min. średniego, zaświadczenia o niekaralności, •	Przedsiębiorczości, •	Komunikatywności, empatii i łatwości w nawiązywaniu kontaktów"
ALWIS & SECURA SP. Z O. O.,qualified,57.1,Specjalista /Specjalistka ds. Ubezpieczeń na Życie,high_ticket_b2c,80,,Rzeszów,mobile,,mid,rocketjobs.pl,https://rocketjobs.pl/oferta-pracy/alwis-secura-sp-z-o-o--specjalista-specjalistka-ds-ubezpieczen-na-zycie-rzeszow-sales-finanse-bankowosc-ubezpieczenia,2026-09-29,"•	Przedsiębiorczości, •	Proaktywności, •	Komunikatywności, wykształcenia minimum średniego, zaświadczenia o niekaralności"
Creotech Instruments S.A.,qualified,57.1,Business Development Manager – ESA & European Space Programmes,ae_b2b_saas,84,b2b_inbound_outbound,Warszawa,hybrid,,senior,rocketjobs.pl,https://rocketjobs.pl/oferta-pracy/creotech-instruments-s-a--business-development-manager---esa-european-space-programmes-warszawa-sales-inzynieria-technika-produkcja,2026-10-01,"wykształcenie wyższe, sprzedaż, sprzedaż B2B, negocjacje"
Creotech Instruments S.A.,qualified,57.1,"Business Development Manager – Defence, Government & NATO Programmes",ae_b2b_saas,80,,Warszawa,hybrid,,mid,rocketjobs.pl,https://rocketjobs.pl/oferta-pracy/creotech-instruments-s-a--business-development-manager---defence-government-nato-programmes-warszawa-sales-uslugi-profesjonalne,2026-07-24,"business development, defence, Aerospace, Security, negotiation, communication, sprzedaż"
DONE Deliveries,qualified,57.1,Business Development Specialist | Rynek Niemiecki / Włoski,ae_b2b_saas,84,b2b_inbound_outbound,Andrychów,hybrid,7000-10700 PLN/month b2b,mid,rocketjobs.pl,https://rocketjobs.pl/oferta-pracy/done-deliveries-business-development-specialist-rynek-niemiecki-wloski-andrychow-sales-motoryzacja-transport,2026-08-28,"obsługa klienta, sprzedaż, sprzedaż B2B"
DONE Deliveries,qualified,57.1,Specjalista/Specjalistka ds. obsługi Klienta spedycyjnego,customer_service,35,,Andrychów,office,10000-11000 PLN/month b2b,mid,rocketjobs.pl,https://rocketjobs.pl/oferta-pracy/done-deliveries-specjalista-specjalistka-ds-obslugi-klienta-spedycyjnego-andrychow-sales-motoryzacja-transport-96d35c0d,2026-07-15,"analiza, obsługa klienta, customer service, sprzedaż"
EKOVOLTIS,qualified,57.1,Doradca ds. Sprzedaży,high_ticket_b2c,84,b2b_inbound_outbound,Zielona Góra,mobile,,mid,rocketjobs.pl,https://rocketjobs.pl/oferta-pracy/ekovoltis-doradca-ds-sprzedazy-zielona-gora-sales-energia-srodowisko,2026-10-01,"sprzedaż B2B, Door to door, prawo jazdy kat. B, samodzielność"
EKOVOLTIS,qualified,57.1,Doradca ds. Sprzedaży,high_ticket_b2c,84,b2b_inbound_outbound,Bielsko-Biała,mobile,,mid,rocketjobs.pl,https://rocketjobs.pl/oferta-pracy/ekovoltis-doradca-ds-sprzedazy-bielsko-biala-sales-energia-srodowisko,2026-10-01,"sprzedaż B2B, Door to door, samodzielność, sprzedaż"
Elanders Polska Sp. z o.o.,qualified,57.1,Specjalista / Specjalistka ds. Sprzedaży B2B – Branża Poligraficzna,ae_b2b_saas,84,b2b_inbound_outbound,Płońsk,Stacjonarna,10 000 zł brutto/mies.,Specjalista / specjalistka (mid) / starszy specjalista / starsza specjalistka (senior),praca.pl,https://www.praca.pl/specjalista-specjalistka-ds-sprzedazy-b2b-branza-poligraficzna_11472028.html,2 dni temu,"Opis stanowiska Pozyskiwanie nowych klientów strategicznych oraz rozwijanie współpracy z kluczowymi odbiorcami. Budowanie długofalowych, partnerskich relacji z klientami i dbanie o ich potrzeby. Analizowanie oczekiwań klientów oraz doradztwo techniczne dotyczące produktów poligraficznych...."
Elanders Polska Sp. z o.o.,qualified,57.1,Key Account Manager,account_mgmt,55,,Płońsk,Stacjonarna,10 000 zł brutto/mies.,Specjalista / specjalistka (mid) / starszy specjalista / starsza specjalistka (senior),praca.pl,https://www.praca.pl/key-account-manager_11472025.html,2 godziny temu,"Zadania: Pozyskiwanie nowych, strategicznych klientów. Opieka nad kluczowymi klientami i budowanie z nimi długofalowych, partnerskich relacji. Analiza potrzeb klienta i doradztwo techniczne w zakresie produktów poligraficznych. Przygotowywanie ofert handlowych, prowadzenie negocjacji oraz..."
GRH Group,qualified,57.1,Doradca Techniczno-Handlowy (k/m),high_ticket_b2c,84,b2b_inbound_outbound,Rzeszów,mobile,,mid,rocketjobs.pl,https://rocketjobs.pl/oferta-pracy/grh-group-doradca-techniczno-handlowy-k-m--rzeszow-sales-inzynieria-technika-produkcja,2026-07-24,"sprzedaż B2B, branża techniczna, sprzedaż, negocjacje, budowanie relacji"
GRH Group,qualified,57.1,Specjalista ds. sprzedaży (k/m),sales_specialist,64,b2b_inbound_outbound,Kolbuszowa,mobile,,mid,rocketjobs.pl,https://rocketjobs.pl/oferta-pracy/grh-group-specjalista-ds-sprzedazy-k-m--kolbuszowa-sales-rtv-agd-artykuly-przemyslowe,2026-07-28,"sprzedaż B2B, prawo jazdy kat. B, obsługa klienta"
Interactive Workspace Sp. z o.o.,qualified,57.1,Account Executive,ae_b2b_saas,84,remote,Remote,remote,10000.0-20000.0 PLN b2b,Mid,nofluffjobs.com,https://nofluffjobs.com/pl/job/account-executive-interactive-workspace-remote,2026-10-04,"pl, en"
Interactive Workspace Sp. z o.o.,qualified,57.1,Account Executive,ae_b2b_saas,84,remote,Poznań,remote,10000.0-20000.0 PLN b2b,Mid,nofluffjobs.com,https://nofluffjobs.com/pl/job/account-executive-interactive-workspace-poznan,2026-10-04,"pl, en"
New Wave International Cargo,qualified,57.1,Business Development Manager,ae_b2b_saas,84,b2b_inbound_outbound,Warszawa,hybrid,,senior,rocketjobs.pl,https://rocketjobs.pl/oferta-pracy/new-wave-international-cargo-business-development-manager-warszawa-sales-motoryzacja-transport,2026-09-30,"sprzedaż, branża TSL, sprzedaż B2B, wykształcenie wyższe, prawo jazdy kat. B"
New Wave International Cargo,qualified,57.1,Business Development Manager (transport lotniczy),ae_b2b_saas,84,b2b_inbound_outbound,Wrocław,hybrid,,senior,rocketjobs.pl,https://rocketjobs.pl/oferta-pracy/new-wave-international-cargo-business-development-manager-transport-lotniczy--wroclaw-sales-motoryzacja-transport,2026-09-30,"sprzedaż, sprzedaż B2B, prawo jazdy kat. B, samodzielność"
Praca.pl,qualified,57.1,Specjalista / Specjalistka ds. Sprzedaży,sales_specialist,84,phone|video_calls|remote|b2b_inbound_outbound,Wrocław,Zdalna,,Specjalista / specjalistka (mid) / starszy specjalista / starsza specjalistka (senior),praca.pl,https://www.praca.pl/specjalista-specjalistka-ds-sprzedazy_11497696.html,8 dni temu,"Opis stanowiska Aktywne rozwijanie bazy klientów biznesowych poprzez działania outbound, w tym cold calling, cold mailing i LinkedIn, oraz obsługę otrzymywanych leadów. Prowadzenie prezentacji oferty i wsparcie klientów na etapie składania wniosków. Zarządzanie całym lejkiem sprzedażowym..."
Praca.pl,qualified,57.1,Kierowczyni / Kierowca Samochodu Ciężarowego z Wózkiem Widłowym,high_ticket_b2c,70,,Buk,Mobilna,,,praca.pl,https://www.praca.pl/kierowczyni-kierowca-samochodu-ciezarowego-z-wozkiem-widlowym_11453311.html,przed chwilą,Zakres obowiązków: Załadunek okien w zakładzie produkcyjnym. Transport stolarki okiennej do przedstawicieli handlowych oraz na place budowy. Rozładunek towaru u klientów. Realizacja transportu głównie na terenie województwa wielkopolskiego. Współpraca z pozostałymi działami firmy....
Prosper Polska Sp. z o.o.,qualified,57.1,Młodszy Doradca Klienta ds. Sprzedaży,high_ticket_b2c,84,remote,Warszawa,remote,,mid,rocketjobs.pl,https://rocketjobs.pl/oferta-pracy/prosper-polska-sp-z-o-o--mlodszy-doradca-klienta-ds-sprzedazy-warszawa-sales-uslugi-profesjonalne,2026-09-16,"sprzedaż, AI, samodzielność, komunikatywność"
Prosper Polska,qualified,57.1,Menedżer zespołu sprzedaży,generic_sales,54,b2b_inbound_outbound,Warszawa,hybrid,,senior,rocketjobs.pl,https://rocketjobs.pl/oferta-pracy/prosper-polska-menedzer-zespolu-sprzedazy-warszawa-sales-uslugi-profesjonalne-8bb48657,2026-09-08,"sprzedaż B2B, zarządzanie zespołem, zarządzanie sprzedażą, rekrutacja, Microsoft Office Excel"
Welyo,qualified,57.1,Business Development Manager,ae_b2b_saas,84,b2b_inbound_outbound,Warszawa,hybrid,9000-12000 PLN/month b2b,mid,rocketjobs.pl,https://rocketjobs.pl/oferta-pracy/welyo-business-development-manager-warszawa-sales-it-i-telekomunikacja,2026-09-25,"sprzedaż B2B, business development, Budowanie pipeline, prowadzenie rozmów biznesowych, Zarządzanie pipeline'em, doświadczenie w sprzedaży, Zarządzanie relacjami, Doświadczenie w work on targets"
Welyo,qualified,57.1,Key Account Manager,account_mgmt,64,script_crm|b2b_inbound_outbound,Warszawa,hybrid,8000-12000 PLN/month b2b,mid,rocketjobs.pl,https://rocketjobs.pl/oferta-pracy/welyo-key-account-manager-warszawa-sales-it-i-telekomunikacja-3e342359,2026-09-01,"sprzedaż B2B, SaaS, CRM"
Altego Agency,qualified,56.7,Doradca handlowy,high_ticket_b2c,89,script_crm|b2b_inbound_outbound,Gdańsk,office,8500-10000 PLN/month permanent,mid,rocketjobs.pl,https://rocketjobs.pl/oferta-pracy/altego-agency-doradca-handlowy-gdansk-sales-inne,2026-10-02,"CRM, sprzedaż B2B, jakość danych, prawo jazdy kat. B, komunikacyjne, negocjacyjne, konsekwentnego działania zgodnie z procesem"
Biesiada Invest,qualified,56.7,Business Development Manager,ae_b2b_saas,89,script_crm|b2b_inbound_outbound,Warszawa,mobile,,manager,rocketjobs.pl,https://rocketjobs.pl/oferta-pracy/biesiada-invest-business-development-manager-warszawa-sales-inne-bb638ff5,2026-09-09,"CRM, sprzedaż B2B, zarządzanie sprzedażą, account manager, prawo jazdy kat. B, sprzedaż"
fonio.ai,qualified,56.7,AE – Doradca Sprzedaży B2B (SaaS / AI),ae_b2b_saas,89,script_crm|b2b_inbound_outbound,Warszawa,office,23000-28000 PLN/month any,mid,rocketjobs.pl,https://rocketjobs.pl/oferta-pracy/fonio-ai-doradca-doradczyni-ds-sprzedazy-b2b-ae--warszawa-sales-it-i-telekomunikacja,2026-09-22,"CRM, sprzedaż B2B, zarządzanie lejkiem sprzedażowym, AI, sprzedaż"
LLInformatics,qualified,56.7,Business Development Manager,ae_b2b_saas,89,script_crm|b2b_inbound_outbound,Warszawa,hybrid,12000-15000 PLN/month b2b,mid,rocketjobs.pl,https://rocketjobs.pl/oferta-pracy/llinformatics-business-development-manager-warszawa-sales-it-i-telekomunikacja,2026-09-03,"CRM, B2B Sales, sales"
Miele Sp. z o.o.,qualified,56.7,Doradca Klienta w Miele Experience Center,high_ticket_b2c,89,commission|script_crm,Gdynia,office,,mid,rocketjobs.pl,https://rocketjobs.pl/oferta-pracy/miele-sp-z-o-o--zastepca-kierownika-salonu-miele-experience-center-gdynia-sales-rtv-agd-artykuly-przemyslowe-29f619f7,2026-09-25,"CRM, język angielski B2, zarządzanie zespołem, obsługa klienta premium, sprzedaż, obsługa klienta"
Moraj Sp. z o.o. Sp.k.,qualified,56.7,Specjalista ds. sprzedaży B2B (platforma cyfrowa) (k/m/x),ae_b2b_saas,89,script_crm|b2b_inbound_outbound,Żory,office,,mid,rocketjobs.pl,https://rocketjobs.pl/oferta-pracy/moraj-sp-z-o-o-sp-k--specjalista-ds-sprzedazy-b2b-platforma-cyfrowa-k-m-x--zory-sales-marketing-reklama-media,2026-09-14,"Tworzenie ofert handlowych, prospecting, CRM, Domykanie transakcji, lejek sprzedażowy, sprzedaż B2B, negocjacje handlowe, e-commerce"
Social Elite,qualified,56.7,Senior Specjalista/ka ds. Sprzedaży B2B (Digital/E-commerce),ae_b2b_saas,89,script_crm|b2b_inbound_outbound,Wrocław,hybrid,10000-17000 PLN/month b2b,senior,rocketjobs.pl,https://rocketjobs.pl/oferta-pracy/social-elite-senior-specjalista-ka-ds-sprzedazy-b2b-digital-e-commerce--wroclaw-sales-marketing-reklama-media,2026-09-17,"CRM, e-commerce, sprzedaż"
VoiceLab.AI,qualified,56.7,Specjalista ds. rozwoju sprzedaży SaaS – Lead & Demand Generation,ae_b2b_saas,89,script_crm|b2b_inbound_outbound,Gdańsk,hybrid,7000-10000 PLN/month b2b,mid,rocketjobs.pl,https://rocketjobs.pl/oferta-pracy/voicelab-ai-specjalista-ds-rozwoju-sprzedazy-saas---lead-demand-generation-gdansk-sales-it-i-telekomunikacja,2026-09-10,"sprzedaż, CRM, sprzedaż B2B, SaaS, obsługa klienta"
PEOPLE-HUB POLAND,qualified,56.3,Handlowiec (branża energetyczna) m/k/n,sales_specialist,66,junior_ramp,Warszawa,mobile,,junior,rocketjobs.pl,https://rocketjobs.pl/oferta-pracy/people-hub-poland-handlowiec-branza-energetyczna-m-k-n-warszawa-sales-energia-srodowisko-ddc87440,2026-09-29,"komunikacja, negocjacje, sprzedaż"
PEOPLE-HUB POLAND,qualified,56.3,Handlowiec (branża energetyczna) m/k/n,sales_specialist,66,junior_ramp,Lublin,mobile,,junior,rocketjobs.pl,https://rocketjobs.pl/oferta-pracy/people-hub-poland-handlowiec-branza-energetyczna-m-k-n-lublin-sales-energia-srodowisko-aa3fe0a6,2026-09-29,"komunikacja, negocjacje, sprzedaż"
PEOPLE-HUB POLAND,qualified,56.3,Handlowiec (branża energetyczna) m/k/n,sales_specialist,66,junior_ramp,Gdańsk,mobile,,junior,rocketjobs.pl,https://rocketjobs.pl/oferta-pracy/people-hub-poland-handlowiec-branza-energetyczna-m-k-n-gdansk-sales-energia-srodowisko-064a7b8c,2026-09-29,"komunikacja, negocjacje, sprzedaż"
PEOPLE-HUB POLAND,qualified,56.3,Specjalista ds. Sprzedaży z językiem niemieckim - Stargard (m/k/n),sales_specialist,64,b2b_inbound_outbound,Stargard,office,8500-10000 PLN/month permanent,mid,rocketjobs.pl,https://rocketjobs.pl/oferta-pracy/people-hub-poland-specjalista-ds-sprzedazy-z-jezykiem-niemieckim---stargard-m-k-n--stargard-sales-inzynieria-technika-produkcja,2026-07-24,"MS Office, sprzedaż B2B, negocjacje sprzedażowe, ofertowanie, pozyskiwanie klientów, prawo jazdy kat. B"
PEOPLE-HUB POLAND,qualified,56.3,Specjalista ds. Sprzedaży z językiem angielskim - Stargard (m/k/n),sales_specialist,64,b2b_inbound_outbound,Stargard,office,8500-10000 PLN/month permanent,mid,rocketjobs.pl,https://rocketjobs.pl/oferta-pracy/people-hub-poland-specjalista-ds-sprzedazy-z-jezykiem-angielskim---stargard-m-k-n--stargard-sales-inzynieria-technika-produkcja-1e86cc56,2026-09-22,"MS Office, sprzedaż B2B, negocjacje sprzedażowe, ofertowanie, pozyskiwanie klientów, prawo jazdy kat. B"
adsfox,qualified,56.1,Specjalista ds. sprzedaży usług marketingowych w branży B2B 🚀,ae_b2b_saas,88,remote|b2b_inbound_outbound,Kraków,remote,7000-18000 PLN/month mandate_contract,mid,rocketjobs.pl,https://rocketjobs.pl/oferta-pracy/adsfox-specjalista-ds-sprzedazy-uslug-marketingowych-w-branzy-b2b--krakow-sales-inne-3461d0fc,2026-09-29,"sprzedaż B2B, sprzedaż, Sprzedaż usług marketingowych"
Bean&Buddies Sp. z o.o.,qualified,56.1,Specjalista/ka ds. aktywnej sprzedaży B2B (k/m),ae_b2b_saas,88,remote|b2b_inbound_outbound,Warszawa,remote,,mid,rocketjobs.pl,https://rocketjobs.pl/oferta-pracy/bean-buddies-sp-z-o-o--specjalista-ka-ds-aktywnej-sprzedazy-b2b-k-m--warszawa-sales-inne,2026-09-21,"doradztwo, sprzedaż, aktywna sprzedaż, obsługa klienta"
FootballTeamGame,qualified,56.1,Business Development Partner – Affiliate Partnerships,ae_b2b_saas,88,remote|b2b_inbound_outbound,Warszawa,remote,,senior,rocketjobs.pl,https://rocketjobs.pl/oferta-pracy/footballteamgame-business-development-partner---affiliate-partnerships-warszawa-sales-marketing-reklama-media-e1e15893,2026-09-14,"business development, B2B Sales, Partnership development, networking"
Green Parrot,qualified,56.1,Business Development Manager - B2B SaaS (widoczność marek w AI),ae_b2b_saas,88,remote|b2b_inbound_outbound,Warszawa,remote,10000-12000 PLN/month b2b,mid,rocketjobs.pl,https://rocketjobs.pl/oferta-pracy/green-parrot-business-development-manager---b2b-saas-widocznosc-marek-w-ai--warszawa-sales-marketing-reklama-media,2026-09-11,"sprzedaż B2B, digital marketing, samodzielność, outbound, praca na leadach"
HUMANVERSE SPÓŁKA Z OGRANICZONĄ ODPOWIEDZIALNOŚCIĄ,qualified,56.1,Business Development Manager,ae_b2b_saas,88,remote|b2b_inbound_outbound,Warszawa,remote,8000-12000 PLN/month b2b,mid,rocketjobs.pl,https://rocketjobs.pl/oferta-pracy/humanverse-spolka-z-ograniczona-odpowiedzialnoscia-business-development-manager-warszawa-sales-marketing-reklama-media-d2f2002d,2026-09-28,"sprzedaż B2B, Zrozumienie branży marketingowej, samodzielność, sprzedaż"
Locatick,qualified,56.1,Specjalista/Specjalistka ds. Sprzedaży (SaaS B2B),ae_b2b_saas,88,remote|b2b_inbound_outbound,Katowice,remote,8000-15000 PLN/month b2b,mid,rocketjobs.pl,https://rocketjobs.pl/oferta-pracy/locatick-specjalista-specjalistka-ds-sprzedazy-saas-b2b--katowice-sales-it-i-telekomunikacja-4cb0af92,2026-09-20,"sprzedaż B2B, Diagnozowanie potrzeb klienta, Praktyczne obycie z AI, Rozumienie technologii"
Media4U,qualified,56.1,Business Development Manager,ae_b2b_saas,88,remote|b2b_inbound_outbound,Łódź,remote,9500-14000 PLN/month b2b,mid,rocketjobs.pl,https://rocketjobs.pl/oferta-pracy/media4u-business-development-manager-lodz-sales-it-i-telekomunikacja-58864563,2026-10-02,"prospecting, sprzedaż B2B"
Orange partner - Impro Sp.k,qualified,56.1,Orange  - praca zdalna sprzedaż b2b,ae_b2b_saas,88,remote|b2b_inbound_outbound,Gdańsk,remote,10000-20000 PLN/month b2b,mid,rocketjobs.pl,https://rocketjobs.pl/oferta-pracy/orange-partner---impro-sp-k-orange---praca-zdalna-sprzedaz-b2b-gdansk-sales-it-i-telekomunikacja,2026-09-18,"sprzedaż, samodzielność"
Pstro sp. z o.o.,qualified,56.1,Manager ds. klientów grupowych i B2B,ae_b2b_saas,88,remote|b2b_inbound_outbound,Warszawa,remote,4000-12000 PLN/month b2b,mid,rocketjobs.pl,https://rocketjobs.pl/oferta-pracy/pstro-sp-z-o-o--manager-ds-klientow-grupowych-i-b2b-warszawa-sales-inne-6412d4ab,2026-09-21,"sprzedaż B2B, Proaktywność, sprzedaż, komunikatywność"
Survicate,qualified,56.1,Account Executive,ae_b2b_saas,88,remote|b2b_inbound_outbound,Warsaw,remote,8000-10000 PLN/month b2b,mid,rocketjobs.pl,https://rocketjobs.pl/oferta-pracy/survicate-account-executive-warsaw-sales-it-i-telekomunikacja-72856bd0,2026-07-23,"sales cycle, navigate deals, inbound leads, subscription-based B2B software, sprzedaż, SaaS"
Liberty Poland S.A.,qualified,56.0,Specjalista Sprzedaży (k/m) — Bydgoszcz,generic_sales,60,phone,Bydgoszcz,office,,mid,rocketjobs.pl,https://rocketjobs.pl/oferta-pracy/liberty-poland-s-a--specjalista-sprzedazy-k-m---bydgoszcz-bydgoszcz-sales-it-i-telekomunikacja,2026-09-14,"sprzedaż, obsługa klienta, kontakt telefoniczny"
Liberty Poland S.A.,qualified,56.0,Specjalista Sprzedaży (k/m) - Biskupiec,generic_sales,60,phone,Biskupiec,office,,mid,rocketjobs.pl,https://rocketjobs.pl/oferta-pracy/liberty-poland-s-a--specjalista-sprzedazy-k-m---biskupiec-biskupiec-sales-sieci-handlowe,2026-09-28,"sprzedaż, obsługa klienta, komunikacja telefoniczna"
LIBERTY POLAND S.A.,qualified,56.0,Młodszy Specjalista Sprzedaży (k/m),generic_sales,56,junior_ramp,Jarocin,office,,junior,rocketjobs.pl,https://rocketjobs.pl/oferta-pracy/liberty-poland-s-a--mlodszy-specjalista-sprzedazy-k-m--jarocin-sales-it-i-telekomunikacja,2026-09-08,"Wykształcenie średnie, obsługa klienta"
LIBERTY POLAND S.A.,qualified,56.0,Młodszy Specjalista Sprzedaży (k/m),generic_sales,56,junior_ramp,Połczyn-Zdrój,office,,junior,rocketjobs.pl,https://rocketjobs.pl/oferta-pracy/liberty-poland-s-a--mlodszy-specjalista-sprzedazy-k-m--polczyn-zdroj-sales-it-i-telekomunikacja,2026-09-03,"Wykształcenie średnie, obsługa klienta"
LIBERTY POLAND S.A.,qualified,56.0,Młodszy Specjalista Sprzedaży (k/m),generic_sales,56,junior_ramp,Gniezno,office,,junior,rocketjobs.pl,https://rocketjobs.pl/oferta-pracy/liberty-poland-s-a--mlodszy-specjalista-sprzedazy-k-m--gniezno-sales-it-i-telekomunikacja,2026-09-03,"Wykształcenie średnie, obsługa klienta"
Liberty Poland S.A.,qualified,56.0,Specjalista Sprzedaży (k/m) - Wisła,generic_sales,50,,Wisła,office,,mid,rocketjobs.pl,https://rocketjobs.pl/oferta-pracy/liberty-poland-s-a--specjalista-sprzedazy-k-m---wisla-wisla-sales-it-i-telekomunikacja,2026-09-09,"sprzedaż, obsługa klienta"
Liberty Poland S.A.,qualified,56.0,Kierownik Punktu Sprzedaży (k/m),generic_sales,50,,Warszawa,office,,mid,rocketjobs.pl,https://rocketjobs.pl/oferta-pracy/liberty-poland-s-a--kierownik-punktu-sprzedazy-k-m--warszawa-sales-it-i-telekomunikacja,2026-09-14,"zarządzanie zespołem, Realizacja sprzedaży, zarządzanie sprzedażą, sprzedaż"
Liberty Poland S.A.,qualified,56.0,Specjalista Sprzedaży (k/m) - Dąbrowa Białostocka,generic_sales,50,,Dąbrowa Białostocka,office,,mid,rocketjobs.pl,https://rocketjobs.pl/oferta-pracy/liberty-poland-s-a--specjalista-sprzedazy-k-m---dabrowa-bialostocka-dabrowa-bialostocka-sales-it-i-telekomunikacja,2026-09-14,"sprzedaż, obsługa klienta, praca z klientem"
Liberty Poland S.A.,qualified,56.0,"Specjalista Sprzedaży (k/m) - Warszawa, Centrum",generic_sales,50,,Warszawa,office,,mid,rocketjobs.pl,https://rocketjobs.pl/oferta-pracy/liberty-poland-s-a--specjalista-sprzedazy-k-m---warszawa-centrum-warszawa-sales-it-i-telekomunikacja,2026-09-14,"sprzedaż, obsługa klienta, praca z klientem"
Liberty Poland S.A.,qualified,56.0,Specjalista Sprzedaży (k/m) - Łomianki,generic_sales,50,,Łomianki,office,,mid,rocketjobs.pl,https://rocketjobs.pl/oferta-pracy/liberty-poland-s-a--specjalista-sprzedazy-k-m---lomianki-lomianki-sales-it-i-telekomunikacja,2026-09-28,"sprzedaż, obsługa klienta"
Liberty Poland S.A.,qualified,56.0,Specjalista Sprzedaży (k/m),generic_sales,50,,Żyrardów,office,,mid,rocketjobs.pl,https://rocketjobs.pl/oferta-pracy/liberty-poland-s-a--specjalista-sprzedazy-k-m--zyrardow-sales-it-i-telekomunikacja,2026-09-28,"sprzedaż, obsługa klienta"
Liberty Poland S.A.,qualified,56.0,Młodszy Specjalista Sprzedaży (k/m) - Ostrowiec Świętokrzyski,generic_sales,50,,Ostrowiec Świętokrzyski,office,,mid,rocketjobs.pl,https://rocketjobs.pl/oferta-pracy/liberty-poland-s-a--mlodszy-specjalista-sprzedazy-k-m---ostrowiec-swietokrzyski-ostrowiec-swietokrzyski-sales-it-i-telekomunikacja,2026-09-16,"obsługa klienta, sprzedaż"
Liberty Poland S.A.,qualified,56.0,Kierownik Punktu Sprzedaży (k/m),generic_sales,50,,Krosno Odrzańskie,office,,manager,rocketjobs.pl,https://rocketjobs.pl/oferta-pracy/liberty-poland-s-a--kierownik-punktu-sprzedazy-k-m--krosno-odrzanskie-sales-sieci-handlowe,2026-09-21,"zarządzanie zespołem, sprzedaż detaliczna, realizacja celów sprzedażowych, sprzedaż"
Liberty Poland S.A.,qualified,56.0,Specjalista Sprzedaży (k/m) - Głubczyce,generic_sales,50,,Głubczyce,office,,mid,rocketjobs.pl,https://rocketjobs.pl/oferta-pracy/liberty-poland-s-a--specjalista-sprzedazy-k-m---glubczyce-glubczyce-sales-it-i-telekomunikacja,2026-09-21,"sprzedaż, obsługa klienta, komunikacja"
Liberty Poland S.A.,qualified,56.0,Młodszy Specjalista Sprzedaży (k/m) - Gorzów Wielkopolski,generic_sales,50,,Gorzów Wielkopolski,office,,mid,rocketjobs.pl,https://rocketjobs.pl/oferta-pracy/liberty-poland-s-a--mlodszy-specjalista-sprzedazy-k-m---gorzow-wielkopolski-gorzow-wielkopolski-sales-inne,2026-09-15,"sprzedaż, obsługa klienta"
DCG,qualified,55.4,Senior Key Account Manager,account_mgmt,59,b2b_inbound_outbound,Sadkowa Góra,hybrid,,senior,rocketjobs.pl,https://rocketjobs.pl/oferta-pracy/dcg-senior-key-account-manager-sadkowa-gora-sales-inne,2026-10-01,"sprzedaż B2B, obsługa kluczowych Klientów, negocjacje handlowe, budowanie relacji, organizacja pracy, prawo jazdy kat. B"
DCG,qualified,55.4,Regionalny Kierownik / Regionalna Kierowniczka Sprzedaży (warmińsko-mazurskie),generic_sales,54,b2b_inbound_outbound,Olsztyn,mobile,12000-16000 PLN/month permanent,mid,rocketjobs.pl,https://rocketjobs.pl/oferta-pracy/dcg-regionalny-kierownik-regionalna-kierowniczka-sprzedazy-warminsko-mazurskie--olsztyn-sales-sieci-handlowe,2026-09-24,"sprzedaż, sprzedaż B2B, zarządzanie sprzedażą, zarządzanie zespołem, prawo jazdy kat. B"
DCG,qualified,55.4,Regionalny Kierownik / Regionalna Kierowniczka Sprzedaży (Małopolska),generic_sales,50,,Kraków,mobile,12000-13000 PLN/month permanent,manager,rocketjobs.pl,https://rocketjobs.pl/oferta-pracy/dcg-regionalny-kierownik-regionalna-kierowniczka-sprzedazy-malopolska--krakow-sales-inne,2026-09-11,"branża FMCG, negocjacje, prawo jazdy kat. B"
DCG,qualified,55.4,Regionalny Kierownik / Regionalna Kierowniczka Sprzedaży (FMCG),generic_sales,50,,Olsztyn,,12000.0-14000.0 PLN permanent,Mid,nofluffjobs.com,https://nofluffjobs.com/pl/job/regionalny-kierownik-regionalna-kierowniczka-sprzedazy-fmcg-dcg-olsztyn,2026-09-30,"Sprzedaż, Driving license, Negocjacje, Zarządzanie sprzedażą"
DCG,qualified,55.4,Regionalny Kierownik / Regionalna Kierowniczka Sprzedaży (FMCG),generic_sales,50,,Łomża,,12000.0-14000.0 PLN permanent,Mid,nofluffjobs.com,https://nofluffjobs.com/pl/job/regionalny-kierownik-regionalna-kierowniczka-sprzedazy-fmcg-dcg-lomza,2026-09-30,"Sprzedaż, Driving license, Negocjacje, Zarządzanie sprzedażą"
DCG,qualified,55.4,Regionalny Kierownik / Regionalna Kierowniczka Sprzedaży (FMCG),generic_sales,50,,Elbląg,,12000.0-14000.0 PLN permanent,Mid,nofluffjobs.com,https://nofluffjobs.com/pl/job/regionalny-kierownik-regionalna-kierowniczka-sprzedazy-fmcg-dcg-elblag,2026-09-30,"Sprzedaż, Driving license, Negocjacje, Zarządzanie sprzedażą"
DCG,qualified,55.4,Regionalny Kierownik / Regionalna Kierowniczka Sprzedaży (FMCG),generic_sales,50,,Suwałki,,12000.0-14000.0 PLN permanent,Mid,nofluffjobs.com,https://nofluffjobs.com/pl/job/regionalny-kierownik-regionalna-kierowniczka-sprzedazy-fmcg-dcg-suwalki,2026-09-30,"Sprzedaż, Driving license, Negocjacje, Zarządzanie sprzedażą"
DCG,qualified,55.4,Regionalny Kierownik / Regionalna Kierowniczka Sprzedaży (FMCG),generic_sales,50,,Ełk,,12000.0-14000.0 PLN permanent,Mid,nofluffjobs.com,https://nofluffjobs.com/pl/job/regionalny-kierownik-regionalna-kierowniczka-sprzedazy-fmcg-dcg-elk,2026-09-30,"Sprzedaż, Driving license, Negocjacje, Zarządzanie sprzedażą"
DCG,qualified,55.4,Regionalny Kierownik / Regionalna Kierowniczka Sprzedaży (FMCG),generic_sales,50,,Iława,,12000.0-14000.0 PLN permanent,Mid,nofluffjobs.com,https://nofluffjobs.com/pl/job/regionalny-kierownik-regionalna-kierowniczka-sprzedazy-fmcg-dcg-ilawa,2026-09-30,"Sprzedaż, Driving license, Negocjacje, Zarządzanie sprzedażą"
ADAMED,qualified,55.3,Młodszy Regionalny Kierownik Sprzedaży  (K/M/N),sales_leadership,70,,Zielona Góra,mobile,,senior,rocketjobs.pl,https://rocketjobs.pl/oferta-pracy/adamed-mlodszy-regionalny-kierownik-sprzedazy-k-m-n--zielona-gora-sales-farmacja-medycyna,2026-07-06,"marketing farmaceutyczny, Microsoft Office, prawo jazdy kat. B, sprzedaż"
Aleph,qualified,55.3,Sales Manager (Digital Advertising),sales_leadership,70,,Warszawa,hybrid,10000-17000 PLN/month permanent,senior,rocketjobs.pl,https://rocketjobs.pl/oferta-pracy/aleph-sales-manager-digital-advertising--warszawa-sales-marketing-reklama-media-d82f7359,2026-09-24,"digital ads sales, digital advertising, sprzedaż"
AURUM CHEMICALS dystrybutor surowców chemicznych,qualified,55.3,Sales Manager,sales_leadership,70,,Katowice,hybrid,,senior,rocketjobs.pl,https://rocketjobs.pl/oferta-pracy/aurum-chemicals-dystrybutor-surowcow-chemicznych-sales-manager-katowice-sales-kosmetyki-chemia-475d564c,2026-09-29,"prawo jazdy kat. B, sprzedaż, obsługa klienta, wykształcenie wyższe"
Capgemini,disqualified,55.3,"Sales Operations Analyst (Manufacturing, Lifescience, Tech with German)",sales_leadership,70,,Poznań,hybrid,,mid,rocketjobs.pl,https://rocketjobs.pl/oferta-pracy/capgemini-sales-operations-analyst-manufacturing-lifescience-tech-with-german--poznan-sales-it-i-telekomunikacja,2026-08-04,"Microsoft Office, Microsoft Office Excel, Microsoft Power BI"
CGH Group Sp. z o.o.,qualified,55.3,Sales Manager ,sales_leadership,70,,Bydgoszcz,mobile,,senior,rocketjobs.pl,https://rocketjobs.pl/oferta-pracy/cgh-group-sp-z-o-o--sales-manager--bydgoszcz-sales-inzynieria-technika-produkcja,2026-09-04,"Microsoft Office, Microsoft Office Excel, praca w zespole, prawo jazdy kat. B"
DSPL Sp. z o.o.,qualified,55.3,Kierownik Sprzedaży,sales_leadership,70,,"Warszawa, Al. Jana Pawła II, 11 lok.132",Stacjonarna,,Kierownik / kierowniczka / koordynator / koordynatorka / menedżer / menedżerka,praca.pl,https://www.praca.pl/kierownik-sprzedazy_11441494.html,2 dni temu,"Twoje zadania: poszukiwanie potencjalnych klientów zagranicznych, przyjmowanie zgłoszeń przychodzących, negocjowanie, uczestnictwo w targach branżowych; zawieranie umów, prowadzenie klienta podczas całego transportu; rozwój i utrzymanie stałych klientów; radzenie sobie z wierzytelnością."
Fastline Advertising,qualified,55.3,Sales Manager,sales_leadership,70,,Warszawa,office,7000-16000 PLN/month b2b,mid,rocketjobs.pl,https://rocketjobs.pl/oferta-pracy/fastline-advertising-sales-manager-warszawa-sales-motoryzacja-transport,2026-09-07,"sprzedaż, zarządzanie zespołem, zarządzanie sprzedażą"
Klient RocketJobs.pl_76770,disqualified,55.3,Dyrektor Sprzedaży,sales_leadership,70,,Kraków,office,,manager,rocketjobs.pl,https://rocketjobs.pl/oferta-pracy/klient-rocketjobs-pl-76770-dyrektor-sprzedazy-krakow-sales-finanse-bankowosc-ubezpieczenia,2026-09-14,"zarządzanie zespołem, sprzedaż, Analiza Danych"
Optineo,qualified,55.3,International Sales Manager USA,sales_leadership,70,,Gdańsk,hybrid,,senior,rocketjobs.pl,https://rocketjobs.pl/oferta-pracy/optineo-international-sales-manager-usa-gdansk-sales-inzynieria-technika-produkcja,2026-09-21,"business development, export"
SMAY SPÓŁKA Z OGRANICZONĄ ODPOWIEDZIALNOŚCIĄ,qualified,55.3,Sales Manager Germany – HVAC/Fire Safety Solutions (m/w),sales_leadership,70,,Hamburg,mobile,,c_level,rocketjobs.pl,https://rocketjobs.pl/oferta-pracy/smay-spolka-z-ograniczona-odpowiedzialnoscia-sales-manager-germany---hvac-fire-safety-solutions-m-w--hamburg-sales-inzynieria-technika-produkcja,2026-09-24,"HVAC, German speaker"
TREC NUTRITION,qualified,55.3,Kierownik ds. sprzedaży eskportowej z językiem angielskim,sales_leadership,70,,Gdynia,hybrid,,manager,rocketjobs.pl,https://rocketjobs.pl/oferta-pracy/trec-nutrition-kierownik-ds-sprzedazy-eskportowej-z-jezykiem-angielskim-gdynia-sales-uslugi-profesjonalne,2026-08-25,"sprzedaż, prawo jazdy kat. B, nawiązywanie kontaktów, dyspozycyjność"
Tylko,qualified,55.3,Sales Manager (Retail),sales_leadership,70,,Warszawa,hybrid,,manager,rocketjobs.pl,https://rocketjobs.pl/oferta-pracy/tylko-sales-manager-retail--warszawa-sales-wyposazenie-domu,2026-09-04,"sprzedaż, zarządzanie sprzedażą, zarządzanie zespołem, negocjacje, budowanie relacji"
ESTATEPARK AGENCJA NIERUCHOMOŚCI PREMIUM,qualified,54.9,Agent(ka) nieruchomości Warszawa,high_ticket_b2c,86,junior_ramp,Warszawa,hybrid,7000-21000 PLN/month mandate_contract,junior,rocketjobs.pl,https://rocketjobs.pl/oferta-pracy/estatepark-agencja-nieruchomosci-premium-agent-ka-nieruchomosci-warszawa-warszawa-sales-nieruchomosci-budownictwo,2026-09-21,"dyspozycyjność, sprzedaż, komunikatywność"
HUGO BOSS AG Oddział w Polsce,qualified,54.9,Doradca Klienta - BOSS Outlet Ursus (3/4 etatu) (k/m/n),high_ticket_b2c,86,junior_ramp,Warszawa,office,,junior,rocketjobs.pl,https://rocketjobs.pl/oferta-pracy/hugo-boss-ag-oddzial-w-polsce-doradca-klienta---boss-outlet-ursus-3-4-etatu-k-m-n--warszawa-sales-odziez-i-akcesoria,2026-09-25,"obsługa kasy fiskalnej, sprzedaż"
Jan Konończuk INSURANCE,qualified,54.9,Doradca finansowy,high_ticket_b2c,86,junior_ramp,Białystok,hybrid,,junior,rocketjobs.pl,https://rocketjobs.pl/oferta-pracy/jan-kononczuk-insurance-doradca-finansowy-bialystok-sales-finanse-bankowosc-ubezpieczenia,2026-09-29,"sprzedaż, organizacja pracy, systematyczność"
NIERUCHOMOŚCI – ZAGÓRSKA Sp. Z.O.O,qualified,54.9,Agent Nieruchomości,high_ticket_b2c,86,junior_ramp,Kraków,hybrid,10000-20000 PLN/month b2b,junior,rocketjobs.pl,https://rocketjobs.pl/oferta-pracy/nieruchomosci---zagorska-sp-z-o-o-agent-nieruchomosci-krakow-sales-nieruchomosci-budownictwo-ac46fc9e,2026-06-10,"elastyczność, dobra organizacja pracy, komunikatywność, praca w grupie, odpowiedzialność, marketing, prawo jazdy kat. B, organizacja pracy"
Pelart Laboratory Pol Sp. z o. o.,qualified,54.9,Opiekun klienta,high_ticket_b2c,86,junior_ramp,"Warszawa, ul. Samochodowa 2 / w pobliżu Galerii Mokotów",Stacjonarna,5 000 - 10 000 zł brutto/mies.,Młodszy specjalista / młodsza specjalistka (junior) / specjalista / specjalistka (mid),praca.pl,https://www.praca.pl/opiekun-klienta_11507686.html,2 dni temu,Opis stanowiska: Pozyskiwanie nowych klientów. Utrzymywanie kontaktu z bazą klientów. Organizacja szkoleń dla kosmetologów. Przyjmowanie towarów do magazynu. Przyjmowanie zamówień i wystawianie faktur.
Platforma Mieszkaniowa,qualified,54.9,Agent / Agentka Nieruchomości,high_ticket_b2c,86,video_calls,Warszawa,mobile,,mid,rocketjobs.pl,https://rocketjobs.pl/oferta-pracy/platforma-mieszkaniowa-agent-agentka-nieruchomosci-warszawa-sales-nieruchomosci-budownictwo-3f9cd261,2026-09-09,"branża nieruchomości, prezentacja, budowanie relacji, nieruchomości, sprzedaż"
B2Bnetwork,qualified,54.7,Business Development Manager,ae_b2b_saas,80,,Warszawa,hybrid,8000-12000 PLN/month b2b,mid,rocketjobs.pl,https://rocketjobs.pl/oferta-pracy/b2bnetwork-business-development-manager-warszawa-sales-it-i-telekomunikacja,2026-03-27,"branża IT, budowanie relacji, negocjacje, rozwój biznesu, sprzedaż IT"
B2Bnetwork,qualified,54.7,Junior Handlowiec / Handlowczyni,sales_specialist,76,phone|junior_ramp,Warszawa,office,5000-10000 PLN/month b2b,junior,rocketjobs.pl,https://rocketjobs.pl/oferta-pracy/b2bnetwork-junior-handlowiec-handlowczyni-warszawa-sales-it-i-telekomunikacja,2026-09-17,"sprzedaż, telesprzedaż, Call center"
Bank Pocztowy S.A.,qualified,54.7,Analityk Kredytowy / Analityczka Kredytowa Klienta MSP,high_ticket_b2c,80,,Bydgoszcz,Stacjonarna,,,praca.pl,https://www.praca.pl/analityk-kredytowy-analityczka-kredytowa-klienta-msp_11526217.html,20 godzin temu,"Twój zakres obowiązków monitoring portfela kredytowego (segment MSP), w tym m.in. ocena sytuacji ekonomiczno-finansowej przedsiębiorstw, projektów inwestycyjnych oraz prawnych zabezpieczeń; identyfikacja sygnałów wczesnego ostrzegania i przesłanek mających wpływ na poziom ryzyka..."
Bank Pocztowy S.A.,qualified,54.7,Analityk / Analityczka ds. Ryzyka Kredytowego,high_ticket_b2c,80,,Bydgoszcz,Stacjonarna,,,praca.pl,https://www.praca.pl/analityk-analityczka-ds-ryzyka-kredytowego_11526220.html,2 dni temu,"Opis stanowiska monitoring portfela kredytowego w segmencie MSP, obejmujący ocenę sytuacji ekonomiczno-finansowej przedsiębiorstw, projektów inwestycyjnych i prawnych zabezpieczeń; identyfikowanie sygnałów wczesnego ostrzegania oraz czynników wpływających na poziom ryzyka kredytowego;..."
Devire,disqualified,54.7,Doradca techniczno-handlowy,high_ticket_b2c,80,,Wrocław,,10000.0-13000.0 PLN permanent,Mid,nofluffjobs.com,https://nofluffjobs.com/pl/job/doradca-techniczno-handlowy-devire-wroclaw,2026-10-04,"Sprzedaż, Doradztwo techniczne, MS Office, Komunikatywność"
Devire,disqualified,54.7,Specjalista_ka ds. obsługi klienta,customer_service,40,script_crm,Warszawa,,5200.0-7000.0 PLN permanent,Mid,nofluffjobs.com,https://nofluffjobs.com/pl/job/specjalista-ka-ds-obslugi-klienta-devire-warszawa-5,2026-10-04,"MS Office, Excel, ERP, CRM"
eService Sp. z o.o,qualified,54.7,Doradca/Doradczyni ds. Sprzedaży i Utrzymania Klienta,high_ticket_b2c,80,,Warszawa,hybrid,,mid,rocketjobs.pl,https://rocketjobs.pl/oferta-pracy/eservice-sp-z-o-o-doradca-doradczyni-ds-sprzedazy-i-utrzymania-klienta-warszawa-sales-finanse-bankowosc-ubezpieczenia,2026-09-08,obsługa klienta
eService Sp. z o.o,qualified,54.7,Doradca/Doradczyni Klienta Biznesowego,high_ticket_b2c,80,,Warszawa,hybrid,,mid,rocketjobs.pl,https://rocketjobs.pl/oferta-pracy/eservice-sp-z-o-o-doradca-doradczyni-klienta-biznesowego-warszawa-sales-finanse-bankowosc-ubezpieczenia,2026-07-07,"sprzedaż, obsługa klienta"
External HR,disqualified,54.7,Specjalista ds. sprzedaży nieruchomości,high_ticket_b2c,80,,Wrocław,office,,mid,rocketjobs.pl,https://rocketjobs.pl/oferta-pracy/external-hr-specjalista-ds-sprzedazy-nieruchomosci-wroclaw-sales-nieruchomosci-budownictwo,2026-09-28,sprzedaż nieruchomości
External HR,disqualified,54.7,Specjalista ds. sprzedaży nieruchomości,high_ticket_b2c,80,,Łódź,office,,mid,rocketjobs.pl,https://rocketjobs.pl/oferta-pracy/external-hr-specjalista-ds-sprzedazy-nieruchomosci-lodz-sales-nieruchomosci-budownictwo,2026-09-28,sprzedaż nieruchomości
POLPLAN POLSKIE WYDAWNICTWO KARTOGRAFICZNE EMILIA GĘBALA ANDRZEJ GĘBALA s.c.,qualified,54.7,Specjalista ds. Sprzedaży / Doradca Handlowy,high_ticket_b2c,80,,"Bielsko-Biała, i okolice",Mobilna,12 000 zł / mies. (w zal. od umowy),,praca.pl,https://www.praca.pl/specjalista-ds-sprzedazy-doradca-handlowy_11479756.html,2 dni temu,"Miejsce pracy: województwo śląskie (Bielsko-Biała, Tychy, Żywiec i okolice) Zakres obowiązków: Obsługa klienta w zakresie sprzedaży Realizacja celów biznesowych Współtworzenie pozytywnego wizerunku firmy"
POLPLAN POLSKIE WYDAWNICTWO KARTOGRAFICZNE EMILIA GĘBALA ANDRZEJ GĘBALA s.c.,qualified,54.7,Specjalista / Specjalistka ds. Rozwoju Sprzedaży Reklamowej,generic_sales,50,,"Bielsko-Biała, i okolice",Mobilna,12 000 zł / mies. (w zal. od umowy),,praca.pl,https://www.praca.pl/specjalista-specjalistka-ds-rozwoju-sprzedazy-reklamowej_11479765.html,20 godzin temu,"Opis stanowiska Aktywne doradztwo oraz realizowanie procesów sprzedażowych w segmencie komercyjnych powierzchni reklamowych. Systematyczne osiąganie celów handlowych poprzez dopasowywanie rozwiązań promocyjnych do potrzeb lokalnego biznesu. Budowanie długofalowego, pozytywnego wizerunku marki..."
Vasco Bohemia Sp. z o.o.,qualified,54.7,Sales Executive,ae_b2b_saas,80,,Łódź,Stacjonarna,11 000 - 20 000 zł brutto/mies.,,praca.pl,https://www.praca.pl/sales-executive_11522296.html,2 godziny temu,"Zakres obowiązków Rozwój biznesu i sprzedaż; Identyfikowanie nowych rynków, sektorów i możliwości biznesowych. Opracowywanie oraz realizacja planu rozwoju działalności w Polsce. Poszukiwanie możliwości współpracy z partnerami biznesowymi, agentami oraz organizacjami branżowymi...."
Vasco Bohemia Sp. z o.o.,qualified,54.7,Business Development Manager / Managerka – Transport Drogowy,ae_b2b_saas,80,,Łódź,Stacjonarna,11 000 - 20 000 zł brutto/mies.,Specjalista / specjalistka (mid) / starszy specjalista / starsza specjalistka (senior) / ekspert / ekspertka / menedżer / menedżerka,praca.pl,https://www.praca.pl/business-development-manager-managerka-transport-drogowy_11522323.html,2 dni temu,"Opis stanowiska Rozwój działalności handlowej firmy na polskim rynku w obszarze transportu drogowego. Identyfikowanie nowych rynków, sektorów oraz możliwości rozwoju biznesu. Przygotowywanie i realizowanie planu rozwoju sprzedaży w Polsce. Aktywne pozyskiwanie kluczowych klientów oraz..."
VISITO.pl,qualified,54.7,Opiekun Klienta - Osoba odpow. za kluczowych kontrahentów ,high_ticket_b2c,80,,Świnoujście,,8000.0-9000.0 PLN permanent,Mid,nofluffjobs.com,https://nofluffjobs.com/pl/job/opiekun-klienta-osoba-odpow-za-kluczowych-kontrahentow-visito-pl-swinoujscie,2026-10-04,"Obowiązkowość, Punktualność, Prawo jazdy kat. B, Obsługa komputera"
VISITO.pl,qualified,54.7,Opiekun Klienta - Osoba odpow. za kluczowych kontrahentów ,high_ticket_b2c,80,,Dzielnica Nadmorska,,8000.0-9000.0 PLN permanent,Mid,nofluffjobs.com,https://nofluffjobs.com/pl/job/opiekun-klienta-osoba-odpow-za-kluczowych-kontrahentow-visito-pl-dzielnicanadmorska,2026-10-04,"Obowiązkowość, Punktualność, Prawo jazdy kat. B, Obsługa komputera"
7N Sp. z o. o.,qualified,54.3,Business Development and IT Account Manager,ae_b2b_saas,85,script_crm,Gdańsk,hybrid,,mid,rocketjobs.pl,https://rocketjobs.pl/oferta-pracy/7n-sp-z-o-o--business-development-and-it-account-manager-gdansk-sales-inzynieria-technika-produkcja,2026-08-10,"IT outsourcing, Client Relationship Management (CRM), IT Services / Consulting, account management, negotiation"
AstraFox,qualified,54.3,Sales Executive / Handlowiec — oprogramowanie BPM i obieg dokumentów (AMODIT),ae_b2b_saas,85,script_crm,Warszawa,hybrid,12000-18000 PLN/month b2b,mid,rocketjobs.pl,https://rocketjobs.pl/oferta-pracy/astrafox-sales-executive-handlowiec---oprogramowanie-bpm-i-obieg-dokumentow-amodit--warszawa-sales-it-i-telekomunikacja,2026-08-25,CRM
GRUPA AUTO FORUM,qualified,54.3,Doradca handlowy / Doradczyni handlowa,high_ticket_b2c,85,script_crm,Warszawa,office,,mid,rocketjobs.pl,https://rocketjobs.pl/oferta-pracy/grupa-auto-forum-doradca-handlowy-doradczyni-handlowa-warszawa-sales-motoryzacja-transport,2026-09-18,"CRM, sprzedaż, prawo jazdy kat. B"
Trineo Sp. z o. o.,qualified,54.3,Business Development Specialist - HR Tech ,ae_b2b_saas,85,script_crm,Gdynia,office,,mid,rocketjobs.pl,https://rocketjobs.pl/oferta-pracy/trineo-sp-z-o-o--business-development-specialist-gdynia-sales-inne,2026-09-17,"negocjacje, aktywna sprzedaż, dobra znajomość języka angielskiego B2/C1, biegła znajomość CRM, biegła znajomość Google Workspace, Biegła znajomość pakietu Office, LinkedIn, samodzielność"
Xopero Software,qualified,54.3,Channel Business Development Manager,ae_b2b_saas,85,script_crm,Warszawa,hybrid,14500-19200 PLN/month b2b,mid,rocketjobs.pl,https://rocketjobs.pl/oferta-pracy/xopero-software-channel-business-development-manager-warszawa-sales-it-i-telekomunikacja-d3c59e24,2026-09-01,"Partner Management, CRM"
Agencja Reklamowa ROXART,qualified,53.7,B2B Sales Consultant,ae_b2b_saas,84,b2b_inbound_outbound,Rzeszów,hybrid,6000-15000 PLN/month b2b,mid,rocketjobs.pl,https://rocketjobs.pl/oferta-pracy/agencja-reklamowa-roxart-b2b-sale-consultant-rzeszow-sales-marketing-reklama-media,2026-09-25,"sprzedaż B2B, sprzedaż, AI, empatia, psychologia, doradztwo, ChatGPT"
Architektura Sprzedaży,qualified,53.7,Doradca finansowy (Sprzedaż B2C&B2B),ae_b2b_saas,84,b2b_inbound_outbound,Wrocław,hybrid,7000-21000 PLN/month b2b,mid,rocketjobs.pl,https://rocketjobs.pl/oferta-pracy/architektura-sprzedazy-doradca-finansowy-sprzedaz-b2c-b2b--wroclaw-sales-finanse-bankowosc-ubezpieczenia-052641af,2026-09-08,"swoboda rozmowy, umiejętność zadawania pytań, mowa niewerbalna, organizacja własnego czasu, aktywne słuchanie"
ARES SHIELD AI SPÓŁKA AKCYJNA,qualified,53.7,Business Development Manager_Deep Tech Industry,ae_b2b_saas,84,b2b_inbound_outbound,Wrocław,office,9000-17000 PLN/month b2b,senior,rocketjobs.pl,https://rocketjobs.pl/oferta-pracy/ares-shield-ai-spolka-akcyjna-business-development-manager-deep-tech-industry-wroclaw-sales-it-i-telekomunikacja,2026-08-19,"wykształcenie inżynierskie, business development, sektor deep tech, sprzedaż B2B, budowanie relacji"
Asseco Poland,disqualified,53.7,Specjalista ds. Sprzedaży Usług SaaS – branża medyczna (m/k/os.),ae_b2b_saas,84,b2b_inbound_outbound,Warszawa,hybrid,,manager,rocketjobs.pl,https://rocketjobs.pl/oferta-pracy/asseco-poland-specjalista-ds-sprzedazy-uslug-saas---branza-medyczna-m-k-os--warszawa-sales-it-i-telekomunikacja,2026-08-19,"sprzedaż B2B, Sprzedaż SaaS, rynek ochrony zdrowia"
Grupa Bednarek,qualified,53.7,Doradca/Doradczyni ds. sprzedaży samochodów nowych BMW Premium Arena Dobroń,high_ticket_b2c,84,commission,Dobroń,office,,mid,rocketjobs.pl,https://rocketjobs.pl/oferta-pracy/grupa-bednarek-doradca-doradczyni-ds-sprzedazy-samochodow-nowych-bmw-premium-arena-dobron-dobron-sales-motoryzacja-transport,2026-09-21,branża motoryzacyjna
Bee Talents,disqualified,53.7,Manager/ka Sprzedaży | Reforma Nieruchomości [12-18k PLN/mies. B2B],ae_b2b_saas,84,b2b_inbound_outbound,Poznań,office,12000-18000 PLN/month b2b,manager,rocketjobs.pl,https://rocketjobs.pl/oferta-pracy/bee-talents-manager-ka-sprzedazy-reforma-nieruchomosci-12-18k-pln-mies-b2b--poznan-sales-nieruchomosci-budownictwo,2026-10-02,"sprzedaż, zarządzanie sprzedażą, zarządzanie zespołem, obsługa klienta"
Bergerat Monnoyeur Sp. z o.o.,qualified,53.7,Doradca Techniczno-Handlowy  (K/M),high_ticket_b2c,84,b2b_inbound_outbound,Warszawa,mobile,,mid,rocketjobs.pl,https://rocketjobs.pl/oferta-pracy/bergerat-monnoyeur-sp-z-o-o--doradca-techniczno-handlowy-k-m--warszawa-sales-inzynieria-technika-produkcja,2026-08-28,"sprzedaż B2B, prawo jazdy kat. B, branża techniczna"
BMW Premium Arena Łódź,qualified,53.7,Doradca ds. sprzedaży samochodów nowych (m/k) BMW Premium Arena Łódź,high_ticket_b2c,84,commission,Łódź,office,,mid,rocketjobs.pl,https://rocketjobs.pl/oferta-pracy/bmw-premium-arena-lodz-doradca-ds-sprzedazy-samochodow-nowych-m-k-bmw-premium-arena-lodz-lodz-sales-motoryzacja-transport-5199d83a,2026-08-21,"branża motoryzacyjna, sprzedaż"
BTH Elstar Sp. z o.o.,qualified,53.7,Doradca Techniczno-Handlowy (K/M),high_ticket_b2c,84,b2b_inbound_outbound,Wrocław,mobile,8000-15000 PLN/month b2b,mid,rocketjobs.pl,https://rocketjobs.pl/oferta-pracy/bth-elstar-sp-z-o-o--doradca-techniczno-handlowy-k-m--wroclaw-sales-inzynieria-technika-produkcja,2026-09-07,"sprzedaż B2B, sprzedaż, budowanie relacji, prawo jazdy kat. B, doradztwo techniczne"
Centrum Rozwoju Szkół Wyższych Merito Sp. z o.o.,qualified,53.7,Kierownik / Kierowniczka ds. marketingu B2B i projektów rozwojowych,ae_b2b_saas,84,b2b_inbound_outbound,Poznań,Hybrydowa,,Kierownik / kierowniczka / koordynator / koordynatorka,praca.pl,https://www.praca.pl/kierownik-kierowniczka-ds-marketingu-b2b-i-projektow-rozwojowych_11443189.html,wczoraj,"Zakres obowiązków: Odpowiedzialność za tworzenie i realizację strategii marketingu B2B wspierającej realizację celów sprzedażowych. Opracowywanie kampanii generujących zainteresowanie ofertą i wspierających pozyskiwanie leadów przez zespół sprzedaży. Planowanie, koordynacja i nadzór..."
Connectis,qualified,53.7,Client Technical Partner (B2B),ae_b2b_saas,84,b2b_inbound_outbound,Warszawa,office,15000-25000 PLN/month b2b,mid,rocketjobs.pl,https://rocketjobs.pl/oferta-pracy/connectis-client-technical-partner-b2b--warszawa-sales-it-i-telekomunikacja,2026-07-07,"sprzedaż, komunikacja, obsługa klienta"
Connectmedica,qualified,53.7,Mid Sales Executive,ae_b2b_saas,84,b2b_inbound_outbound,Warszawa,hybrid,10000-10000 PLN/month b2b,mid,rocketjobs.pl,https://rocketjobs.pl/oferta-pracy/connectmedica-mid-sales-executive-warszawa-sales-inne,2026-10-02,"negocjacje, doświadczenie w sprzedaży B2B, profesjonalna komunikacja, systematyczność, praca z targetem"
GEMINI SPÓŁKA Z OGRANICZONĄ ODPOWIEDZIALNOŚCIĄ,qualified,53.7,Doradca handlowy,high_ticket_b2c,84,b2b_inbound_outbound,Chorzów,mobile,5500-10000 PLN/month b2b,mid,rocketjobs.pl,https://rocketjobs.pl/oferta-pracy/gemini-spolka-z-ograniczona-odpowiedzialnoscia-doradca-handlowy-chorzow-sales-farmacja-medycyna,2026-08-11,"sprzedaż, obsługa klienta, prawo jazdy kat. B, sprzedaż B2B"
GOMEZ S.A.,qualified,53.7,Doradca / Doradczyni Klienta w Salonie Premium,high_ticket_b2c,84,commission,Poznań,Stacjonarna,,,praca.pl,https://www.praca.pl/doradca-doradczyni-klienta-w-salonie-premium_11470030.html,3 dni temu,Opis stanowiska: Realizowanie wyznaczonych planów sprzedażowych oraz aktywny udział w procesie sprzedaży. Obsługa klientów na najwyższym poziomie i tworzenie spersonalizowanych stylizacji. Zarządzanie pracą salonu podczas pełnienia roli lidera zmiany. Utrzymywanie wyglądu i standardów...
Greenkick Sp. z o.o.,qualified,53.7,Specjalista ds. Sprzedaży B2B – Elektromobilność,ae_b2b_saas,84,b2b_inbound_outbound,Wrocław,hybrid,6500-13000 PLN/month permanent,mid,rocketjobs.pl,https://rocketjobs.pl/oferta-pracy/greenkick-sp-z-o-o--specjalista-ds-sprzedazy-b2b---elektromobilnosc-wroclaw-sales-energia-srodowisko-5a461d34,2026-09-17,"prawo jazdy kat. B, sprzedaż, sprzedaż B2B, komunikatywność"
HYMON FOTOWOLTAIKA Sp. z o.o.,qualified,53.7,Specjalistka / Specjalista ds. Serwisu OZE,high_ticket_b2c,84,remote,Kraków,Hybrydowa,,,praca.pl,https://www.praca.pl/specjalistka-specjalista-ds-serwisu-oze_11538259.html,przed chwilą,"Zakres obowiązków: analiza zgłoszeń serwisowych i przeglądów technicznych oraz koordynowanie prac instalatorów i serwisantów, diagnozowanie problemów technicznych i produktowych oraz ustalanie sposobu ich rozwiązania, analiza i usuwanie usterek zgłaszanych przez klientów – zdalnie, na..."
Knacks sp. z o.o.,qualified,53.7,Business Development Manager,ae_b2b_saas,84,b2b_inbound_outbound,Wrocław,hybrid,4000-10000 PLN/month mandate_contract,mid,rocketjobs.pl,https://rocketjobs.pl/oferta-pracy/knacks-sp-z-o-o--business-development-manager-wroclaw-sales-marketing-reklama-media,2026-09-18,"sprzedaż B2B, business development, Zarządzanie kontami, negocjacje, analiza rynku, budowanie relacji, przygotowywanie ofert, prospecting"
Link Group,qualified,53.7,Business Development Manager (IT),ae_b2b_saas,84,b2b_inbound_outbound,Gdańsk,hybrid,,mid,rocketjobs.pl,https://rocketjobs.pl/oferta-pracy/link-group-business-development-manager-it--gdansk-sales-it-i-telekomunikacja,2026-09-15,"prawo jazdy kat. B, sprzedaż, sprzedaż B2B, obsługa klienta, branża IT"
Lobo Garage,qualified,53.7,Handlowiec – sprzedaż folii PPF i szkoleń z aplikacji folii,high_ticket_b2c,84,remote,Poznań,remote,5000-13500 PLN/month b2b,mid,rocketjobs.pl,https://rocketjobs.pl/oferta-pracy/lobo-garage-handlowiec---sprzedaz-folii-ppf-i-szkolen-z-aplikacji-folii-poznan-sales-motoryzacja-transport-e8cd4e9a,2026-08-19,"prawo jazdy kat. B, branża motoryzacyjna, sprzedaż"
LPW CONSULTING SP. Z O.O.,qualified,53.7,Specjalistkę / Specjalistę ds. sprzedaży B2G / B2B.,ae_b2b_saas,84,b2b_inbound_outbound,Katowice,hybrid,7000-13000 PLN/month b2b,senior,rocketjobs.pl,https://rocketjobs.pl/oferta-pracy/lpw-consulting-sp-z-o-o--specjalistka-specjalista-ds-sprzedazy-dofinansowan-i-projektow-katowice-sales-inne,2026-09-21,"prawo jazdy kat. B, sprzedaż, praca w zespole, praca z klientem"
Lumicode Sp. z o.o. (Pentacomp Group),qualified,53.7,Business Development Manager (Data & Analytics),ae_b2b_saas,84,b2b_inbound_outbound,Warszawa,hybrid,15120-20160 PLN/hour b2b,senior,rocketjobs.pl,https://rocketjobs.pl/oferta-pracy/lumicode-sp-z-o-o-pentacomp-group--business-development-manager-data-analytics--warszawa-sales-it-i-telekomunikacja,2026-09-18,"branża IT, B2B, account manager"
MM AGENCJA MARKETINGU EKOLOGICZNEGO,qualified,53.7,Specjalista / Specjalistka ds. Sprzedaży B2B,ae_b2b_saas,84,b2b_inbound_outbound,Warszawa,office,6500-10000 PLN/month permanent,mid,rocketjobs.pl,https://rocketjobs.pl/oferta-pracy/mm-agencja-marketingu-ekologicznego-specjalista-specjalistka-ds-sprzedazy-b2b-warszawa-sales-energia-srodowisko,2026-08-28,"sprzedaż, sprzedaż B2B"
MODERN DESIGN CONCEPTS,qualified,53.7,Handlowiec B2B/B2C w branży dóbr luksusowych - Pasjonat włoskiego designu,ae_b2b_saas,84,b2b_inbound_outbound,Warszawa,office,,senior,rocketjobs.pl,https://rocketjobs.pl/oferta-pracy/modern-design-concepts-handlowiec-b2b-b2c-w-branzy-dobr-luksusowych---pasjonat-wloskiego-designu-warszawa-sales-uslugi-profesjonalne,2026-09-13,"sprzedaż B2B, zarządzanie sprzedażą, marketing, AI, branża budowlana, branding, design, B2B marketing"
Ocean Poké,qualified,53.7,Business Development and Marketing Manager,ae_b2b_saas,84,b2b_inbound_outbound,Warszawa,hybrid,5000-10000 PLN/month b2b,mid,rocketjobs.pl,https://rocketjobs.pl/oferta-pracy/ocean-poke-business-development-and-marketing-manager-warszawa-sales-marketing-reklama-media,2026-09-25,"sprzedaż B2B, gastronomia, marketing"
Optim Human Sp. z o.o,qualified,53.7,Handlowiec/ Handlowczyni B2B – Branża Wnętrzarska,ae_b2b_saas,84,b2b_inbound_outbound,Warszawa,office,,mid,rocketjobs.pl,https://rocketjobs.pl/oferta-pracy/optim-human-sp-z-o-o-handlowiec-handlowczyni-b2b---branza-wnetrzarska-warszawa-sales-wyposazenie-domu,2026-09-15,"sprzedaż B2B, obsługa klienta, rynek wyposażenia wnętrz"
OTCF S.A.,qualified,53.7,Senior B2B Sales Specialist,ae_b2b_saas,84,b2b_inbound_outbound,Kraków,office,,senior,rocketjobs.pl,https://rocketjobs.pl/oferta-pracy/otcf-s-a--senior-b2b-sales-specialist-krakow-sales-odziez-i-akcesoria,2026-09-01,"sprzedaż B2B, język angielski, budowanie relacji, umiejętności negocjacyjne, Proaktywność, samodzielność"
Payback,qualified,53.7,Business Development Manager – Cashback as a Service (CaaS),ae_b2b_saas,84,b2b_inbound_outbound,Warszawa,hybrid,,senior,rocketjobs.pl,https://rocketjobs.pl/oferta-pracy/payback-business-development-manager---cashback-as-a-service-caas--warszawa-sales-it-i-telekomunikacja-3404cf50,2026-09-23,"sprzedaż B2B, sprzedaż, budowanie relacji"
Procivis AG,qualified,53.7,Business Development Manager CEE - Public Sector (remote in Eastern Europe),ae_b2b_saas,84,remote,Remote,remote,26247-34996 PLN b2b,Expert,nofluffjobs.com,https://nofluffjobs.com/pl/job/business-development-manager-cee-public-sector-remote-in-eastern-europe-procivis,2026-10-03,"B2G, Software sales, Public Sector Sales, IAM"
Property Group Sp. z o.o.,qualified,53.7,Doradca Klienta / Doradczyni Klienta,high_ticket_b2c,84,b2b_inbound_outbound,Warszawa,office,8000-8600 PLN/month permanent,mid,rocketjobs.pl,https://rocketjobs.pl/oferta-pracy/property-group-sp-z-o-o--doradca-klienta-doradczyni-klienta-warszawa-sales-it-i-telekomunikacja,2026-09-09,"sprzedaż B2B, Microsoft Office, obsługa klienta, sprzedaż doradcza"
Sii,qualified,53.7,Business Development Manager with German - Business Services (f/m/x),ae_b2b_saas,84,b2b_inbound_outbound,Gdańsk,office,,mid,rocketjobs.pl,https://rocketjobs.pl/oferta-pracy/sii-business-development-manager-with-german---business-services-f-m-x--gdansk-sales-it-i-telekomunikacja-cdeaf5fa,2026-08-21,sprzedaż B2B
SNI Consulting,qualified,53.7,Business Development Manager,ae_b2b_saas,84,b2b_inbound_outbound,Warszawa,hybrid,,mid,rocketjobs.pl,https://rocketjobs.pl/oferta-pracy/sni-consulting-business-development-manager-warszawa-sales-uslugi-profesjonalne-080b465a,2026-09-29,"branża IT, IT outsourcing, sprzedaż B2B, bodyleasing, IT outstaffing, sales, lead generation, new business development"
Solidstudio,qualified,53.7,Senior Sales Executive,ae_b2b_saas,84,b2b_inbound_outbound,Kraków,hybrid,15000-25000 PLN/month b2b,senior,rocketjobs.pl,https://rocketjobs.pl/oferta-pracy/solidstudio-senior-sales-executive-krakow-sales-energia-srodowisko-cb22d788,2026-10-02,"software sales, SaaS, account management, B2B Sales, project management, business development"
Szkoła języka angielskiego On the Spot,qualified,53.7,Specjalista ds. Sprzedaży w Szkole Językowej,high_ticket_b2c,84,remote,Kraków,remote,9000-16000 PLN/month b2b,mid,rocketjobs.pl,https://rocketjobs.pl/oferta-pracy/szkola-jezyka-angielskiego-on-the-spot-specjalista-ds-sprzedazy-w-szkole-jezykowej-krakow-sales-inne,2026-09-20,"sprzedaż, komunikatywność"
The Software House,qualified,53.7,Senior Business Development Manager,ae_b2b_saas,84,remote,Warszawa,remote,18000-22000 PLN/month b2b,senior,rocketjobs.pl,https://rocketjobs.pl/oferta-pracy/the-software-house-senior-business-development-manager-warszawa-sales-it-i-telekomunikacja-45c76810,2026-09-14,new business development
Tomczak Stanisławski,qualified,53.7,Business Development Manager / Doradca Klienta (B2B) (k/m/n),ae_b2b_saas,84,b2b_inbound_outbound,Poznań,hybrid,10000-25000 PLN/month b2b,manager,rocketjobs.pl,https://rocketjobs.pl/oferta-pracy/tomczak-stanislawski-business-development-manager-doradca-klienta-b2b-k-m-n--poznan-sales-marketing-reklama-media,2026-09-18,"account manager, sprzedaż B2B, zarządzanie sprzedażą, B2B marketing, digital marketing"
LocalZen,qualified,53.1,International Sales Specialist,sales_specialist,83,phone|remote|script_crm|b2b_inbound_outbound,Poznań,remote,12000-30000 PLN/month b2b,mid,rocketjobs.pl,https://rocketjobs.pl/oferta-pracy/localzen-international-sales-specialist-poznan-sales-it-i-telekomunikacja-35566af9,2026-08-20,"cold calling, prospecting, HubSpot, Google Slides, enterprise sales"
STEFCZYK FINANSE SPÓŁKA AKCYJNA,qualified,53.0,Starszy Opiekun Finansowy / Starsza Opiekunka Finansowa | Lubawa,account_mgmt,55,,Lubawa,office,,senior,rocketjobs.pl,https://rocketjobs.pl/oferta-pracy/stefczyk-finanse-spolka-akcyjna-starszy-opiekun-finansowy-starsza-opiekunka-finansowa-lubawa-lubawa-sales-finanse-bankowosc-ubezpieczenia,2026-09-30,"sprzedaż, obsługa klienta, obsługa komputera"
STEFCZYK FINANSE SPÓŁKA AKCYJNA,qualified,53.0,Starszy Opiekun Finansowy / Starsza Opiekunka Finansowa | Pleszew,account_mgmt,55,,Pleszew,office,,senior,rocketjobs.pl,https://rocketjobs.pl/oferta-pracy/stefczyk-finanse-spolka-akcyjna-starszy-opiekun-finansowy-starsza-opiekunka-finansowa-pleszew-pleszew-sales-finanse-bankowosc-ubezpieczenia,2026-09-30,"sprzedaż, obsługa klienta, obsługa komputera"
STEFCZYK FINANSE SPÓŁKA AKCYJNA,qualified,53.0,Starszy Opiekun Finansowy / Starsza Opiekunka Finansowa | Szamotuły,account_mgmt,55,,Szamotuły,office,,senior,rocketjobs.pl,https://rocketjobs.pl/oferta-pracy/stefczyk-finanse-spolka-akcyjna-starszy-opiekun-finansowy-starsza-opiekunka-finansowa-szamotuly-szamotuly-sales-finanse-bankowosc-ubezpieczenia,2026-09-30,"sprzedaż, obsługa klienta, obsługa komputera"
STEFCZYK FINANSE SPÓŁKA AKCYJNA,qualified,53.0,Starszy Opiekun Finansowy / Starsza Opiekunka Finansowa | Koszalin,account_mgmt,55,,Koszalin,office,,senior,rocketjobs.pl,https://rocketjobs.pl/oferta-pracy/stefczyk-finanse-spolka-akcyjna-starszy-opiekun-finansowy-starsza-opiekunka-finansowa-koszalin-koszalin-sales-finanse-bankowosc-ubezpieczenia,2026-09-30,"sprzedaż, obsługa klienta, obsługa komputera"
STEFCZYK FINANSE SPÓŁKA AKCYJNA,qualified,53.0,Starszy Opiekun Finansowy / Starsza Opiekunka Finansowa | Świebodzin,account_mgmt,55,,Świebodzin,office,,senior,rocketjobs.pl,https://rocketjobs.pl/oferta-pracy/stefczyk-finanse-spolka-akcyjna-starszy-opiekun-finansowy-starsza-opiekunka-finansowa-swiebodzin-swiebodzin-sales-finanse-bankowosc-ubezpieczenia,2026-09-30,"sprzedaż, obsługa klienta, obsługa komputera"
STEFCZYK FINANSE SPÓŁKA AKCYJNA,qualified,53.0,Starszy Opiekun Finansowy / Starsza Opiekunka Finansowa | Poznań,account_mgmt,55,,Poznań,office,,senior,rocketjobs.pl,https://rocketjobs.pl/oferta-pracy/stefczyk-finanse-spolka-akcyjna-starszy-opiekun-finansowy-starsza-opiekunka-finansowa-poznan-poznan-sales-finanse-bankowosc-ubezpieczenia,2026-09-30,"sprzedaż, obsługa klienta, obsługa komputera"
STEFCZYK FINANSE SPÓŁKA AKCYJNA,qualified,53.0,Starszy Opiekun Finansowy / Starsza Opiekunka Finansowa | Grodzisk Mazowiecki,account_mgmt,55,,Grodzisk Mazowiecki,office,,senior,rocketjobs.pl,https://rocketjobs.pl/oferta-pracy/stefczyk-finanse-spolka-akcyjna-starszy-opiekun-finansowy-starsza-opiekunka-finansowa-grodzisk-mazowiecki-grodzisk-mazowiecki-sales-finanse-bankowosc-ubezpieczenia,2026-09-30,"sprzedaż, obsługa klienta, obsługa komputera"
STEFCZYK FINANSE SPÓŁKA AKCYJNA,qualified,53.0,Starszy Opiekun Finansowy / Starsza Opiekunka Finansowa | Skierniewice,account_mgmt,55,,Skierniewice,office,,senior,rocketjobs.pl,https://rocketjobs.pl/oferta-pracy/stefczyk-finanse-spolka-akcyjna-starszy-opiekun-finansowy-starsza-opiekunka-finansowa-skierniewice-skierniewice-sales-finanse-bankowosc-ubezpieczenia,2026-09-30,"sprzedaż, obsługa klienta, obsługa komputera"
STEFCZYK FINANSE SPÓŁKA AKCYJNA,qualified,53.0,Starszy Opiekun Finansowy / Starsza Opiekunka Finansowa | Piotrków Trybunalski,account_mgmt,55,,Piotrków Trybunalski,office,,senior,rocketjobs.pl,https://rocketjobs.pl/oferta-pracy/stefczyk-finanse-spolka-akcyjna-starszy-opiekun-finansowy-starsza-opiekunka-finansowa-piotrkow-trybunalski-piotrkow-trybunalski-sales-finanse-bankowosc-ubezpieczenia,2026-09-30,"sprzedaż, obsługa klienta, obsługa komputera"
STEFCZYK FINANSE SPÓŁKA AKCYJNA,qualified,53.0,Starszy Opiekun Finansowy / Starsza Opiekunka Finansowa | Olsztyn,account_mgmt,55,,Olsztyn,office,,senior,rocketjobs.pl,https://rocketjobs.pl/oferta-pracy/stefczyk-finanse-spolka-akcyjna-starszy-opiekun-finansowy-starsza-opiekunka-finansowa-olsztyn-olsztyn-sales-finanse-bankowosc-ubezpieczenia,2026-09-30,"sprzedaż, obsługa klienta, obsługa komputera"
STEFCZYK FINANSE SPÓŁKA AKCYJNA,qualified,53.0,Starszy Opiekun Finansowy / Starsza Opiekunka Finansowa | Wołomin,account_mgmt,55,,Wołomin,office,,senior,rocketjobs.pl,https://rocketjobs.pl/oferta-pracy/stefczyk-finanse-spolka-akcyjna-starszy-opiekun-finansowy-starsza-opiekunka-finansowa-wolomin-wolomin-sales-finanse-bankowosc-ubezpieczenia,2026-09-30,"sprzedaż, obsługa klienta, obsługa komputera"
STEFCZYK FINANSE SPÓŁKA AKCYJNA,qualified,53.0,Starszy Opiekun Finansowy / Starsza Opiekunka Finansowa | Łódź,account_mgmt,55,,Łódź,office,,senior,rocketjobs.pl,https://rocketjobs.pl/oferta-pracy/stefczyk-finanse-spolka-akcyjna-starszy-opiekun-finansowy-starsza-opiekunka-finansowa-lodz-lodz-sales-finanse-bankowosc-ubezpieczenia,2026-09-30,"sprzedaż, obsługa klienta, obsługa komputera"
STEFCZYK FINANSE SPÓŁKA AKCYJNA,qualified,53.0,Starszy Opiekun Finansowy / Starsza Opiekunka Finansowa | Otwock,account_mgmt,55,,Otwock,office,,senior,rocketjobs.pl,https://rocketjobs.pl/oferta-pracy/stefczyk-finanse-spolka-akcyjna-starszy-opiekun-finansowy-starsza-opiekunka-finansowa-otwock-otwock-sales-finanse-bankowosc-ubezpieczenia,2026-09-30,"sprzedaż, obsługa klienta, obsługa komputera"
STEFCZYK FINANSE SPÓŁKA AKCYJNA,qualified,53.0,Starszy Opiekun Finansowy / Starsza Opiekunka Finansowa | Mrągowo,account_mgmt,55,,Mrągowo,office,,senior,rocketjobs.pl,https://rocketjobs.pl/oferta-pracy/stefczyk-finanse-spolka-akcyjna-starszy-opiekun-finansowy-starsza-opiekunka-finansowa-mragowo-mragowo-sales-finanse-bankowosc-ubezpieczenia,2026-09-30,"sprzedaż, obsługa klienta, obsługa komputera"
STEFCZYK FINANSE SPÓŁKA AKCYJNA,qualified,53.0,Starszy Opiekun Finansowy / Starsza Opiekunka Finansowa | Warszawa,account_mgmt,55,,Warszawa,office,,senior,rocketjobs.pl,https://rocketjobs.pl/oferta-pracy/stefczyk-finanse-spolka-akcyjna-starszy-opiekun-finansowy-starsza-opiekunka-finansowa-warszawa-warszawa-sales-finanse-bankowosc-ubezpieczenia-8eab7ab7,2026-09-30,"sprzedaż, obsługa klienta, obsługa komputera"
STEFCZYK FINANSE SPÓŁKA AKCYJNA,qualified,53.0,Starszy Opiekun Finansowy / Starsza Opiekunka Finansowa | Kędzierzyn-Koźle,account_mgmt,55,,Kędzierzyn-Koźle,office,,senior,rocketjobs.pl,https://rocketjobs.pl/oferta-pracy/stefczyk-finanse-spolka-akcyjna-starszy-opiekun-finansowy-starsza-opiekunka-finansowa-kedzierzyn-kozle-kedzierzyn-kozle-sales-finanse-bankowosc-ubezpieczenia,2026-09-30,"sprzedaż, obsługa klienta, obsługa komputera"
STEFCZYK FINANSE SPÓŁKA AKCYJNA,qualified,53.0,Starszy Opiekun Finansowy / Starsza Opiekunka Finansowa | Bielsko - Biała,account_mgmt,55,,Bielsko-Biała,office,,senior,rocketjobs.pl,https://rocketjobs.pl/oferta-pracy/stefczyk-finanse-spolka-akcyjna-starszy-opiekun-finansowy-starsza-opiekunka-finansowa-bielsko---biala-bielsko-biala-sales-finanse-bankowosc-ubezpieczenia,2026-09-30,"sprzedaż, obsługa klienta, obsługa komputera"
STEFCZYK FINANSE SPÓŁKA AKCYJNA,qualified,53.0,Starszy Opiekun Finansowy / Starsza Opiekunka Finansowa | Lubin,account_mgmt,55,,Lubin,office,,senior,rocketjobs.pl,https://rocketjobs.pl/oferta-pracy/stefczyk-finanse-spolka-akcyjna-starszy-opiekun-finansowy-starsza-opiekunka-finansowa-lubin-lubin-sales-finanse-bankowosc-ubezpieczenia,2026-09-30,"sprzedaż, obsługa klienta, obsługa komputera"
STEFCZYK FINANSE SPÓŁKA AKCYJNA,qualified,53.0,Starszy Opiekun Finansowy / Starsza Opiekunka Finansowa | Krapkowice,account_mgmt,55,,Krapkowice,office,,senior,rocketjobs.pl,https://rocketjobs.pl/oferta-pracy/stefczyk-finanse-spolka-akcyjna-starszy-opiekun-finansowy-starsza-opiekunka-finansowa-krapkowice-krapkowice-sales-finanse-bankowosc-ubezpieczenia,2026-09-30,"sprzedaż, obsługa klienta, obsługa komputera"
STEFCZYK FINANSE SPÓŁKA AKCYJNA,qualified,53.0,Starszy Opiekun Finansowy / Starsza Opiekunka Finansowa | Zabrze,account_mgmt,55,,Zabrze,office,,senior,rocketjobs.pl,https://rocketjobs.pl/oferta-pracy/stefczyk-finanse-spolka-akcyjna-starszy-opiekun-finansowy-starsza-opiekunka-finansowa-zabrze-zabrze-sales-finanse-bankowosc-ubezpieczenia,2026-09-30,"sprzedaż, obsługa klienta, obsługa komputera"
STEFCZYK FINANSE SPÓŁKA AKCYJNA,qualified,53.0,Starszy Opiekun Finansowy / Starsza Opiekunka Finansowa | Cieszyn,account_mgmt,55,,Cieszyn,office,,senior,rocketjobs.pl,https://rocketjobs.pl/oferta-pracy/stefczyk-finanse-spolka-akcyjna-starszy-opiekun-finansowy-starsza-opiekunka-finansowa-cieszyn-cieszyn-sales-finanse-bankowosc-ubezpieczenia,2026-09-30,"sprzedaż, obsługa klienta, obsługa komputera"
STEFCZYK FINANSE SPÓŁKA AKCYJNA,qualified,53.0,Starszy Opiekun Finansowy / Starsza Opiekunka Finansowa | Jastrzębie Zdrój,account_mgmt,55,,Jastrzębie-Zdrój,office,,senior,rocketjobs.pl,https://rocketjobs.pl/oferta-pracy/stefczyk-finanse-spolka-akcyjna-starszy-opiekun-finansowy-starsza-opiekunka-finansowa-jastrzebie-zdroj-jastrzebie-zdroj-sales-finanse-bankowosc-ubezpieczenia,2026-09-30,"sprzedaż, obsługa klienta, obsługa komputera"
STEFCZYK FINANSE SPÓŁKA AKCYJNA,qualified,53.0,Starszy Opiekun Finansowy / Starsza Opiekunka Finansowa | Pszczyna,account_mgmt,55,,Pszczyna,office,,senior,rocketjobs.pl,https://rocketjobs.pl/oferta-pracy/stefczyk-finanse-spolka-akcyjna-starszy-opiekun-finansowy-starsza-opiekunka-finansowa-pszczyna-pszczyna-sales-finanse-bankowosc-ubezpieczenia,2026-09-30,"sprzedaż, obsługa klienta, obsługa komputera"
STEFCZYK FINANSE SPÓŁKA AKCYJNA,qualified,53.0,Starszy Opiekun Finansowy / Starsza Opiekunka Finansowa | Krosno,account_mgmt,55,,Krosno,office,,senior,rocketjobs.pl,https://rocketjobs.pl/oferta-pracy/stefczyk-finanse-spolka-akcyjna-starszy-opiekun-finansowy-starsza-opiekunka-finansowa-krosno-krosno-sales-finanse-bankowosc-ubezpieczenia,2026-09-30,"sprzedaż, obsługa klienta, obsługa komputera"
STEFCZYK FINANSE SPÓŁKA AKCYJNA,qualified,53.0,Starszy Opiekun Finansowy / Starsza Opiekunka Finansowa | Jaworzno,account_mgmt,55,,Jaworzno,office,,senior,rocketjobs.pl,https://rocketjobs.pl/oferta-pracy/stefczyk-finanse-spolka-akcyjna-starszy-opiekun-finansowy-starsza-opiekunka-finansowa-jaworzno-jaworzno-sales-finanse-bankowosc-ubezpieczenia,2026-09-30,"sprzedaż, obsługa klienta, obsługa komputera"
STEFCZYK FINANSE SPÓŁKA AKCYJNA,qualified,53.0,Starszy Opiekun Finansowy / Starsza Opiekunka Finansowa | Kwidzyn,account_mgmt,55,,Kwidzyn,office,,senior,rocketjobs.pl,https://rocketjobs.pl/oferta-pracy/stefczyk-finanse-spolka-akcyjna-starszy-opiekun-finansowy-starsza-opiekunka-finansowa-kwidzyn-kwidzyn-sales-finanse-bankowosc-ubezpieczenia,2026-09-30,"sprzedaż, obsługa klienta, obsługa komputera"
STEFCZYK FINANSE SPÓŁKA AKCYJNA,qualified,53.0,Starszy Opiekun Finansowy / Starsza Opiekunka Finansowa | Kościerzyna,account_mgmt,55,,Kościerzyna,office,,senior,rocketjobs.pl,https://rocketjobs.pl/oferta-pracy/stefczyk-finanse-spolka-akcyjna-starszy-opiekun-finansowy-starsza-opiekunka-finansowa-koscierzyna-koscierzyna-sales-finanse-bankowosc-ubezpieczenia,2026-09-30,"sprzedaż, obsługa klienta, obsługa komputera"
STEFCZYK FINANSE SPÓŁKA AKCYJNA,qualified,53.0,Starszy Opiekun Finansowy / Starsza Opiekunka Finansowa | Żnin,account_mgmt,55,,Żnin,office,,senior,rocketjobs.pl,https://rocketjobs.pl/oferta-pracy/stefczyk-finanse-spolka-akcyjna-starszy-opiekun-finansowy-starsza-opiekunka-finansowa-znin-znin-sales-finanse-bankowosc-ubezpieczenia-85eb91e0,2026-09-30,"sprzedaż, obsługa klienta, obsługa komputera"
STEFCZYK FINANSE SPÓŁKA AKCYJNA,qualified,53.0,Starszy Opiekun Finansowy / Starsza Opiekunka Finansowa | Gdańsk,account_mgmt,55,,Gdańsk,office,,senior,rocketjobs.pl,https://rocketjobs.pl/oferta-pracy/stefczyk-finanse-spolka-akcyjna-starszy-opiekun-finansowy-starsza-opiekunka-finansowa-gdansk-gdansk-sales-finanse-bankowosc-ubezpieczenia,2026-09-30,"sprzedaż, obsługa klienta, obsługa komputera"
STEFCZYK FINANSE SPÓŁKA AKCYJNA,qualified,53.0,Lider / Liderka Sprzedaży (hipoteki) | Warszawa,generic_sales,50,,Warszawa,hybrid,,manager,rocketjobs.pl,https://rocketjobs.pl/oferta-pracy/stefczyk-finanse-spolka-akcyjna-lider-liderka-sprzedazy-hipoteki-warszawa-warszawa-sales-finanse-bankowosc-ubezpieczenia,2026-09-30,"sprzedaż, bankowość, Sprzedaż produktów hipotecznych, rynek nieruchomości, finanse, Microsoft Office"
ABAKON BD Sp. z o.o.,qualified,52.3,Specjalista / Specjalistka ds. sprzedaży domów,sales_specialist,76,video_calls|junior_ramp|b2b_inbound_outbound,Poznań,Stacjonarna,5 000 - 12 000 zł / mies. (w zal. od umowy),Młodszy specjalista / młodsza specjalistka (junior) / specjalista / specjalistka (mid) / starszy specjalista / starsza specjalistka (senior),praca.pl,https://www.praca.pl/specjalista-specjalistka-ds-sprzedazy-domow_11449003.html,10 dni temu,"Godziny: 6-8; Współpraca: B2B, zlecenie; Co będzie należeć do Twoich obowiązków? prezentacja produktów i rozwiązań z zakresu budowy domu z prefabrykatów keramzytowych, prowadzenie spotkań z klientami i negocjowanie warunków umów, realizacja celów sprzedażowych, dbanie o pozytywne relacje z klientem."
ABAKON BD Sp. z o.o.,qualified,52.3,Specjalista / Specjalistka ds. Sprzedaży,sales_specialist,72,video_calls|junior_ramp,Poznań,Stacjonarna,5 000 - 12 000 zł / mies. (w zal. od umowy),Młodszy specjalista / młodsza specjalistka (junior) / specjalista / specjalistka (mid) / starszy specjalista / starsza specjalistka (senior),praca.pl,https://www.praca.pl/specjalista-specjalistka-ds-sprzedazy_11449009.html,8 dni temu,Zakres Obowiązków Prezentacja produktów i rozwiązań dotyczących budowy domów z prefabrykatów keramzytowych. Prowadzenie spotkań z klientami oraz negocjacje warunków umów. Aktywna realizacja wyznaczonych celów sprzedażowych. Dbanie o budowanie i utrzymywanie pozytywnych relacji z klientami.
PORTOS TR7 sp. z o.o.,qualified,52.3,Młodszy specjalista ds sprzedaży hurtowej (M/K/N),sales_specialist,76,phone|junior_ramp,Kuchary,Stacjonarna,,Młodszy specjalista / młodsza specjalistka (junior),praca.pl,https://www.praca.pl/mlodszy-specjalista-ds-sprzedazy-hurtowej-m-k-n_11467969.html,5 dni temu,"Opis stanowiska: Aktywne pozyskiwanie nowych klientów biznesowych; Kompleksowa obsługa klienta – telefoniczna, mailowa; Budowanie długotrwałych relacji z Klientem; Współpraca w zakresie działań marketingowych; Prowadzenie komunikacji aż do rozpoczęcia współpracy; Tworzenie i wysyłka..."
PORTOS TR7 sp. z o.o.,qualified,52.3,Młodszy Specjalista / Młodsza Specjalistka ds. Handlowych (M/K/N),generic_sales,66,phone|junior_ramp,Kuchary,Stacjonarna,,Młodszy specjalista / młodsza specjalistka (junior),praca.pl,https://www.praca.pl/mlodszy-specjalista-mlodsza-specjalistka-ds-handlowych-m-k-n_11468485.html,3 dni temu,Zakres obowiązków: wyszukiwanie i aktywne nawiązywanie kontaktu z nowymi klientami biznesowymi; telefoniczna i mailowa obsługa potencjalnych oraz obecnych klientów; rozwijanie relacji i budowanie podstaw do długoterminowej współpracy; prowadzenie komunikacji z klientem na kolejnych etapach...
General Logistics Systems,disqualified,51.7,Specjalista ds. Sprzedaży (M/K),sales_specialist,64,b2b_inbound_outbound,Płock,mobile,,mid,rocketjobs.pl,https://rocketjobs.pl/oferta-pracy/general-logistics-systems-specjalista-ds-sprzedazy-m-k--plock-sales-uslugi-profesjonalne,2026-09-02,"negocjacje, sprzedaż B2B, Organizacja pracy własnej, sprzedaż B2C"
General Logistics Systems,disqualified,51.7,Specjalista ds. Sprzedaży (M/K),sales_specialist,64,b2b_inbound_outbound,Warszawa,mobile,,mid,rocketjobs.pl,https://rocketjobs.pl/oferta-pracy/general-logistics-systems-specjalista-ds-sprzedazy-m-k--warszawa-sales-uslugi-profesjonalne,2026-09-02,"negocjacje, sprzedaż B2B, Organizacja pracy własnej, sprzedaż B2C"
General Logistics Systems,disqualified,51.7,Specjalista ds. Sprzedaży (M/K),sales_specialist,64,b2b_inbound_outbound,Radom,mobile,,mid,rocketjobs.pl,https://rocketjobs.pl/oferta-pracy/general-logistics-systems-specjalista-ds-sprzedazy-m-k--radom-sales-uslugi-profesjonalne,2026-09-02,"negocjacje, sprzedaż B2B, Organizacja pracy własnej, sprzedaż B2C"
General Logistics Systems,disqualified,51.7,Specjalista ds. Sprzedaży (M/K),sales_specialist,64,b2b_inbound_outbound,Stryków,mobile,,mid,rocketjobs.pl,https://rocketjobs.pl/oferta-pracy/general-logistics-systems-specjalista-ds-sprzedazy-m-k--strykow-sales-uslugi-profesjonalne,2026-09-02,"negocjacje, sprzedaż B2B, Organizacja pracy własnej, sprzedaż B2C"
WhitePress,qualified,51.4,Sales Specialist,sales_specialist,69,script_crm|b2b_inbound_outbound,Bielsko-Biała,office,5000-6000 PLN/month permanent,mid,rocketjobs.pl,https://rocketjobs.pl/oferta-pracy/whitepress-sales-specialist-bielsko-biala-sales-marketing-reklama-media-af9f4cf7,2026-09-29,"sprzedaż, Google Workspace, sprzedaż B2B, samodzielność, CRM"
WhitePress,qualified,51.4,Specjalista ds. Sprzedaży z językiem Francuskim,sales_specialist,64,remote,Bielsko-Biała,remote,7000-8500 PLN/month any,mid,rocketjobs.pl,https://rocketjobs.pl/oferta-pracy/whitepress-specjalista-ds-sprzedazy-z-jezykiem-francuskim-bielsko-biala-sales-marketing-reklama-media,2026-07-06,"francuski, sprzedaż"
WhitePress,qualified,51.4,Sales Specialist with Spanish,sales_specialist,64,b2b_inbound_outbound,Bielsko-Biała,hybrid,7000-8500 PLN/month any,mid,rocketjobs.pl,https://rocketjobs.pl/oferta-pracy/whitepress-sales-specialist-with-spanish-bielsko-biala-sales-marketing-reklama-media,2026-09-15,"sprzedaż, samodzielność, sprzedaż B2B"
AGS Engineering s.r.o.,qualified,51.3,Menedżer ds. Rozwoju (Business Development Manager),ae_b2b_saas,80,,Warszawa,Mobilna,10 000 - 15 000 zł / mies. (w zal. od umowy),,praca.pl,https://www.praca.pl/menedzer-ds-rozwoju-business-development-manager_11498170.html,11 dni temu,"Key Responsibilities: Drive new business development in Poland and business-linked markets. Identify and secure opportunities within the injection moulding industry. Build and manage long-term client relationships. Negotiate and close commercial agreements. Conduct market research, competitor..."
APT Inter Perspektywa Sp. z o.o.,qualified,51.3,Doradca klienta biznesowego ds. pracy tymczasowej (k/m),high_ticket_b2c,80,,Olsztyn,Stacjonarna,,Specjalista / specjalistka (mid) / starszy specjalista / starsza specjalistka (senior),praca.pl,https://www.praca.pl/doradca-klienta-biznesowego-ds-pracy-tymczasowej-k-m_11529160.html,wczoraj,"Opis stanowiska aktywne docieranie do nowych klientów biznesowych zainteresowanych usługami rekrutacyjnymi i outsourcingowymi, prowadzenie rozmów handlowych oraz negocjowanie warunków współpracy z partnerami biznesowymi, przygotowywanie ofert i doprowadzanie procesu sprzedaży do podpisania..."
Beesafe,qualified,51.3,Specjalista / Specjalistka ds. Sprzedaży Ubezpieczeń,high_ticket_b2c,80,,"Warsaw, Mazowieckie, Poland",hybrid,4800-12000 PLN/month permanent,mid,rocketjobs.pl,https://rocketjobs.pl/oferta-pracy/beesafe-specjalista-specjalistka-ds-sprzedazy-ubezpieczen-warsaw-mazowieckie-poland-sales-finanse-bankowosc-ubezpieczenia-f77e754f,2026-08-10,"sprzedaż, branża ubezpieczeniowa, Obsługa czatu"
Bridgestone SSC,qualified,51.3,Młodszy Specjalista / Młodsza Specjalistka ds. windykacji i kontroli kredytowej,high_ticket_b2c,80,,Poznań,Hybrydowa,,,praca.pl,https://www.praca.pl/mlodszy-specjalista-mlodsza-specjalistka-ds-windykacji-i-kontroli-kredytowej_11533600.html,22 godzin temu,"Opis stanowiska: Zapewnienie sprawnego i dokładnego przebiegu procesów spływu należności oraz kontroli kredytowej. Weryfikowanie, wyjaśnianie i prowadzenie kont klientów oraz rozliczanie zaległości. Monitorowanie przeterminowanych płatności oraz podejmowanie działań w celu ich..."
Delante Marketing Sp. z o.o.,qualified,51.3,Key Account & Partnership Manager,ae_b2b_saas,80,,Kraków,hybrid,,mid,rocketjobs.pl,https://rocketjobs.pl/oferta-pracy/delante-marketing-sp-z-o-o--key-account-partnership-manager-krakow-sales-marketing-reklama-media,2026-09-15,"account manager, marketing, sprzedaż, SEO, SEM"
Grupa Deweloperska MEGAPOLIS,qualified,51.3,Specjalista / Specjalistka ds. Ubezpieczeń Komunikacyjnych,high_ticket_b2c,80,,Kraków,office,,mid,rocketjobs.pl,https://rocketjobs.pl/oferta-pracy/grupa-deweloperska-megapolis-specjalista-specjalistka-ds-ubezpieczen-komunikacyjnych-krakow-sales-finanse-bankowosc-ubezpieczenia,2026-08-11,"Microsoft Office, sprzedaż, obsługa klienta"
DF Grupa PGD,qualified,51.3,Specjalista ds. Ubezpieczeń Komunikacyjnych (k/m),high_ticket_b2c,80,,Warszawa,office,,mid,rocketjobs.pl,https://rocketjobs.pl/oferta-pracy/df-grupa-pgd-specjalista-ds-ubezpieczen-komunikacyjnych-k-m--warszawa-sales-finanse-bankowosc-ubezpieczenia,2026-08-21,"ubezpieczenia, Microsoft Office, obsługa klienta, sprzedaż, negocjacje"
DOMOWSKAZ NIERUCHOMOŚCI,qualified,51.3,Specjalista ds. Nieruchomości,high_ticket_b2c,80,,Katowice,hybrid,15000-45000 PLN/month b2b,mid,rocketjobs.pl,https://rocketjobs.pl/oferta-pracy/domowskaz-nieruchomosci-specjalista-ds-nieruchomosci-katowice-sales-nieruchomosci-budownictwo,2026-09-16,"doświadczenie w sprzedaży, obsługa klienta, Umiejętność pracy w zespole, Odporność na presję czasu, nienaganna prezencja, wykształcenie minimum średnie, prawo jazdy kat. B, Chęć osiągnięcia sukcesu"
Erkado sp. z o.o.,qualified,51.3,Doradca techniczny ds. współpracy z architektami (K/M),high_ticket_b2c,80,,Warszawa,mobile,,senior,rocketjobs.pl,https://rocketjobs.pl/oferta-pracy/erkado-sp-z-o-o--doradca-techniczny-ds-wspolpracy-z-architektami-k-m--warszawa-sales-wyposazenie-domu,2026-08-15,"zarządzanie sprzedażą, obsługa klienta, prawo jazdy kat. B"
Firma Handlowa Auto-Center Spółka Z O.O.,qualified,51.3,Doradca / Doradczyni Handlowa ds. Klientów Kluczowych (Branża Oponiarska),high_ticket_b2c,80,,Gdynia,Mobilna,7 000 - 10 000 zł netto (+VAT)/mies.,,praca.pl,https://www.praca.pl/doradca-doradczyni-handlowa-ds-klientow-kluczowych-branza-oponiarska_11506486.html,4 dni temu,"Opis stanowiska: Identyfikowanie potencjału rynkowego oraz pozyskiwanie nowych partnerów biznesowych w sektorze transportowym, flotowym i przemysłowym w regionie pomorskim. Prowadzenie rozmów handlowych, dopasowywanie warunków współpracy oraz domykanie kontraktów długoterminowych. Doradztwo..."
Holcim Polska S.A,qualified,51.3,Przedstawiciel techniczno-handlowy / Przedstawicielka techniczno-handlowa ds. inwestycji,high_ticket_b2c,80,,Warszawa,Mobilna,,,praca.pl,https://www.praca.pl/przedstawiciel-techniczno-handlowy-przedstawicielka-techniczno-handlowa-ds-inwestycji_11476315.html,3 dni temu,"Zakres obowiązków: Aktywne wyszukiwanie inwestycji budowlanych na terenie województwa mazowieckiego. Budowanie od podstaw sieci kontaktów z inwestorami, deweloperami, architektami oraz firmami wykonawczymi. Rozwijanie długofalowych relacji z obecnymi i nowymi partnerami biznesowymi. Doradztwo..."
JOANNA GRUDKOWSKA UBEZPIECZENIA,qualified,51.3,Doradca Finansowy,high_ticket_b2c,80,,Olsztyn,hybrid,5000-15000 PLN/month b2b,mid,rocketjobs.pl,https://rocketjobs.pl/oferta-pracy/joanna-grudkowska-ubezpieczenia-doradca-finansowy-olsztyn-sales-finanse-bankowosc-ubezpieczenia,2026-09-30,"doświadczenie w sprzedaży, finanse"
KCharles Haulage,qualified,51.3,Sales Executive,ae_b2b_saas,80,,Warszawa,hybrid,,mid,rocketjobs.pl,https://rocketjobs.pl/oferta-pracy/kcharles-haulage-sales-executive-warszawa-sales-motoryzacja-transport-a1dfa0b2,2026-08-12,sprzedaż
MS Consulting,qualified,51.3,Koordynator ds. adaptacji inwestycji i zmian lokatorskich,high_ticket_b2c,80,,Warszawa,,11000.0-13000.0 PLN b2b,Mid,nofluffjobs.com,https://nofluffjobs.com/pl/job/koordynator-ds-adaptacji-inwestycji-i-zmian-lokatorskich-ms-consulting-warszawa,2026-10-03,pl
MUSCAT,qualified,51.3,Doradca | Doradczyni klienta,high_ticket_b2c,80,,Warszawa,office,,mid,rocketjobs.pl,https://rocketjobs.pl/oferta-pracy/muscat-doradca-doradczyni-klienta-warszawa-sales-odziez-i-akcesoria,2026-09-24,"sprzedaż, doradztwo"
Grupa PGD Sp. z o.o.,qualified,51.3,Specjalista ds. Produktów Finansowych i Ubezpieczeń (k/m),high_ticket_b2c,80,,Warszawa,office,,mid,rocketjobs.pl,https://rocketjobs.pl/oferta-pracy/grupa-pgd-sp-z-o-o--specjalista-ds-produktow-finansowych-i-ubezpieczen-k-m--warszawa-sales-motoryzacja-transport,2026-10-01,"prawo jazdy kat. B, sprzedaż, obsługa klienta"
REMONDIS Północ Sp. z o.o.,qualified,51.3,Doradca Handlowy,high_ticket_b2c,80,,Trójmiasto,Mobilna,,,praca.pl,https://www.praca.pl/doradca-handlowy_11524603.html,wczoraj,Pozyskiwanie nowych klientów; Opracowanie ofert handlowych; Negocjowanie umów handlowych; Nadzór nad realizacją umów oraz bieżąca współpraca z innymi działami firm; Realizacja założonego planu sprzedaży; Współpraca z bezpośrednim przełożonym;
SEKA S.A.,qualified,51.3,Specjalista/ka ds. szkoleń i sprzedaży,high_ticket_b2c,80,,Katowice,office,,mid,rocketjobs.pl,https://rocketjobs.pl/oferta-pracy/seka-s-a--specjalista-ka-ds-szkolen-i-sprzedazy-katowice-sales-uslugi-profesjonalne,2026-07-24,"sprzedaż, obsługa klienta, komunitatywność"
Skoda Dobroń,qualified,51.3,Doradca ds. sprzedaży samochodów nowych (m/k) Skoda Dobroń,high_ticket_b2c,80,,Dobroń,office,,mid,rocketjobs.pl,https://rocketjobs.pl/oferta-pracy/skoda-dobron-doradca-ds-sprzedazy-samochodow-nowych-m-k-skoda-dobron-dobron-sales-motoryzacja-transport,2026-10-01,"branża motoryzacyjna, sprzedaż"
SOFLAB TECHNOLOGY,qualified,51.3,Business Development Manager,ae_b2b_saas,80,,Warszawa,hybrid,10000-13000 PLN/month b2b,mid,rocketjobs.pl,https://rocketjobs.pl/oferta-pracy/soflab-technology-business-development-manager-warszawa-sales-it-i-telekomunikacja-5bbdb735,2026-09-09,"sprzedaż usług IT, komunikatywność, prospecting, samodzielność"
Talent Partners,disqualified,51.3,Doradca Techniczno-Handlowy (m/k),high_ticket_b2c,80,,Łódź,mobile,,mid,rocketjobs.pl,https://rocketjobs.pl/oferta-pracy/talent-partners-doradca-techniczno-handlowy-m-k--lodz-sales-kosmetyki-chemia-78d3184c,2026-09-28,sprzedaż
Trustark Human Solutions,qualified,51.3,Doradca Techniczno-Handlowy (m/k),high_ticket_b2c,80,,Opole,,8000.0-12000.0 PLN permanent,Mid,nofluffjobs.com,https://nofluffjobs.com/pl/job/doradca-techniczno-handlowy-m-k-trustark-human-solutions-opole,2026-09-30,"Driving license, HVAC, MS Office, pl"
Urząd Miasta Kołobrzeg,qualified,51.3,Stanowisko ds. sprzedaży i regulacji stanów prawnych w wydziale gospodarki nieruchomościami,high_ticket_b2c,80,,Kołobrzeg,Stacjonarna,,,praca.pl,https://www.praca.pl/stanowisko-ds-sprzedazy-i-regulacji-stanow-prawnych-w-wydziale-gospodarki-nieruchomosciami_11518759.html,4 dni temu,
ASENA Group,qualified,51.1,Handlowiec / Sprzedaż Usług Transportowych ,sales_specialist,74,phone|b2b_inbound_outbound,Białystok,,7500.0-15000.0 PLN permanent,Mid,nofluffjobs.com,https://nofluffjobs.com/pl/job/handlowiec-sprzedaz-uslug-transportowych-asena-group-bialystok,2026-10-02,"Sprzedaż, Komunikatywność, Pozyskiwanie klientów, Cold calls"
ASENA Group,qualified,51.1,Handlowiec / Spedytor / Asystent spedytora,sales_specialist,66,junior_ramp,Białystok,,5000.0-10000.0 PLN permanent,Junior,nofluffjobs.com,https://nofluffjobs.com/pl/job/handlowiec-spedytor-asystent-spedytora-asena-group-bialystok,2026-10-02,"Sprzedaż, Spedycja, -, en"
Orange Polska,disqualified,51.1,Account Manager - Portfel Klientów Korporacyjnych Wrocław,account_mgmt,63,remote|b2b_inbound_outbound,Wrocław,remote,,mid,rocketjobs.pl,https://rocketjobs.pl/oferta-pracy/orange-polska-account-manager---portfel-klientow-korporacyjnych-wroclaw-wroclaw-sales-it-i-telekomunikacja,2026-07-10,"sprzedaż, obsługa klienta, sprzedaż B2B"
Orange Polska,disqualified,51.1,Account Manager – Portfel Klientów Korporacyjnych (Łódź),account_mgmt,59,b2b_inbound_outbound,Łódź,mobile,,mid,rocketjobs.pl,https://rocketjobs.pl/oferta-pracy/orange-polska-account-manager---portfel-klientow-korporacyjnych-lodz-sales-it-i-telekomunikacja-908c48cb,2026-07-24,"sprzedaż B2B, obsługa klienta, sprzedaż"
Orange Polska,disqualified,51.1,Account Manager - Portfel Klientów Korporacyjnych Warszawa,account_mgmt,59,b2b_inbound_outbound,Warszawa,mobile,,mid,rocketjobs.pl,https://rocketjobs.pl/oferta-pracy/orange-polska-account-manager---portfel-klientow-korporacyjnych-warszawa-warszawa-sales-it-i-telekomunikacja,2026-08-06,"sprzedaż B2B, obsługa klienta, sprzedaż"
Orange Polska,disqualified,51.1,Account Manager – Portfel Instytucji Publicznych (Szczecin),account_mgmt,55,,Szczecin,mobile,,mid,rocketjobs.pl,https://rocketjobs.pl/oferta-pracy/orange-polska-account-manager---portfel-instytucji-publicznych-szczecin--szczecin-sales-it-i-telekomunikacja,2026-09-22,"sprzedaż, Sektor publiczny, ict, iot, cybersecurity, branża IT, budowanie relacji"
Kaeser Kompressoren Sp. z o.o.,qualified,50.3,Przedstawiciel Techniczno-Handlowy (K/M),generic_sales,56,video_calls,Lublin,mobile,,mid,rocketjobs.pl,https://rocketjobs.pl/oferta-pracy/kaeser-kompressoren-sp-z-o-o--przedstawiciel-techniczno-handlowy-k-m--lublin-sales-uslugi-profesjonalne,2026-09-03,"wykształcenie techniczne, prawo jazdy kat. B, umiejętność organizacji pracy, Umiejętność negocjacji, prezentacja produktów"
Kaeser Kompressoren Sp. z o.o.,qualified,50.3,Przedstawiciel Techniczno-Handlowy (K/M),generic_sales,56,video_calls,Częstochowa,mobile,,mid,rocketjobs.pl,https://rocketjobs.pl/oferta-pracy/kaeser-kompressoren-sp-z-o-o--przedstawiciel-techniczno-handlowy-k-m--czestochowa-sales-uslugi-profesjonalne,2026-09-03,"wykształcenie techniczne, prawo jazdy kat. B, umiejętność organizacji pracy, Umiejętność negocjacji, prezentacja produktów"
Kaeser Kompressoren Sp. z o.o.,qualified,50.3,Przedstawiciel Techniczno-Handlowy (K/M),generic_sales,56,video_calls,Wrocław,mobile,,mid,rocketjobs.pl,https://rocketjobs.pl/oferta-pracy/kaeser-kompressoren-sp-z-o-o--przedstawiciel-techniczno-handlowy-k-m--wroclaw-sales-uslugi-profesjonalne,2026-09-03,"wykształcenie techniczne, prawo jazdy kat. B, umiejętność organizacji pracy, Umiejętność negocjacji, prezentacja produktów"
Kaeser Kompressoren Sp. z o.o.,qualified,50.3,Przedstawiciel Techniczno-Handlowy (K/M),generic_sales,56,video_calls,Radom,mobile,,mid,rocketjobs.pl,https://rocketjobs.pl/oferta-pracy/kaeser-kompressoren-sp-z-o-o--przedstawiciel-techniczno-handlowy-k-m--radom-sales-uslugi-profesjonalne,2026-09-03,"wykształcenie techniczne, prawo jazdy kat. B, umiejętność organizacji pracy, Umiejętność negocjacji, prezentacja produktów"
Kaeser Kompressoren Sp. z o.o.,qualified,50.3,Przedstawiciel Techniczno-Handlowy (K/M),generic_sales,56,video_calls,Rzeszów,mobile,,mid,rocketjobs.pl,https://rocketjobs.pl/oferta-pracy/kaeser-kompressoren-sp-z-o-o--przedstawiciel-techniczno-handlowy-k-m--rzeszow-sales-uslugi-profesjonalne,2026-09-03,"wykształcenie techniczne, prawo jazdy kat. B, umiejętność organizacji pracy, Umiejętność negocjacji, prezentacja produktów"
PIVEXIN TECHNOLOGY Sp. z o. o.,qualified,50.0,Stanowisko ds. sprzedaży i doradztwa technicznego,generic_sales,50,,Bydgoszcz,mobile,7000-15000 PLN/month permanent,mid,rocketjobs.pl,https://rocketjobs.pl/oferta-pracy/pivexin-technology-sp-z-o-o--stanowisko-ds-sprzedazy-i-doradztwa-technicznego-bydgoszcz-sales-inzynieria-technika-produkcja,2026-08-25,"orientacja na realizację celów, doświadczenie w sprzedaży produktów technicznych, zaangażowanie, prawo jazdy kategorii B, samodzielność, negocjacje, wykształcenie wyższe"
PIVEXIN TECHNOLOGY Sp. z o. o.,qualified,50.0,Stanowisko ds. sprzedaży i doradztwa technicznego,generic_sales,50,,Szczecin,mobile,7000-15000 PLN/month permanent,mid,rocketjobs.pl,https://rocketjobs.pl/oferta-pracy/pivexin-technology-sp-z-o-o--stanowisko-ds-sprzedazy-i-doradztwa-technicznego-szczecin-sales-inzynieria-technika-produkcja,2026-08-25,"orientacja na realizację celów, umiejętności komunikacyjne i negocjacyjne, zaangażowanie, prawo jazdy kategorii B, wykształcenie wyższe, sumienność, samodzielność, sprzedaż"
PIVEXIN TECHNOLOGY Sp. z o. o.,qualified,50.0,Stanowisko ds. sprzedaży i doradztwa technicznego,generic_sales,50,,Warszawa,mobile,7000-15000 PLN/month permanent,mid,rocketjobs.pl,https://rocketjobs.pl/oferta-pracy/pivexin-technology-sp-z-o-o--stanowisko-ds-sprzedazy-i-doradztwa-technicznego-warszawa-sales-inzynieria-technika-produkcja,2026-08-25,"orientacja na realizację celów, umiejętności komunikacyjne i negocjacyjne, zaangażowanie, prawo jazdy kategorii B, wykształcenie wyższe, sumienność, samodzielność, sprzedaż"
PIVEXIN TECHNOLOGY Sp. z o. o.,qualified,50.0,Stanowisko ds. sprzedaży i doradztwa technicznego,generic_sales,50,,Olsztyn,mobile,7000-15000 PLN/month permanent,mid,rocketjobs.pl,https://rocketjobs.pl/oferta-pracy/pivexin-technology-sp-z-o-o--stanowisko-ds-sprzedazy-i-doradztwa-technicznego-olsztyn-sales-inzynieria-technika-produkcja,2026-08-25,"orientacja na realizację celów, umiejętności komunikacyjne i negocjacyjne, zaangażowanie, prawo jazdy kategorii B, wykształcenie wyższe, sumienność, Wykształcenie średnie, sprzedaż"
PIVEXIN TECHNOLOGY Sp. z o. o.,qualified,50.0,Stanowisko ds. sprzedaży i doradztwa technicznego,generic_sales,50,,Gdańsk,mobile,7000-15000 PLN/month permanent,mid,rocketjobs.pl,https://rocketjobs.pl/oferta-pracy/pivexin-technology-sp-z-o-o--stanowisko-ds-sprzedazy-i-doradztwa-technicznego-gdansk-sales-inzynieria-technika-produkcja,2026-08-25,"wykształcenie wyższe bądź średnie techniczne, orientacja na realizację celów, doświadczenie w sprzedaży produktów technicznych, umiejętności komunikacyjne i negocjacyjne, uczciwość, sumienność, samodzielność, ambicja, zaangażowanie, prawo jazdy kategorii B, wykształcenie wyższe"
PIVEXIN TECHNOLOGY Sp. z o. o.,qualified,50.0,Stanowisko ds. sprzedaży i doradztwa technicznego,generic_sales,50,,Białystok,mobile,7000-15000 PLN/month permanent,mid,rocketjobs.pl,https://rocketjobs.pl/oferta-pracy/pivexin-technology-sp-z-o-o--stanowisko-ds-sprzedazy-i-doradztwa-technicznego-bialystok-sales-inzynieria-technika-produkcja,2026-08-25,"orientacja na realizację celów, doświadczenie w sprzedaży produktów technicznych, zaangażowanie, prawo jazdy kategorii B, wykształcenie wyższe, negocjacje, samodzielność"
PIVEXIN TECHNOLOGY Sp. z o.o.,qualified,50.0,Stanowisko ds. wsparcia techniczno-handlowego (siłowniki elektryczne),generic_sales,50,,"Babice (pow. raciborski, gm. Nędza), ul. Wyrobiskowa 4",Stacjonarna,7 000 - 13 000 zł brutto/mies.,,praca.pl,https://www.praca.pl/stanowisko-ds-wsparcia-techniczno-handlowego-silowniki-elektryczne_11500474.html,7 dni temu,Opis stanowiska: Kompleksowe opracowywanie propozycji cenowych oraz kalkulacji sprzętowych dla zapytań spływających od kontrahentów. Budowanie i utrzymywanie trwałych relacji z odbiorcami biznesowymi poprzez fachowe doradztwo w kwestii układów wykonawczych i napędowych. Rejestracja...
Synergy sp. z o.o.,qualified,50.0,Partner Biznesowy Orange / Manager Zespołu Sprzedażowego Orange,generic_sales,50,,Wieliczka,mobile,,c_level,rocketjobs.pl,https://rocketjobs.pl/oferta-pracy/synergy-sp-z-o-o--partner-biznesowy-orange-manager-zespolu-sprzedazowego-orange-wieliczka-sales-it-i-telekomunikacja-bab035bc,2026-09-21,"zarządzanie zespołem, zarządzanie projektami, bussines development, zarządzanie sprzedażą, prawo jazdy kat. B, sprzedaż"
Synergy sp. z o.o.,qualified,50.0,Partner Biznesowy Orange / Manager Zespołu Sprzedażowego Orange,generic_sales,50,,Bartoszyce,mobile,,c_level,rocketjobs.pl,https://rocketjobs.pl/oferta-pracy/synergy-sp-z-o-o--partner-biznesowy-orange-manager-zespolu-sprzedazowego-orange-bartoszyce-sales-it-i-telekomunikacja-66c86ab1,2026-09-21,"zarządzanie zespołem, zarządzanie projektami, bussines development, zarządzanie sprzedażą, prawo jazdy kat. B, sprzedaż"
Synergy sp. z o.o.,qualified,50.0,Partner Biznesowy Orange / Manager Zespołu Sprzedażowego Orange,generic_sales,50,,Będzin,mobile,,c_level,rocketjobs.pl,https://rocketjobs.pl/oferta-pracy/synergy-sp-z-o-o--partner-biznesowy-orange-manager-zespolu-sprzedazowego-orange-bedzin-sales-it-i-telekomunikacja-7c53aaa5,2026-09-21,"zarządzanie zespołem, zarządzanie projektami, bussines development, zarządzanie sprzedażą, prawo jazdy kat. B, sprzedaż"
Synergy sp. z o.o.,qualified,50.0,Partner Biznesowy Orange / Manager Zespołu Sprzedażowego Orange,generic_sales,50,,Brzeg,mobile,,c_level,rocketjobs.pl,https://rocketjobs.pl/oferta-pracy/synergy-sp-z-o-o--partner-biznesowy-orange-manager-zespolu-sprzedazowego-orange-brzeg-sales-it-i-telekomunikacja-8c0f791a,2026-09-21,"zarządzanie zespołem, zarządzanie projektami, bussines development, zarządzanie sprzedażą, prawo jazdy kat. B, sprzedaż"
Synergy sp. z o.o.,qualified,50.0,Partner Biznesowy Orange / Manager Zespołu Sprzedażowego Orange,generic_sales,50,,Gniezno,mobile,,c_level,rocketjobs.pl,https://rocketjobs.pl/oferta-pracy/synergy-sp-z-o-o--partner-biznesowy-orange-manager-zespolu-sprzedazowego-orange-gniezno-sales-it-i-telekomunikacja-7ba9f79d,2026-09-21,"zarządzanie zespołem, zarządzanie projektami, bussines development, zarządzanie sprzedażą, prawo jazdy kat. B, sprzedaż"
Synergy sp. z o.o.,qualified,50.0,Partner Biznesowy Orange / Manager Zespołu Sprzedażowego Orange,generic_sales,50,,Białogard,mobile,,c_level,rocketjobs.pl,https://rocketjobs.pl/oferta-pracy/synergy-sp-z-o-o--partner-biznesowy-orange-manager-zespolu-sprzedazowego-orange-bialogard-sales-it-i-telekomunikacja-c1280450,2026-09-21,"zarządzanie zespołem, zarządzanie projektami, bussines development, zarządzanie sprzedażą, prawo jazdy kat. B, sprzedaż"
Synergy sp. z o.o.,qualified,50.0,Partner Biznesowy Orange / Manager Zespołu Sprzedażowego Orange,generic_sales,50,,Szczecinek,mobile,,c_level,rocketjobs.pl,https://rocketjobs.pl/oferta-pracy/synergy-sp-z-o-o--partner-biznesowy-orange-manager-zespolu-sprzedazowego-orange-szczecinek-sales-it-i-telekomunikacja-f15452d5,2026-09-21,"zarządzanie zespołem, zarządzanie projektami, bussines development, zarządzanie sprzedażą, prawo jazdy kat. B, sprzedaż"
Synergy sp. z o.o.,qualified,50.0,Partner Biznesowy Orange / Manager Zespołu Sprzedażowego Orange,generic_sales,50,,Jelenia Góra,mobile,,c_level,rocketjobs.pl,https://rocketjobs.pl/oferta-pracy/synergy-sp-z-o-o--partner-biznesowy-orange-manager-zespolu-sprzedazowego-orange-jelenia-gora-sales-it-i-telekomunikacja-0c1a8f85,2026-09-21,"zarządzanie zespołem, zarządzanie projektami, bussines development, zarządzanie sprzedażą, prawo jazdy kat. B, sprzedaż"
Synergy sp. z o.o.,qualified,50.0,Partner Biznesowy Orange / Manager Zespołu Sprzedażowego Orange,generic_sales,50,,Świebodzice,mobile,,c_level,rocketjobs.pl,https://rocketjobs.pl/oferta-pracy/synergy-sp-z-o-o--partner-biznesowy-orange-manager-zespolu-sprzedazowego-orange-swiebodzice-sales-it-i-telekomunikacja-7d67f4b6,2026-09-21,"zarządzanie zespołem, zarządzanie projektami, bussines development, zarządzanie sprzedażą, prawo jazdy kat. B, sprzedaż"
Synergy sp. z o.o.,qualified,50.0,Partner Biznesowy Orange / Manager Zespołu Sprzedażowego Orange,generic_sales,50,,Malbork,mobile,,c_level,rocketjobs.pl,https://rocketjobs.pl/oferta-pracy/synergy-sp-z-o-o--partner-biznesowy-orange-manager-zespolu-sprzedazowego-orange-malbork-sales-it-i-telekomunikacja-80450af0,2026-09-21,"zarządzanie zespołem, zarządzanie projektami, bussines development, zarządzanie sprzedażą, prawo jazdy kat. B, sprzedaż"
Synergy sp. z o.o.,qualified,50.0,Partner Biznesowy Orange / Manager Zespołu Sprzedażowego Orange,generic_sales,50,,Gliwice,mobile,,c_level,rocketjobs.pl,https://rocketjobs.pl/oferta-pracy/synergy-sp-z-o-o--partner-biznesowy-orange-manager-zespolu-sprzedazowego-orange-gliwice-sales-it-i-telekomunikacja-f47e3245,2026-09-21,"zarządzanie zespołem, zarządzanie projektami, bussines development, zarządzanie sprzedażą, prawo jazdy kat. B, sprzedaż"
Synergy sp. z o.o.,qualified,50.0,Partner Biznesowy Orange / Manager Zespołu Sprzedażowego Orange,generic_sales,50,,Żary,mobile,,c_level,rocketjobs.pl,https://rocketjobs.pl/oferta-pracy/synergy-sp-z-o-o--partner-biznesowy-orange-manager-zespolu-sprzedazowego-orange-zary-sales-it-i-telekomunikacja-ba38d140,2026-09-21,"zarządzanie zespołem, zarządzanie projektami, bussines development, zarządzanie sprzedażą, prawo jazdy kat. B, sprzedaż"
Synergy sp. z o.o.,qualified,50.0,Partner Biznesowy Orange / Manager Zespołu Sprzedażowego Orange,generic_sales,50,,Lubliniec,mobile,,c_level,rocketjobs.pl,https://rocketjobs.pl/oferta-pracy/synergy-sp-z-o-o--partner-biznesowy-orange-manager-zespolu-sprzedazowego-orange-lubliniec-sales-it-i-telekomunikacja-6bd2108b,2026-09-21,"zarządzanie zespołem, zarządzanie projektami, bussines development, zarządzanie sprzedażą, prawo jazdy kat. B, sprzedaż"
Synergy sp. z o.o.,qualified,50.0,Partner Biznesowy Orange / Manager Zespołu Sprzedażowego Orange,generic_sales,50,,Iława,mobile,,c_level,rocketjobs.pl,https://rocketjobs.pl/oferta-pracy/synergy-sp-z-o-o--partner-biznesowy-orange-manager-zespolu-sprzedazowego-orange-ilawa-sales-it-i-telekomunikacja-b69923bd,2026-09-21,"zarządzanie zespołem, zarządzanie projektami, bussines development, zarządzanie sprzedażą, prawo jazdy kat. B, sprzedaż"
Synergy sp. z o.o.,qualified,50.0,Partner Biznesowy Orange / Manager Zespołu Sprzedażowego Orange,generic_sales,50,,Kielce,mobile,,c_level,rocketjobs.pl,https://rocketjobs.pl/oferta-pracy/synergy-sp-z-o-o--partner-biznesowy-orange-manager-zespolu-sprzedazowego-orange-kielce-sales-it-i-telekomunikacja-d70c6861,2026-09-21,"zarządzanie zespołem, zarządzanie projektami, bussines development, zarządzanie sprzedażą, prawo jazdy kat. B, sprzedaż"
Synergy sp. z o.o.,qualified,50.0,Partner Biznesowy Orange / Manager Zespołu Sprzedażowego Orange,generic_sales,50,,Krosno,mobile,,c_level,rocketjobs.pl,https://rocketjobs.pl/oferta-pracy/synergy-sp-z-o-o--partner-biznesowy-orange-manager-zespolu-sprzedazowego-orange-krosno-sales-it-i-telekomunikacja-353f6b60,2026-09-21,"zarządzanie zespołem, zarządzanie projektami, bussines development, zarządzanie sprzedażą, prawo jazdy kat. B, sprzedaż"
Synergy sp. z o.o.,qualified,50.0,Partner Biznesowy Orange / Manager Zespołu Sprzedażowego Orange,generic_sales,50,,Brodnica,mobile,,c_level,rocketjobs.pl,https://rocketjobs.pl/oferta-pracy/synergy-sp-z-o-o--partner-biznesowy-orange-manager-zespolu-sprzedazowego-orange-brodnica-sales-it-i-telekomunikacja-e8125b3a,2026-09-21,"zarządzanie zespołem, zarządzanie projektami, bussines development, zarządzanie sprzedażą, prawo jazdy kat. B, sprzedaż"
Synergy sp. z o.o.,qualified,50.0,Partner Biznesowy Orange / Manager Zespołu Sprzedażowego Orange,generic_sales,50,,Siedlce,mobile,,c_level,rocketjobs.pl,https://rocketjobs.pl/oferta-pracy/synergy-sp-z-o-o--partner-biznesowy-orange-manager-zespolu-sprzedazowego-orange-siedlce-sales-it-i-telekomunikacja-3afaaafe,2026-09-21,"zarządzanie zespołem, zarządzanie projektami, bussines development, zarządzanie sprzedażą, prawo jazdy kat. B, sprzedaż"
Synergy sp. z o.o.,qualified,50.0,Partner Biznesowy Orange / Manager Zespołu Sprzedażowego Orange,generic_sales,50,,Gdańsk,mobile,,c_level,rocketjobs.pl,https://rocketjobs.pl/oferta-pracy/synergy-sp-z-o-o--partner-biznesowy-orange-manager-zespolu-sprzedazowego-orange-gdansk-sales-it-i-telekomunikacja-c5914da9,2026-09-21,"zarządzanie zespołem, zarządzanie projektami, bussines development, zarządzanie sprzedażą, prawo jazdy kat. B, sprzedaż"
Synergy sp. z o.o.,qualified,50.0,Partner Biznesowy Orange / Manager Zespołu Sprzedażowego Orange,generic_sales,50,,Świecie,mobile,,c_level,rocketjobs.pl,https://rocketjobs.pl/oferta-pracy/synergy-sp-z-o-o--partner-biznesowy-orange-manager-zespolu-sprzedazowego-orange-swiecie-sales-it-i-telekomunikacja-fc812f14,2026-09-21,"zarządzanie zespołem, zarządzanie projektami, bussines development, zarządzanie sprzedażą, prawo jazdy kat. B, sprzedaż"
Synergy sp. z o.o.,qualified,50.0,Partner Biznesowy Orange / Manager Zespołu Sprzedażowego Orange,generic_sales,50,,Tarnowskie Góry,mobile,,c_level,rocketjobs.pl,https://rocketjobs.pl/oferta-pracy/synergy-sp-z-o-o--partner-biznesowy-orange-manager-zespolu-sprzedazowego-orange-tarnowskie-gory-sales-it-i-telekomunikacja-9fc19819,2026-09-21,"zarządzanie zespołem, zarządzanie projektami, bussines development, zarządzanie sprzedażą, prawo jazdy kat. B, sprzedaż"
Synergy sp. z o.o.,qualified,50.0,Partner Biznesowy Orange / Manager Zespołu Sprzedażowego Orange,generic_sales,50,,Biała Podlaska,mobile,,c_level,rocketjobs.pl,https://rocketjobs.pl/oferta-pracy/synergy-sp-z-o-o--partner-biznesowy-orange-manager-zespolu-sprzedazowego-orange-biala-podlaska-sales-it-i-telekomunikacja-03947ba8,2026-09-21,"zarządzanie zespołem, zarządzanie projektami, bussines development, zarządzanie sprzedażą, prawo jazdy kat. B, sprzedaż"
Synergy sp. z o.o.,qualified,50.0,Partner Biznesowy Orange / Manager Zespołu Sprzedażowego Orange,generic_sales,50,,Wieluń,mobile,,c_level,rocketjobs.pl,https://rocketjobs.pl/oferta-pracy/synergy-sp-z-o-o--partner-biznesowy-orange-manager-zespolu-sprzedazowego-orange-wielun-sales-it-i-telekomunikacja-deb2608f,2026-09-21,"zarządzanie zespołem, zarządzanie projektami, bussines development, zarządzanie sprzedażą, prawo jazdy kat. B, sprzedaż"
Synergy sp. z o.o.,qualified,50.0,Partner Biznesowy Orange / Manager Zespołu Sprzedażowego Orange,generic_sales,50,,Radomsko,mobile,,c_level,rocketjobs.pl,https://rocketjobs.pl/oferta-pracy/synergy-sp-z-o-o--partner-biznesowy-orange-manager-zespolu-sprzedazowego-orange-radomsko-sales-it-i-telekomunikacja-b3b712cc,2026-09-21,"zarządzanie zespołem, zarządzanie projektami, bussines development, zarządzanie sprzedażą, prawo jazdy kat. B, sprzedaż"
Synergy sp. z o.o.,qualified,50.0,Partner Biznesowy Orange / Manager Zespołu Sprzedażowego Orange,generic_sales,50,,Czechowice-Dziedzice,mobile,,c_level,rocketjobs.pl,https://rocketjobs.pl/oferta-pracy/synergy-sp-z-o-o--partner-biznesowy-orange-manager-zespolu-sprzedazowego-orange-czechowice-dziedzice-sales-it-i-telekomunikacja-42d5028e,2026-09-21,"zarządzanie zespołem, zarządzanie projektami, bussines development, zarządzanie sprzedażą, prawo jazdy kat. B, sprzedaż"
Synergy sp. z o.o.,qualified,50.0,Partner Handlowy Orange/Subagent Orange,generic_sales,50,,Elbląg,mobile,,mid,rocketjobs.pl,https://rocketjobs.pl/oferta-pracy/synergy-sp-z-o-o--partner-handlowy-orange-subagent-orange-elblag-sales-it-i-telekomunikacja,2026-09-17,"doradztwo, telekomunikacja, zarządzanie sprzedażą, budowanie relacji, prawo jazdy kat. B, negocjacje, obsługa klienta, sprzedaż"
Synergy sp. z o.o.,qualified,50.0,Partner Handlowy Orange/Subagent Orange,generic_sales,50,,Poznań,mobile,,mid,rocketjobs.pl,https://rocketjobs.pl/oferta-pracy/synergy-sp-z-o-o--partner-handlowy-orange-subagent-orange-poznan-sales-it-i-telekomunikacja,2026-09-17,"doradztwo, telekomunikacja, zarządzanie sprzedażą, budowanie relacji, prawo jazdy kat. B, negocjacje, obsługa klienta, sprzedaż"
Synergy sp. z o.o.,qualified,50.0,Partner Handlowy Orange/Subagent Orange,generic_sales,50,,Konin,mobile,,mid,rocketjobs.pl,https://rocketjobs.pl/oferta-pracy/synergy-sp-z-o-o--partner-handlowy-orange-subagent-orange-konin-sales-it-i-telekomunikacja,2026-09-17,"doradztwo, telekomunikacja, zarządzanie sprzedażą, budowanie relacji, prawo jazdy kat. B, negocjacje, obsługa klienta, sprzedaż"
Synergy sp. z o.o.,qualified,50.0,Partner Handlowy Orange/Subagent Orange,generic_sales,50,,Koszalin,mobile,,mid,rocketjobs.pl,https://rocketjobs.pl/oferta-pracy/synergy-sp-z-o-o--partner-handlowy-orange-subagent-orange-koszalin-sales-it-i-telekomunikacja,2026-09-17,"doradztwo, telekomunikacja, zarządzanie sprzedażą, budowanie relacji, prawo jazdy kat. B, negocjacje, obsługa klienta, sprzedaż"
Synergy sp. z o.o.,qualified,50.0,Partner Handlowy Orange/Subagent Orange,generic_sales,50,,Leszno,mobile,,mid,rocketjobs.pl,https://rocketjobs.pl/oferta-pracy/synergy-sp-z-o-o--partner-handlowy-orange-subagent-orange-leszno-sales-it-i-telekomunikacja,2026-09-17,"doradztwo, telekomunikacja, zarządzanie sprzedażą, budowanie relacji, prawo jazdy kat. B, negocjacje, obsługa klienta, sprzedaż"
Synergy sp. z o.o.,qualified,50.0,Partner Handlowy Orange/Subagent Orange,generic_sales,50,,Mrągowo,mobile,,mid,rocketjobs.pl,https://rocketjobs.pl/oferta-pracy/synergy-sp-z-o-o--partner-handlowy-orange-subagent-orange-mragowo-sales-it-i-telekomunikacja,2026-09-18,"doradztwo, telekomunikacja, zarządzanie sprzedażą, budowanie relacji, prawo jazdy kat. B, negocjacje, obsługa klienta, sprzedaż"
Synergy sp. z o.o.,qualified,50.0,Partner Handlowy Orange/Subagent Orange,generic_sales,50,,Kielce,mobile,,mid,rocketjobs.pl,https://rocketjobs.pl/oferta-pracy/synergy-sp-z-o-o--partner-handlowy-orange-subagent-orange-kielce-sales-it-i-telekomunikacja,2026-09-17,"doradztwo, telekomunikacja, zarządzanie sprzedażą, budowanie relacji, prawo jazdy kat. B, negocjacje, obsługa klienta, sprzedaż"
Synergy sp. z o.o.,qualified,50.0,Partner Handlowy Orange/Subagent Orange,generic_sales,50,,Szczecin,mobile,,mid,rocketjobs.pl,https://rocketjobs.pl/oferta-pracy/synergy-sp-z-o-o--partner-handlowy-orange-subagent-orange-szczecin-sales-it-i-telekomunikacja,2026-09-17,"doradztwo, telekomunikacja, zarządzanie sprzedażą, budowanie relacji, prawo jazdy kat. B, negocjacje, obsługa klienta, sprzedaż"
Synergy sp. z o.o.,qualified,50.0,Partner Handlowy Orange/Subagent Orange,generic_sales,50,,Wrocław,mobile,,mid,rocketjobs.pl,https://rocketjobs.pl/oferta-pracy/synergy-sp-z-o-o--partner-handlowy-orange-subagent-orange-wroclaw-sales-it-i-telekomunikacja,2026-09-17,"doradztwo, budowanie relacji, prawo jazdy kat. B, obsługa klienta, sprzedaż, zarządzanie sprzedażą, telekomunikacja, negocjacje"
Synergy sp. z o.o.,qualified,50.0,Partner Handlowy Orange/Subagent Orange,generic_sales,50,,Tczew,mobile,,mid,rocketjobs.pl,https://rocketjobs.pl/oferta-pracy/synergy-sp-z-o-o--partner-handlowy-orange-subagent-orange-tczew-sales-it-i-telekomunikacja,2026-09-17,"doradztwo, telekomunikacja, zarządzanie sprzedażą, budowanie relacji, prawo jazdy kat. B, negocjacje, obsługa klienta, sprzedaż"
Synergy sp. z o.o.,qualified,50.0,Partner Handlowy Orange/Subagent Orange,generic_sales,50,,Gorzów Wielkopolski,mobile,,mid,rocketjobs.pl,https://rocketjobs.pl/oferta-pracy/synergy-sp-z-o-o--partner-handlowy-orange-subagent-orange-gorzow-wielkopolski-sales-it-i-telekomunikacja,2026-09-17,"doradztwo, telekomunikacja, zarządzanie sprzedażą, budowanie relacji, prawo jazdy kat. B, negocjacje, obsługa klienta, sprzedaż"
Synergy sp. z o.o.,qualified,50.0,Partner Handlowy Orange/Subagent Orange,generic_sales,50,,Lublin,mobile,,mid,rocketjobs.pl,https://rocketjobs.pl/oferta-pracy/synergy-sp-z-o-o--partner-handlowy-orange-subagent-orange-lublin-sales-it-i-telekomunikacja,2026-09-17,"doradztwo, telekomunikacja, zarządzanie sprzedażą, budowanie relacji, prawo jazdy kat. B, negocjacje, obsługa klienta, sprzedaż"
Synergy sp. z o.o.,qualified,50.0,Partner Handlowy Orange/Subagent Orange,generic_sales,50,,Opole,mobile,,mid,rocketjobs.pl,https://rocketjobs.pl/oferta-pracy/synergy-sp-z-o-o--partner-handlowy-orange-subagent-orange-opole-sales-it-i-telekomunikacja,2026-09-17,"doradztwo, telekomunikacja, zarządzanie sprzedażą, budowanie relacji, prawo jazdy kat. B, negocjacje, obsługa klienta, sprzedaż"
Synergy sp. z o.o.,qualified,50.0,Partner Handlowy Orange/Subagent Orange,generic_sales,50,,Gliwice,mobile,,mid,rocketjobs.pl,https://rocketjobs.pl/oferta-pracy/synergy-sp-z-o-o--partner-handlowy-orange-subagent-orange-gliwice-sales-it-i-telekomunikacja,2026-09-17,"doradztwo, telekomunikacja, zarządzanie sprzedażą, budowanie relacji, prawo jazdy kat. B, negocjacje, obsługa klienta, sprzedaż"
Synergy sp. z o.o.,qualified,50.0,Partner Handlowy Orange/Subagent Orange,generic_sales,50,,Warszawa,mobile,,mid,rocketjobs.pl,https://rocketjobs.pl/oferta-pracy/synergy-sp-z-o-o--partner-handlowy-orange-subagent-orange-warszawa-sales-it-i-telekomunikacja,2026-09-17,"doradztwo, telekomunikacja, zarządzanie sprzedażą, budowanie relacji, prawo jazdy kat. B, negocjacje, obsługa klienta, sprzedaż"
Synergy sp. z o.o.,qualified,50.0,Partner Handlowy Orange/Subagent Orange,generic_sales,50,,Legnica,mobile,,mid,rocketjobs.pl,https://rocketjobs.pl/oferta-pracy/synergy-sp-z-o-o--partner-handlowy-orange-subagent-orange-legnica-sales-it-i-telekomunikacja,2026-09-17,"doradztwo, telekomunikacja, zarządzanie sprzedażą, budowanie relacji, prawo jazdy kat. B, negocjacje, obsługa klienta, sprzedaż"
Synergy sp. z o.o.,qualified,50.0,Partner Handlowy Orange/Subagent Orange,generic_sales,50,,Łódź,mobile,,mid,rocketjobs.pl,https://rocketjobs.pl/oferta-pracy/synergy-sp-z-o-o--partner-handlowy-orange-subagent-orange-lodz-sales-it-i-telekomunikacja,2026-09-17,"doradztwo, telekomunikacja, zarządzanie sprzedażą, budowanie relacji, prawo jazdy kat. B, negocjacje, obsługa klienta, sprzedaż"
Synergy sp. z o.o.,qualified,50.0,Partner Handlowy Orange/Subagent Orange,generic_sales,50,,Kraków,mobile,,mid,rocketjobs.pl,https://rocketjobs.pl/oferta-pracy/synergy-sp-z-o-o--partner-handlowy-orange-subagent-orange-krakow-sales-it-i-telekomunikacja,2026-09-17,"doradztwo, telekomunikacja, zarządzanie sprzedażą, budowanie relacji, prawo jazdy kat. B, negocjacje, obsługa klienta, sprzedaż"
Synergy sp. z o.o.,qualified,50.0,Partner Handlowy Orange/Subagent Orange,generic_sales,50,,Płock,mobile,,mid,rocketjobs.pl,https://rocketjobs.pl/oferta-pracy/synergy-sp-z-o-o--partner-handlowy-orange-subagent-orange-plock-sales-it-i-telekomunikacja,2026-09-17,"doradztwo, telekomunikacja, zarządzanie sprzedażą, budowanie relacji, prawo jazdy kat. B, negocjacje, obsługa klienta, sprzedaż"
Synergy sp. z o.o.,qualified,50.0,Partner Handlowy Orange/Subagent Orange,generic_sales,50,,Krosno,mobile,,mid,rocketjobs.pl,https://rocketjobs.pl/oferta-pracy/synergy-sp-z-o-o--partner-handlowy-orange-subagent-orange-krosno-sales-it-i-telekomunikacja,2026-09-17,"doradztwo, telekomunikacja, zarządzanie sprzedażą, budowanie relacji, prawo jazdy kat. B, negocjacje, obsługa klienta, sprzedaż"
Synergy sp. z o.o.,qualified,50.0,Partner Handlowy Orange/Subagent Orange,generic_sales,50,,Częstochowa,mobile,,mid,rocketjobs.pl,https://rocketjobs.pl/oferta-pracy/synergy-sp-z-o-o--partner-handlowy-orange-subagent-orange-czestochowa-sales-it-i-telekomunikacja,2026-09-18,"doradztwo, telekomunikacja, zarządzanie sprzedażą, budowanie relacji, prawo jazdy kat. B, negocjacje, obsługa klienta, sprzedaż"
Synergy sp. z o.o.,qualified,50.0,Partner Handlowy Orange/Subagent Orange,generic_sales,50,,Białystok,mobile,,mid,rocketjobs.pl,https://rocketjobs.pl/oferta-pracy/synergy-sp-z-o-o--partner-handlowy-orange-subagent-orange-bialystok-sales-it-i-telekomunikacja,2026-09-17,"doradztwo, telekomunikacja, zarządzanie sprzedażą, budowanie relacji, prawo jazdy kat. B, negocjacje, obsługa klienta, sprzedaż"
Synergy sp. z o.o.,qualified,50.0,Partner Handlowy Orange/Subagent Orange,generic_sales,50,,Rybnik,mobile,,mid,rocketjobs.pl,https://rocketjobs.pl/oferta-pracy/synergy-sp-z-o-o--partner-handlowy-orange-subagent-orange-rybnik-sales-it-i-telekomunikacja,2026-09-17,"doradztwo, telekomunikacja, zarządzanie sprzedażą, budowanie relacji, prawo jazdy kat. B, negocjacje, obsługa klienta, sprzedaż"
Synergy sp. z o.o.,qualified,50.0,Partner Handlowy Orange/Subagent Orange,generic_sales,50,,Gdańsk,mobile,,mid,rocketjobs.pl,https://rocketjobs.pl/oferta-pracy/synergy-sp-z-o-o--partner-handlowy-orange-subagent-orange-gdansk-sales-it-i-telekomunikacja,2026-09-17,"doradztwo, telekomunikacja, zarządzanie sprzedażą, budowanie relacji, prawo jazdy kat. B, negocjacje, obsługa klienta, sprzedaż"
Synergy sp. z o.o.,qualified,50.0,Partner Handlowy Orange/Subagent Orange,generic_sales,50,,Chełm,mobile,,mid,rocketjobs.pl,https://rocketjobs.pl/oferta-pracy/synergy-sp-z-o-o--partner-handlowy-orange-subagent-orange-chelm-sales-it-i-telekomunikacja,2026-09-17,"doradztwo, telekomunikacja, zarządzanie sprzedażą, budowanie relacji, prawo jazdy kat. B, negocjacje, obsługa klienta, sprzedaż"
Synergy sp. z o.o.,qualified,50.0,Partner Handlowy Orange/Subagent Orange,generic_sales,50,,Bełchatów,mobile,,mid,rocketjobs.pl,https://rocketjobs.pl/oferta-pracy/synergy-sp-z-o-o--partner-handlowy-orange-subagent-orange-belchatow-sales-it-i-telekomunikacja,2026-09-17,"doradztwo, telekomunikacja, zarządzanie sprzedażą, budowanie relacji, prawo jazdy kat. B, negocjacje, obsługa klienta, sprzedaż"
Synergy sp. z o.o.,qualified,50.0,Partner Handlowy Orange/Subagent Orange,generic_sales,50,,Katowice,mobile,,mid,rocketjobs.pl,https://rocketjobs.pl/oferta-pracy/synergy-sp-z-o-o--partner-handlowy-orange-subagent-orange-katowice-sales-it-i-telekomunikacja,2026-09-17,"doradztwo, telekomunikacja, zarządzanie sprzedażą, budowanie relacji, prawo jazdy kat. B, negocjacje, obsługa klienta, sprzedaż"
Synergy sp. z o.o.,qualified,50.0,Partner Handlowy Orange/Subagent Orange,generic_sales,50,,Bydgoszcz,mobile,,mid,rocketjobs.pl,https://rocketjobs.pl/oferta-pracy/synergy-sp-z-o-o--partner-handlowy-orange-subagent-orange-bydgoszcz-sales-it-i-telekomunikacja,2026-09-18,"doradztwo, telekomunikacja, zarządzanie sprzedażą, budowanie relacji, prawo jazdy kat. B, negocjacje, obsługa klienta, sprzedaż"
Synergy sp. z o.o.,qualified,50.0,Partner Handlowy Orange/Subagent Orange,generic_sales,50,,Legionowo,mobile,,mid,rocketjobs.pl,https://rocketjobs.pl/oferta-pracy/synergy-sp-z-o-o--partner-handlowy-orange-subagent-orange-legionowo-sales-it-i-telekomunikacja,2026-09-17,"doradztwo, telekomunikacja, zarządzanie sprzedażą, budowanie relacji, prawo jazdy kat. B, negocjacje, obsługa klienta, sprzedaż"
Synergy sp. z o.o.,qualified,50.0,Partner Handlowy Orange/Subagent Orange,generic_sales,50,,Rzeszów,mobile,,mid,rocketjobs.pl,https://rocketjobs.pl/oferta-pracy/synergy-sp-z-o-o--partner-handlowy-orange-subagent-orange-rzeszow-sales-it-i-telekomunikacja,2026-09-18,"doradztwo, telekomunikacja, zarządzanie sprzedażą, budowanie relacji, prawo jazdy kat. B, negocjacje, obsługa klienta, sprzedaż"
Synergy sp. z o.o.,qualified,50.0,Partner Handlowy Orange/Subagent Orange,generic_sales,50,,Mińsk Mazowiecki,mobile,,mid,rocketjobs.pl,https://rocketjobs.pl/oferta-pracy/synergy-sp-z-o-o--partner-handlowy-orange-subagent-orange-minsk-mazowiecki-sales-it-i-telekomunikacja,2026-09-17,"doradztwo, telekomunikacja, zarządzanie sprzedażą, budowanie relacji, prawo jazdy kat. B, negocjacje, obsługa klienta, sprzedaż"
Synergy sp. z o.o.,qualified,50.0,Partner Handlowy Orange/Subagent Orange,generic_sales,50,,Bielsko-Biała,mobile,,mid,rocketjobs.pl,https://rocketjobs.pl/oferta-pracy/synergy-sp-z-o-o--partner-handlowy-orange-subagent-orange-bielsko-biala-sales-it-i-telekomunikacja,2026-09-17,"doradztwo, telekomunikacja, zarządzanie sprzedażą, budowanie relacji, prawo jazdy kat. B, negocjacje, obsługa klienta, sprzedaż"
Synergy sp. z o.o.,qualified,50.0,Partner Handlowy Orange/Subagent Orange,generic_sales,50,,Sosnowiec,mobile,,mid,rocketjobs.pl,https://rocketjobs.pl/oferta-pracy/synergy-sp-z-o-o--partner-handlowy-orange-subagent-orange-sosnowiec-sales-it-i-telekomunikacja,2026-09-17,"doradztwo, telekomunikacja, zarządzanie sprzedażą, budowanie relacji, prawo jazdy kat. B, negocjacje, obsługa klienta, sprzedaż"
Synergy sp. z o.o.,qualified,50.0,Partner Handlowy Orange/Subagent Orange,generic_sales,50,,Nowy Targ,mobile,,mid,rocketjobs.pl,https://rocketjobs.pl/oferta-pracy/synergy-sp-z-o-o--partner-handlowy-orange-subagent-orange-nowy-targ-sales-it-i-telekomunikacja,2026-09-17,"doradztwo, telekomunikacja, zarządzanie sprzedażą, budowanie relacji, prawo jazdy kat. B, negocjacje, obsługa klienta, sprzedaż"
Synergy sp. z o.o.,qualified,50.0,Partner Biznesowy Orange / Manager Zespołu Sprzedażowego Orange,generic_sales,50,,Koszalin,mobile,,c_level,rocketjobs.pl,https://rocketjobs.pl/oferta-pracy/synergy-sp-z-o-o--partner-biznesowy-orange-manager-zespolu-sprzedazowego-orange-koszalin-sales-it-i-telekomunikacja-72f44fb3,2026-09-17,"zarządzanie zespołem, zarządzanie projektami, bussines development, zarządzanie sprzedażą, prawo jazdy kat. B, sprzedaż"
Synergy sp. z o.o.,qualified,50.0,Partner Biznesowy Orange / Manager Zespołu Sprzedażowego Orange,generic_sales,50,,Ząbki,mobile,,c_level,rocketjobs.pl,https://rocketjobs.pl/oferta-pracy/synergy-sp-z-o-o--partner-biznesowy-orange-manager-zespolu-sprzedazowego-orange-zabki-sales-it-i-telekomunikacja-eb92711c,2026-09-17,"zarządzanie zespołem, zarządzanie projektami, bussines development, zarządzanie sprzedażą, prawo jazdy kat. B, sprzedaż"
Synergy sp. z o.o.,qualified,50.0,Partner Biznesowy Orange / Manager Zespołu Sprzedażowego Orange,generic_sales,50,,Łódź,mobile,,c_level,rocketjobs.pl,https://rocketjobs.pl/oferta-pracy/synergy-sp-z-o-o--partner-biznesowy-orange-manager-zespolu-sprzedazowego-orange-lodz-sales-it-i-telekomunikacja-848425fc,2026-09-17,"zarządzanie zespołem, zarządzanie projektami, bussines development, zarządzanie sprzedażą, prawo jazdy kat. B, sprzedaż"
Synergy sp. z o.o.,qualified,50.0,Partner Biznesowy Orange / Manager Zespołu Sprzedażowego Orange,generic_sales,50,,Augustów,mobile,,c_level,rocketjobs.pl,https://rocketjobs.pl/oferta-pracy/synergy-sp-z-o-o--partner-biznesowy-orange-manager-zespolu-sprzedazowego-orange-augustow-sales-it-i-telekomunikacja-88634141,2026-09-17,"zarządzanie zespołem, zarządzanie projektami, bussines development, zarządzanie sprzedażą, prawo jazdy kat. B, sprzedaż"
Synergy sp. z o.o.,qualified,50.0,Partner Biznesowy Orange / Manager Zespołu Sprzedażowego Orange,generic_sales,50,,Lublin,mobile,,c_level,rocketjobs.pl,https://rocketjobs.pl/oferta-pracy/synergy-sp-z-o-o--partner-biznesowy-orange-manager-zespolu-sprzedazowego-orange-lublin-sales-it-i-telekomunikacja-ca6852be,2026-09-17,"zarządzanie zespołem, zarządzanie projektami, bussines development, zarządzanie sprzedażą, prawo jazdy kat. B, sprzedaż"
Synergy sp. z o.o.,qualified,50.0,Partner Biznesowy Orange / Manager Zespołu Sprzedażowego Orange,generic_sales,50,,Rybnik,mobile,,c_level,rocketjobs.pl,https://rocketjobs.pl/oferta-pracy/synergy-sp-z-o-o--partner-biznesowy-orange-manager-zespolu-sprzedazowego-orange-rybnik-sales-it-i-telekomunikacja-4914682b,2026-09-18,"zarządzanie zespołem, zarządzanie projektami, bussines development, zarządzanie sprzedażą, prawo jazdy kat. B, sprzedaż"
Synergy sp. z o.o.,qualified,50.0,Partner Biznesowy Orange / Manager Zespołu Sprzedażowego Orange,generic_sales,50,,Gorzów Wielkopolski,mobile,,c_level,rocketjobs.pl,https://rocketjobs.pl/oferta-pracy/synergy-sp-z-o-o--partner-biznesowy-orange-manager-zespolu-sprzedazowego-orange-gorzow-wielkopolski-sales-it-i-telekomunikacja-10de129e,2026-09-18,"zarządzanie zespołem, zarządzanie projektami, bussines development, zarządzanie sprzedażą, prawo jazdy kat. B, sprzedaż"
Synergy sp. z o.o.,qualified,50.0,Partner Biznesowy Orange / Manager Zespołu Sprzedażowego Orange,generic_sales,50,,Kościerzyna,mobile,,c_level,rocketjobs.pl,https://rocketjobs.pl/oferta-pracy/synergy-sp-z-o-o--partner-biznesowy-orange-manager-zespolu-sprzedazowego-orange-koscierzyna-sales-it-i-telekomunikacja-c54901b2,2026-09-17,"zarządzanie zespołem, zarządzanie projektami, bussines development, zarządzanie sprzedażą, prawo jazdy kat. B, sprzedaż"
Synergy sp. z o.o.,qualified,50.0,Partner Biznesowy Orange / Manager Zespołu Sprzedażowego Orange,generic_sales,50,,Nowy Dwór Mazowiecki,mobile,,c_level,rocketjobs.pl,https://rocketjobs.pl/oferta-pracy/synergy-sp-z-o-o--partner-biznesowy-orange-manager-zespolu-sprzedazowego-orange-nowy-dwor-mazowiecki-sales-it-i-telekomunikacja-d19f0d55,2026-09-17,"zarządzanie zespołem, zarządzanie projektami, bussines development, zarządzanie sprzedażą, prawo jazdy kat. B, sprzedaż"
Synergy sp. z o.o.,qualified,50.0,Partner Biznesowy Orange / Manager Zespołu Sprzedażowego Orange,generic_sales,50,,Nowy Targ,mobile,,c_level,rocketjobs.pl,https://rocketjobs.pl/oferta-pracy/synergy-sp-z-o-o--partner-biznesowy-orange-manager-zespolu-sprzedazowego-orange-nowy-targ-sales-it-i-telekomunikacja-4ce5ec36,2026-09-17,"zarządzanie zespołem, zarządzanie projektami, bussines development, zarządzanie sprzedażą, prawo jazdy kat. B, sprzedaż"
Synergy sp. z o.o.,qualified,50.0,Partner Biznesowy Orange / Manager Zespołu Sprzedażowego Orange,generic_sales,50,,Piastów,mobile,,c_level,rocketjobs.pl,https://rocketjobs.pl/oferta-pracy/synergy-sp-z-o-o--partner-biznesowy-orange-manager-zespolu-sprzedazowego-orange-piastow-sales-it-i-telekomunikacja-c53e0da4,2026-09-17,"zarządzanie zespołem, zarządzanie projektami, bussines development, zarządzanie sprzedażą, prawo jazdy kat. B, sprzedaż"
Synergy sp. z o.o.,qualified,50.0,Partner Biznesowy Orange / Manager Zespołu Sprzedażowego Orange,generic_sales,50,,Ostrów Wielkopolski,mobile,,c_level,rocketjobs.pl,https://rocketjobs.pl/oferta-pracy/synergy-sp-z-o-o--partner-biznesowy-orange-manager-zespolu-sprzedazowego-orange-ostrow-wielkopolski-sales-it-i-telekomunikacja-2691d99f,2026-09-17,"zarządzanie zespołem, zarządzanie projektami, bussines development, zarządzanie sprzedażą, prawo jazdy kat. B, sprzedaż"
Synergy sp. z o.o.,qualified,50.0,Partner Biznesowy Orange / Manager Zespołu Sprzedażowego Orange,generic_sales,50,,Konin,mobile,,c_level,rocketjobs.pl,https://rocketjobs.pl/oferta-pracy/synergy-sp-z-o-o--partner-biznesowy-orange-manager-zespolu-sprzedazowego-orange-konin-sales-it-i-telekomunikacja-08a29389,2026-09-17,"zarządzanie zespołem, zarządzanie projektami, bussines development, zarządzanie sprzedażą, prawo jazdy kat. B, sprzedaż"
Synergy sp. z o.o.,qualified,50.0,Partner Biznesowy Orange / Manager Zespołu Sprzedażowego Orange,generic_sales,50,,Kobyłka,mobile,,c_level,rocketjobs.pl,https://rocketjobs.pl/oferta-pracy/synergy-sp-z-o-o--partner-biznesowy-orange-manager-zespolu-sprzedazowego-orange-kobylka-sales-it-i-telekomunikacja-b0eb4e7e,2026-09-17,"zarządzanie zespołem, zarządzanie projektami, bussines development, zarządzanie sprzedażą, prawo jazdy kat. B, sprzedaż"
Synergy sp. z o.o.,qualified,50.0,Partner Biznesowy Orange / Manager Zespołu Sprzedażowego Orange,generic_sales,50,,Ełk,mobile,,c_level,rocketjobs.pl,https://rocketjobs.pl/oferta-pracy/synergy-sp-z-o-o--partner-biznesowy-orange-manager-zespolu-sprzedazowego-orange-elk-sales-it-i-telekomunikacja-924cd6cd,2026-09-17,"zarządzanie zespołem, zarządzanie projektami, bussines development, zarządzanie sprzedażą, prawo jazdy kat. B, sprzedaż"
Synergy sp. z o.o.,qualified,50.0,Partner Biznesowy Orange / Manager Zespołu Sprzedażowego Orange,generic_sales,50,,Zawiercie,mobile,,c_level,rocketjobs.pl,https://rocketjobs.pl/oferta-pracy/synergy-sp-z-o-o--partner-biznesowy-orange-manager-zespolu-sprzedazowego-orange-zawiercie-sales-it-i-telekomunikacja-2e17c639,2026-09-17,"zarządzanie zespołem, zarządzanie projektami, bussines development, zarządzanie sprzedażą, prawo jazdy kat. B, sprzedaż"
Synergy sp. z o.o.,qualified,50.0,Partner Biznesowy Orange / Manager Zespołu Sprzedażowego Orange,generic_sales,50,,Nysa,mobile,,c_level,rocketjobs.pl,https://rocketjobs.pl/oferta-pracy/synergy-sp-z-o-o--partner-biznesowy-orange-manager-zespolu-sprzedazowego-orange-nysa-sales-it-i-telekomunikacja-1b45436d,2026-09-17,"zarządzanie zespołem, zarządzanie projektami, bussines development, zarządzanie sprzedażą, prawo jazdy kat. B, sprzedaż"
Synergy sp. z o.o.,qualified,50.0,Partner Biznesowy Orange / Manager Zespołu Sprzedażowego Orange,generic_sales,50,,Dębica,mobile,,c_level,rocketjobs.pl,https://rocketjobs.pl/oferta-pracy/synergy-sp-z-o-o--partner-biznesowy-orange-manager-zespolu-sprzedazowego-orange-debica-sales-it-i-telekomunikacja-0b45f256,2026-09-17,"zarządzanie zespołem, zarządzanie projektami, bussines development, zarządzanie sprzedażą, prawo jazdy kat. B, sprzedaż"
Synergy sp. z o.o.,qualified,50.0,Partner Biznesowy Orange / Manager Zespołu Sprzedażowego Orange,generic_sales,50,,Nowa Ruda,mobile,,c_level,rocketjobs.pl,https://rocketjobs.pl/oferta-pracy/synergy-sp-z-o-o--partner-biznesowy-orange-manager-zespolu-sprzedazowego-orange-nowa-ruda-sales-it-i-telekomunikacja-c4f0b174,2026-09-17,"zarządzanie zespołem, zarządzanie projektami, bussines development, zarządzanie sprzedażą, prawo jazdy kat. B, sprzedaż"
Synergy sp. z o.o.,qualified,50.0,Partner Biznesowy Orange / Manager Zespołu Sprzedażowego Orange,generic_sales,50,,Bochnia,mobile,,c_level,rocketjobs.pl,https://rocketjobs.pl/oferta-pracy/synergy-sp-z-o-o--partner-biznesowy-orange-manager-zespolu-sprzedazowego-orange-bochnia-sales-it-i-telekomunikacja-05e53f96,2026-09-17,"zarządzanie zespołem, zarządzanie projektami, bussines development, zarządzanie sprzedażą, prawo jazdy kat. B, sprzedaż"
Synergy sp. z o.o.,qualified,50.0,Partner Biznesowy Orange / Manager Zespołu Sprzedażowego Orange,generic_sales,50,,Olsztyn,mobile,,c_level,rocketjobs.pl,https://rocketjobs.pl/oferta-pracy/synergy-sp-z-o-o--partner-biznesowy-orange-manager-zespolu-sprzedazowego-orange-olsztyn-sales-it-i-telekomunikacja-6648845c,2026-09-17,"zarządzanie zespołem, zarządzanie projektami, bussines development, zarządzanie sprzedażą, prawo jazdy kat. B, sprzedaż"
Synergy sp. z o.o.,qualified,50.0,Partner Biznesowy Orange / Manager Zespołu Sprzedażowego Orange,generic_sales,50,,Bielawa,mobile,,c_level,rocketjobs.pl,https://rocketjobs.pl/oferta-pracy/synergy-sp-z-o-o--partner-biznesowy-orange-manager-zespolu-sprzedazowego-orange-bielawa-sales-it-i-telekomunikacja-5918e3fb,2026-09-17,"zarządzanie zespołem, zarządzanie projektami, bussines development, zarządzanie sprzedażą, prawo jazdy kat. B, sprzedaż"
Synergy sp. z o.o.,qualified,50.0,Partner Biznesowy Orange / Manager Zespołu Sprzedażowego Orange,generic_sales,50,,Stalowa Wola,mobile,,c_level,rocketjobs.pl,https://rocketjobs.pl/oferta-pracy/synergy-sp-z-o-o--partner-biznesowy-orange-manager-zespolu-sprzedazowego-orange-stalowa-wola-sales-it-i-telekomunikacja-295caa3a,2026-09-17,"zarządzanie zespołem, zarządzanie projektami, bussines development, zarządzanie sprzedażą, prawo jazdy kat. B, sprzedaż"
Synergy sp. z o.o.,qualified,50.0,Partner Biznesowy Orange / Manager Zespołu Sprzedażowego Orange,generic_sales,50,,Śrem,mobile,,c_level,rocketjobs.pl,https://rocketjobs.pl/oferta-pracy/synergy-sp-z-o-o--partner-biznesowy-orange-manager-zespolu-sprzedazowego-orange-srem-sales-it-i-telekomunikacja-5683754d,2026-09-17,"zarządzanie zespołem, zarządzanie projektami, bussines development, zarządzanie sprzedażą, prawo jazdy kat. B, sprzedaż"
Synergy sp. z o.o.,qualified,50.0,Partner Biznesowy Orange / Manager Zespołu Sprzedażowego Orange,generic_sales,50,,Hajnówka,mobile,,c_level,rocketjobs.pl,https://rocketjobs.pl/oferta-pracy/synergy-sp-z-o-o--partner-biznesowy-orange-manager-zespolu-sprzedazowego-orange-hajnowka-sales-it-i-telekomunikacja-a6ea1096,2026-09-17,"zarządzanie zespołem, zarządzanie projektami, bussines development, zarządzanie sprzedażą, prawo jazdy kat. B, sprzedaż"
Synergy sp. z o.o.,qualified,50.0,Partner Biznesowy Orange / Manager Zespołu Sprzedażowego Orange,generic_sales,50,,Chojnice,mobile,,c_level,rocketjobs.pl,https://rocketjobs.pl/oferta-pracy/synergy-sp-z-o-o--partner-biznesowy-orange-manager-zespolu-sprzedazowego-orange-chojnice-sales-it-i-telekomunikacja-4ee22930,2026-09-17,"zarządzanie zespołem, zarządzanie projektami, bussines development, zarządzanie sprzedażą, prawo jazdy kat. B, sprzedaż"
Hotel Dworek Wapionka,qualified,49.3,Specjalista ds. Sprzedaży Konferencji i Eventów Firmowych (k/m),sales_specialist,60,,Górzno,,6500.0-13000.0 PLN permanent,Mid,nofluffjobs.com,https://nofluffjobs.com/pl/job/specjalista-ds-sprzedazy-konferencji-i-eventow-firmowych-k-m-hotel-dworek-wapionka-gorzno,2026-09-29,"Sprzedaż, Wysoka motywacja, Kulura osobista, Aktywne pozyskiwanie klienta"
Hotel Dworek Wapionka,qualified,49.3,Specjalista ds. Sprzedaży Konferencji i Eventów Firmowych (k/m),sales_specialist,60,,Rypin,,6500.0-13000.0 PLN permanent,Mid,nofluffjobs.com,https://nofluffjobs.com/pl/job/specjalista-ds-sprzedazy-konferencji-i-eventow-firmowych-k-m-hotel-dworek-wapionka-rypin,2026-09-29,"Sprzedaż, Wysoka motywacja, Kulura osobista, Aktywne pozyskiwanie klienta"
Hotel Dworek Wapionka,qualified,49.3,Specjalista ds. Sprzedaży Konferencji i Eventów Firmowych (k/m),sales_specialist,60,,Działdowo,,6500.0-13000.0 PLN permanent,Mid,nofluffjobs.com,https://nofluffjobs.com/pl/job/specjalista-ds-sprzedazy-konferencji-i-eventow-firmowych-k-m-hotel-dworek-wapionka-dzialdowo,2026-09-29,"Sprzedaż, Wysoka motywacja, Kulura osobista, Aktywne pozyskiwanie klienta"
Hotel Dworek Wapionka,qualified,49.3,Specjalista ds. Sprzedaży Konferencji i Eventów Firmowych (k/m),sales_specialist,60,,Brodnica,,6500.0-13000.0 PLN permanent,Mid,nofluffjobs.com,https://nofluffjobs.com/pl/job/specjalista-ds-sprzedazy-konferencji-i-eventow-firmowych-k-m-hotel-dworek-wapionka-brodnica,2026-09-29,"Sprzedaż, Wysoka motywacja, Kulura osobista, Aktywne pozyskiwanie klienta"
Mettler Toledo,qualified,49.1,Inżynier/ka Sprzedaży (Wagi Przemysłowe),generic_sales,54,remote,Warszawa,remote,,mid,rocketjobs.pl,https://rocketjobs.pl/oferta-pracy/mettler-toledo-inzynier-ka-sprzedazy-wagi-przemyslowe--warszawa-sales-inzynieria-technika-produkcja,2026-07-21,"analiza danych rynkowych, myślenie strategiczne, umiejętności negocjacyjne"
Mettler Toledo,qualified,49.1,Sales Administration Specialist (all genders),generic_sales,50,,Warszawa,hybrid,,mid,rocketjobs.pl,https://rocketjobs.pl/oferta-pracy/mettler-toledo-sales-administration-specialist-all-genders--warszawa-sales-inne,2026-09-24,"Attention to details, Strong customer orientation"
Mettler Toledo,qualified,49.1,Sales Administration Specialist with French (all genders),generic_sales,50,,Warszawa,hybrid,,mid,rocketjobs.pl,https://rocketjobs.pl/oferta-pracy/mettler-toledo-sales-administration-specialist-with-french-all-genders--warszawa-sales-inne,2026-09-24,"Attention to details, Strong customer orientation"
Mettler Toledo,qualified,49.1,Sales Administration Specialist with English (all genders),generic_sales,50,,Warszawa,hybrid,,mid,rocketjobs.pl,https://rocketjobs.pl/oferta-pracy/mettler-toledo-sales-administration-specialist-with-english-all-genders--warszawa-sales-inne,2026-07-14,"focus to details, customer orientation, service-oriented work"
Mettler Toledo,qualified,49.1,Sales Administration Specialist with German (all genders),generic_sales,50,,Warszawa,hybrid,,mid,rocketjobs.pl,https://rocketjobs.pl/oferta-pracy/mettler-toledo-sales-administration-specialist-with-german-all-genders--warszawa-sales-inne,2026-09-25,"Attention to details, Strong customer orientation"
Pronar sp. z o.o.,qualified,49.1,Przedstawiciel(ka) handlowy/a,generic_sales,54,b2b_inbound_outbound,Paryż,mobile,,mid,rocketjobs.pl,https://rocketjobs.pl/oferta-pracy/pronar-sp-z-o-o--przedstawiciel-ka-handlowy-a-paryz-sales-inzynieria-technika-produkcja-41a61f0d,2026-09-02,"B2B, branża rolnicza, sprzedaż"
Pronar sp. z o.o.,qualified,49.1,Przedstawiciel(ka) handlowy/a - Brańsk,generic_sales,50,,Brańsk,mobile,,mid,rocketjobs.pl,https://rocketjobs.pl/oferta-pracy/pronar-sp-z-o-o--przedstawiciel-ka-handlowy-a---bransk-bransk-sales-inzynieria-technika-produkcja,2026-03-03,prawo jazdy kat. B
Pronar sp. z o.o.,qualified,49.1,Przedstawiciel(ka) handlowy/a - Łany,generic_sales,50,,Łany,mobile,,mid,rocketjobs.pl,https://rocketjobs.pl/oferta-pracy/pronar-sp-z-o-o--przedstawiciel-ka-handlowy-a---lany-lany-sales-inzynieria-technika-produkcja,2026-08-19,"prawo jazdy kat. B, sprzedaż, analiza"
Pronar sp. z o.o.,qualified,49.1,Przedstawiciel(ka) handlowy/a - Wasilków,generic_sales,50,,Wasilków,mobile,,mid,rocketjobs.pl,https://rocketjobs.pl/oferta-pracy/pronar-sp-z-o-o--przedstawiciel-ka-handlowy-a---wasilkow-wasilkow-sales-inzynieria-technika-produkcja-9ad52873,2026-09-02,"prawo jazdy kat. B, analiza, sprzedaż"
Pronar sp. z o.o.,qualified,49.1,Przedstawiciel(ka) handlowy/a - Sztabin,generic_sales,50,,Sztabin,mobile,,mid,rocketjobs.pl,https://rocketjobs.pl/oferta-pracy/pronar-sp-z-o-o--przedstawiciel-ka-handlowy-a---sztabin-sztabin-sales-inzynieria-technika-produkcja-3ca41f54,2026-09-16,prawo jazdy kat. B
Asseco Data Systems,disqualified,49.0,Specjalista ds. sprzedaży (k/m/os.),sales_specialist,65,script_crm,Warszawa,office,,mid,rocketjobs.pl,https://rocketjobs.pl/oferta-pracy/asseco-data-systems-specjalista-ds-sprzedazy-k-m-os--warszawa-sales-it-i-telekomunikacja-b212cc48,2026-09-24,"CRM, MS Office, budowanie relacji z klientami, utrzymywanie relacji z klientami, przygotowywanie ofert przetargowych, znajomość sektora publicznego, prawo jazdy kat. B"
Asseco Data Systems,disqualified,49.0,Key account manager (z j. polskim),account_mgmt,59,remote,Warszawa,remote,,mid,rocketjobs.pl,https://rocketjobs.pl/oferta-pracy/asseco-data-systems-key-account-manager-z-j-polskim--warszawa-sales-it-i-telekomunikacja-7bdacf25,2026-07-31,"Doskonałe posługiwanie się językiem polskim, komunikatywność, sprzedaż, elastyczność, organizacja pracy"
Asseco Data Systems,disqualified,49.0,Key account manager (z j. angielskim),account_mgmt,55,,Warszawa,mobile,,mid,rocketjobs.pl,https://rocketjobs.pl/oferta-pracy/asseco-data-systems-key-account-manager-z-j-angielskim--warszawa-sales-it-i-telekomunikacja-a32c3e63,2026-07-31,"sprzedaż produktów i usług dla uczelni wyższych, Przygotowywanie ofert handlowych, negocjowanie umów z klientami, monitorowanie rynku, prowadzenie spotkań, analiza potrzeb klienta"
Verseo,qualified,48.7,Customer Success & Growth Specialist (m/f/d),account_mgmt,70,junior_ramp|script_crm|b2b_inbound_outbound,Poznań,,5000.0-5000.0 PLN b2b,Junior,nofluffjobs.com,https://nofluffjobs.com/pl/job/customer-success-growth-specialist-m-f-d-verseo-poznan,2026-09-30,"Sprzedaż B2B, Obsługa Klienta, HubSpot, Google Ads"
Verseo,qualified,48.7,Digital Sales Expert (m/f/d),generic_sales,50,,Poznań,,7000.0-7000.0 PLN b2b,Mid,nofluffjobs.com,https://nofluffjobs.com/pl/job/digital-sales-expert-m-f-d-verseo-poznan,2026-09-30,"KPI, Targety, pl"
Grunt to Mazury,qualified,48.4,Specjalista/Specjalistka ds. sprzedaży gruntów,sales_specialist,64,b2b_inbound_outbound,Olsztyn,office,10000-22000 PLN/month b2b,mid,rocketjobs.pl,https://rocketjobs.pl/oferta-pracy/grunt-to-mazury-specjalista-specjalistka-ds-sprzedazy-gruntow-olsztyn-sales-nieruchomosci-budownictwo-6f2e6b01,2026-07-03,"customer service, sprzedaż B2B, sprzedaż"
Grunt to Mazury,qualified,48.4,Specjalista/Specjalistka ds. sprzedaży,sales_specialist,60,,Olsztyn,office,10000-22000 PLN/month b2b,mid,rocketjobs.pl,https://rocketjobs.pl/oferta-pracy/grunt-to-mazury-specjalista-specjalistka-ds-sprzedazy-olsztyn-sales-nieruchomosci-budownictwo-de9fabd2,2026-08-26,"sprzedaż, negocjacje"
Grunt to Mazury,qualified,48.4,Key Account Manager,account_mgmt,59,b2b_inbound_outbound,Olsztyn,office,12000-25000 PLN/month b2b,mid,rocketjobs.pl,https://rocketjobs.pl/oferta-pracy/grunt-to-mazury-key-account-manager-olsztyn-sales-nieruchomosci-budownictwo-9b910b8f,2026-08-26,"sprzedaż, negocjacje, cold colling"
EVAMATS Sp. z o.o.,qualified,48.3,Specjalista ds. Sprzedaży,sales_specialist,75,remote|junior_ramp|script_crm,Gdańsk,remote,5100-12000 PLN/month mandate_contract,junior,rocketjobs.pl,https://rocketjobs.pl/oferta-pracy/evamats-sp-z-o-o--specjalista-ds-sprzedazy-gdansk-sales-motoryzacja-transport-5f2ad444,2026-09-17,"CRM, branża motoryzacyjna, sprzedaż, e-commerce"
Carrefour Polska Sp. z o.o.,disqualified,46.7,Doradca / Doradczyni Sklepu ds. Handlowych,generic_sales,50,,Warszawa,office,,mid,rocketjobs.pl,https://rocketjobs.pl/oferta-pracy/carrefour-polska-sp-z-o-o--doradca-doradczyni-sklepu-ds-handlowych-warszawa-sales-sieci-handlowe,2026-09-14,"obsługa klienta, obsługa kas, Przygotowanie Produktów"
Carrefour Polska Sp. z o.o.,disqualified,46.7,Ekspert / Ekspertka ds. rozwoju sprzedaży,generic_sales,50,,Warszawa,hybrid,,mid,rocketjobs.pl,https://rocketjobs.pl/oferta-pracy/carrefour-polska-sp-z-o-o--ekspert-ekspertka-rozwoju-formatow-i-konceptow-handlowych-warszawa-sales-inne,2026-09-18,"Analiza Danych, sprzedaż, Excel"
Carrefour Polska Sp. z o.o.,disqualified,46.7,Ekspert / Ekspertka Sklepu ds Handlowych,generic_sales,50,,Oświęcim,office,,mid,rocketjobs.pl,https://rocketjobs.pl/oferta-pracy/carrefour-polska-sp-z-o-o--ekspert-ekspertka-sklepu-ds-handlowych-oswiecim-sales-sieci-handlowe,2026-10-02,"obsługa klienta, merchandising, Microsoft Office, HACCP, BHP, visual merchandising"
Carrefour Polska Sp. z o.o.,disqualified,46.7,Ekspert / Ekspertka sklepu ds handlowych,generic_sales,50,,Warszawa,office,,mid,rocketjobs.pl,https://rocketjobs.pl/oferta-pracy/carrefour-polska-sp-z-o-o--ekspert-ekspertka-sklepu-ds-handlowych-warszawa-sales-sieci-handlowe,2026-09-11,"obsługa klienta, merchandising, Microsoft Office, HACCP, BHP, visual merchandising"
Carrefour Polska Sp. z o.o.,disqualified,46.7,Ekspert / Ekspertka Sklepu ds. Handlowych,generic_sales,50,,Warszawa,Stacjonarna,,,praca.pl,https://www.praca.pl/ekspert-ekspertka-sklepu-ds-handlowych_11458693.html,wczoraj,"Twój dzień w Carrefour to: codzienne wsparcie Koordynatora lub Koordynatorki w sprawnym prowadzeniu zmiany, rozdzielaniu zadań w zespole i dbaniu o wspólne bezpieczeństwo, sprawna obsługa kas i dbanie o wysoki standard obsługi klientów, nadzorowanie jakości i świeżości produktów zgodnie..."
Centralna Agencja Bezpieczeństwa Biznesu,qualified,46.3,Młodszy Specjalista ds. sprzedaży,sales_specialist,66,junior_ramp,Wrocław,office,5292-8400 PLN/hour mandate_contract,junior,rocketjobs.pl,https://rocketjobs.pl/oferta-pracy/centralna-agencja-bezpieczenstwa-biznesu-mlodszy-specjalista-ds-sprzedazy-wroclaw-sales-uslugi-profesjonalne,2026-08-28,"skuteczna komunikacja, utrzymywanie relacji, budowanie realcji"
Centralna Agencja Bezpieczeństwa Biznesu,qualified,46.3,Specjalista ds. sprzedaży,sales_specialist,64,b2b_inbound_outbound,Wrocław,office,8568-13440 PLN/hour mandate_contract,mid,rocketjobs.pl,https://rocketjobs.pl/oferta-pracy/centralna-agencja-bezpieczenstwa-biznesu-specjalista-ds-sprzedazy-wroclaw-sales-uslugi-profesjonalne,2026-08-28,"skuteczna komunikacja, Utrzymywanie relacji B2B, budowanie realcji, windykacja, sprzedaż"
Bea Beleza Polska Sp. k.,qualified,45.7,Opiekun Marki - Branża Beauty,account_mgmt,65,junior_ramp|b2b_inbound_outbound,Wrocław,mobile,6000-18000 PLN/month permanent,junior,rocketjobs.pl,https://rocketjobs.pl/oferta-pracy/bea-beleza-polska-sp-k--opiekun-marki---branza-beauty-wroclaw-sales-kosmetyki-chemia,2026-07-13,"prawo jazdy kat. B, obsługa klienta, sprzedaż, sprzedaż B2B"
Bea Beleza Polska Sp. k.,qualified,45.7,Opiekun Handlowy,account_mgmt,59,b2b_inbound_outbound,Poznań,mobile,,mid,rocketjobs.pl,https://rocketjobs.pl/oferta-pracy/bea-beleza-polska-sp-k--opiekun-handlowy-poznan-sales-kosmetyki-chemia,2026-09-14,"prawo jazdy kat. B, sprzedaż B2B, obsługa klienta, negocjacje"
IDEA COMMERCE S.A.,qualified,45.3,Junior Pre-Sales,generic_sales,70,phone|junior_ramp|b2b_inbound_outbound,Bydgoszcz,office,6000-8000 PLN/month permanent,junior,rocketjobs.pl,https://rocketjobs.pl/oferta-pracy/idea-commerce-s-a--pre-sales-specialist-bydgoszcz-sales-it-i-telekomunikacja-e2d2561d,2026-09-15,"cold calling, sprzedaż, obsługa klienta"
LEBO recruitment,disqualified,45.3,Przedstawiciel Handlowy HVAC i OZE,high_ticket_b2c,70,,Szczecin,Mobilna,,,praca.pl,https://www.praca.pl/przedstawiciel-handlowy-hvac-i-oze_11503579.html,6 dni temu,Główne zadania: Realizacja planów sprzedaży z zakresu urządzeń HVAC oraz produktów OZE Doradztwo techniczne i produktowe dla Klientów Organizacja szkoleń technicznych i projektów marketingowych dla Klientów Koordynacja procesu realizacji zamówień we współpracy z centralą firmy
PGD RG Motors Sp. z o.o.,qualified,45.3,Sprzedawca Samochodów Dacia (k/m),high_ticket_b2c,70,,Mory,office,,mid,rocketjobs.pl,https://rocketjobs.pl/oferta-pracy/pgd-rg-motors-sp-z-o-o--sprzedawca-samochodow-dacia-k-m--mory-sales-motoryzacja-transport,2026-08-13,"sprzedaż, obsługa klienta, Motoryzacja, prawo jazdy kat. B, Microsoft Office"
Alkam Security,qualified,45.1,Specjalista / Specjalistka ds. Sprzedaży,sales_specialist,64,b2b_inbound_outbound,Toruń,office,7000-9000 PLN/month permanent,mid,rocketjobs.pl,https://rocketjobs.pl/oferta-pracy/alkam-security-specjalista-specjalistka-ds-sprzedazy-torun-sales-inzynieria-technika-produkcja-6dd604b0,2026-09-21,"doradztwo, B2B marketing, elektronika, prawo jazdy kat. B, e-mail marketing, e-commerce, sprzedaż"
Alkam Security,qualified,45.1,Kierownik ds. Handlowych,generic_sales,54,b2b_inbound_outbound,Toruń,office,7000-9000 PLN/month permanent,mid,rocketjobs.pl,https://rocketjobs.pl/oferta-pracy/alkam-security-kierownik-ds-handlowych-torun-sales-inzynieria-technika-produkcja-6f9f45f8,2026-09-17,"doradztwo, B2B marketing, elektronika, prawo jazdy kat. B, e-mail marketing, e-commerce, sprzedaż"
AUDIOSTACJA Sp z o o,qualified,45.1,Handlowiec,sales_specialist,64,b2b_inbound_outbound,Warszawa,office,,mid,rocketjobs.pl,https://rocketjobs.pl/oferta-pracy/audiostacja-sp-z-o-o-handlowiec-warszawa-sales-rtv-agd-artykuly-przemyslowe,2026-10-01,"Handel, handel B2B, prawo jazdy kat. B, obsługa klienta"
AUDIOSTACJA Sp z o o,qualified,45.1,Opiekun marki (Brand Manager),account_mgmt,55,,Warszawa,office,,mid,rocketjobs.pl,https://rocketjobs.pl/oferta-pracy/audiostacja-sp-z-o-o-opiekun-marki-brand-manager--warszawa-sales-inne,2026-09-14,"Brand Manager, prawo jazdy kat. B, organizacja pracy, branding"
ITH Sp. z o.o.,qualified,45.1,Handlowiec,sales_specialist,64,b2b_inbound_outbound,Kraków,hybrid,,mid,rocketjobs.pl,https://rocketjobs.pl/oferta-pracy/ith-sp-z-o-o--handlowiec-krakow-sales-it-i-telekomunikacja-1513ae66,2026-08-25,"B2B, sprzedaż B2B, prawo jazdy kat. B, negocjacje, obsługa klienta, sprzedaż"
ITH Sp. z o.o.,qualified,45.1,Account Manager - Obsługa Klienta,account_mgmt,61,junior_ramp,Kraków,hybrid,4000-7000 PLN/month any,junior,rocketjobs.pl,https://rocketjobs.pl/oferta-pracy/ith-sp-z-o-o--account-manager---obsluga-klienta-krakow-sales-it-i-telekomunikacja-dee35cb3,2026-08-25,"branża IT, it, słuchanie, prawo jazdy kat. B, pomocność"
Archimedes sp. z o.o.,qualified,44.7,Specjalista/Specjalistka ds. Sprzedaży - Systemy Transportu Wewnętrznego,sales_specialist,69,script_crm|b2b_inbound_outbound,Dąbrowa Górnicza,mobile,,mid,rocketjobs.pl,https://rocketjobs.pl/oferta-pracy/archimedes-sp-z-o-o--specjalista-specjalistka-ds-sprzedazy---systemy-transportu-wewnetrznego-dabrowa-gornicza-sales-inzynieria-technika-produkcja,2026-09-22,"sprzedaż B2B, pozyskiwanie klientów, sprzedaż doradcza, negocjacje handlowe, badanie potrzeb klienta, CRM, zarządzanie szansami sprzedażowymi, współpraca z ekspertami technicznymi"
Skysnap Sp. z o.o.,qualified,44.7,Specjalista / Specjalistka ds. sprzedaży,sales_specialist,69,script_crm|b2b_inbound_outbound,Warszawa,hybrid,,manager,rocketjobs.pl,https://rocketjobs.pl/oferta-pracy/skysnap-sp-z-o-o--specjalista-specjalistka-ds-sprzedazy-warszawa-sales-nieruchomosci-budownictwo,2026-09-09,"CRM, B2B, sprzedaż B2B, SaaS, SDR, sprzedaż"
Wizerunek Plus Sp. z o.o.,qualified,44.1,Specjalista ds. sprzedaży,sales_specialist,68,remote|b2b_inbound_outbound,Warszawa,remote,6000-9000 PLN/month b2b,mid,rocketjobs.pl,https://rocketjobs.pl/oferta-pracy/wizerunek-plus-sp-z-o-o--specjalista-ds-sprzedazy-warszawa-sales-marketing-reklama-media,2026-09-24,"sprzedaż, sprzedaż B2B, negocjacje"
Wolters Kluwer Polska Sp. z o.o.,qualified,44.1,Specjalista/Specjalistka ds. sprzedaży systemów informacji prawnej dla firm,sales_specialist,68,remote|b2b_inbound_outbound,Warszawa,remote,,mid,rocketjobs.pl,https://rocketjobs.pl/oferta-pracy/wolters-kluwer-polska-sp-z-o-o--specjalista-specjalistka-ds-sprzedazy-systemow-informacji-prawnej-dla-firm-warszawa-sales-uslugi-profesjonalne-4189569b,2026-09-08,"sprzedaż, sprzedaż B2B"
PAN VIKING SPÓŁKA Z OGRANICZONĄ ODPOWIEDZIALNOŚCIĄ,qualified,43.6,Lider/ Liderka Sprzedaży | PAN VIKING,generic_sales,56,junior_ramp,Bydgoszcz,mobile,5000-8000 PLN/month b2b,junior,rocketjobs.pl,https://rocketjobs.pl/oferta-pracy/pan-viking-spolka-z-ograniczona-odpowiedzialnoscia-lider-liderka-sprzedazy-pan-viking-bydgoszcz-sales-turystyka-hotelarstwo-catering,2026-09-30,"skuteczna komunikacja, sprzedaż, zarządzanie sprzedażą, zarządzanie zespołem"
PAN VIKING SPÓŁKA Z OGRANICZONĄ ODPOWIEDZIALNOŚCIĄ,qualified,43.6,Manager / Managerka Sprzedaży,generic_sales,50,,Łódź,office,12000-16000 PLN/month b2b,manager,rocketjobs.pl,https://rocketjobs.pl/oferta-pracy/pan-viking-spolka-z-ograniczona-odpowiedzialnoscia-manager-managerka-sprzedazy-lodz-sales-turystyka-hotelarstwo-catering,2026-09-08,"skuteczna komunikacja, zarządzanie sprzedażą, sprzedaż"
PAN VIKING SPÓŁKA Z OGRANICZONĄ ODPOWIEDZIALNOŚCIĄ,qualified,43.6,Manager / managerka zespołu rozwoju sieci sprzedaży | Bronisze k./ Warszawy,generic_sales,50,,Bronisze,office,,c_level,rocketjobs.pl,https://rocketjobs.pl/oferta-pracy/pan-viking-spolka-z-ograniczona-odpowiedzialnoscia-manager-managerka-zespolu-rozwoju-sieci-sprzedazy-bronisze-sales-turystyka-hotelarstwo-catering,2026-09-21,"account manager, analiza, sprzedaż, dobra organizacja pracy"
Tubes International sp. z oo,qualified,43.6,Asystent / Asystentka ds. handlowo–technicznych Łódź,generic_sales,56,junior_ramp,Łódź,mobile,,junior,rocketjobs.pl,https://rocketjobs.pl/oferta-pracy/tubes-international-sp-z-oo-asystent-asystentka-ds-handlowo-technicznych-lodz-lodz-sales-inzynieria-technika-produkcja,2026-09-18,"wykształcenie techniczne, prawo jazdy kat. B, Microsoft Office, obsługa klienta, sprzedaż"
Tubes International sp. z oo,qualified,43.6,Asystent / Asystentka ds. handlowo–technicznych Gdynia,generic_sales,56,junior_ramp,Gdynia,mobile,,junior,rocketjobs.pl,https://rocketjobs.pl/oferta-pracy/tubes-international-sp-z-oo-asystent-asystentka-ds-handlowo-technicznych-gdynia-gdynia-sales-inzynieria-technika-produkcja,2026-09-16,"wykształcenie techniczne, prawo jazdy kat. B, Microsoft Office, obsługa klienta"
Tubes International sp. z oo,qualified,43.6,Asystent/ka ds. handlowo–technicznych,generic_sales,56,junior_ramp,Gliwice,mobile,,junior,rocketjobs.pl,https://rocketjobs.pl/oferta-pracy/tubes-international-sp-z-oo-asystent-ka-ds-handlowo-technicznych-gliwice-sales-inzynieria-technika-produkcja,2026-09-21,"wykształcenie techniczne, prawo jazdy kat. B, Microsoft Office, obsługa klienta, sprzedaż"
ITFS Sp. z o.o.,qualified,43.5,Key Account Assistant,account_mgmt,67,video_calls|junior_ramp,Warszawa,,4810.0-5300.0 PLN permanent,Junior,nofluffjobs.com,https://nofluffjobs.com/pl/job/key-account-assistant-itfs-warszawa-1,2026-09-29,"Komunikatywność, Praca zespołowa, Narzędzia online, Bazy danych"
BLUEBINARY,qualified,43.4,Specjalista ds. Obsługi Klienta,customer_service,39,remote,Remote,remote,5500.0-7000.0 PLN b2b,Mid,nofluffjobs.com,https://nofluffjobs.com/pl/job/specjalista-ds-obslugi-klienta-bluebinary-remote,2026-10-03,"Intercom, Crisp.chat, Rynek gamingowy, E-sport"
BLUEBINARY,qualified,43.4,Specjalista ds. Obsługi Klienta,customer_service,39,remote,Wrocław,remote,5500.0-7000.0 PLN b2b,Mid,nofluffjobs.com,https://nofluffjobs.com/pl/job/specjalista-ds-obslugi-klienta-bluebinary-wroclaw,2026-10-03,"Intercom, Crisp.chat, Rynek gamingowy, E-sport"
BLUEBINARY,qualified,43.4,Specjalista ds. Obsługi Klienta,customer_service,39,remote,Warszawa,remote,5500.0-7000.0 PLN b2b,Mid,nofluffjobs.com,https://nofluffjobs.com/pl/job/specjalista-ds-obslugi-klienta-bluebinary-warszawa,2026-10-03,"Intercom, Crisp.chat, Rynek gamingowy, E-sport"
BLUEBINARY,qualified,43.4,Specjalista ds. Obsługi Klienta,customer_service,39,remote,Gdańsk,remote,5500.0-7000.0 PLN b2b,Mid,nofluffjobs.com,https://nofluffjobs.com/pl/job/specjalista-ds-obslugi-klienta-bluebinary-gdansk,2026-10-03,"Intercom, Crisp.chat, Rynek gamingowy, E-sport"
BLUEBINARY,qualified,43.4,Specjalista ds. Obsługi Klienta,customer_service,39,remote,Kraków,remote,5500.0-7000.0 PLN b2b,Mid,nofluffjobs.com,https://nofluffjobs.com/pl/job/specjalista-ds-obslugi-klienta-bluebinary-krakow,2026-10-03,"Intercom, Crisp.chat, Rynek gamingowy, E-sport"
BLUEBINARY,qualified,43.4,Specjalista ds. Obsługi Klienta,customer_service,39,remote,Poznań,remote,5500.0-7000.0 PLN b2b,Mid,nofluffjobs.com,https://nofluffjobs.com/pl/job/specjalista-ds-obslugi-klienta-bluebinary-poznan,2026-10-03,"Intercom, Crisp.chat, Rynek gamingowy, E-sport"
Totalizator Sportowy,qualified,43.3,Specjalista / Specjalistka ds. wsparcia sprzedaży (analizy sprzedaży) Rzeszów,generic_sales,50,,Rzeszów,office,,mid,rocketjobs.pl,https://rocketjobs.pl/oferta-pracy/totalizator-sportowy-specjalista-specjalistka-ds-wsparcia-sprzedazy-analizy-sprzedazy-rzeszow-rzeszow-sales-uslugi-profesjonalne,2026-09-28,"Microsoft Office Excel, analiza, Microsoft Office"
Totalizator Sportowy,qualified,43.3,Kierownik / Kierowniczka Regionu Sprzedaży (sieć własna) Warszawa,generic_sales,50,,Warszawa,mobile,,mid,rocketjobs.pl,https://rocketjobs.pl/oferta-pracy/totalizator-sportowy-kierownik-kierowniczka-regionu-sprzedazy-siec-wlasna-warszawa-warszawa-sales-uslugi-profesjonalne,2026-09-17,"sprzedaż, prawo jazdy kat. B, Microsoft Office, Microsoft Office Excel"
Totalizator Sportowy,qualified,43.3,Przedstawiciel / Przedstawicielka Rejonu Sprzedaży (sieć agencyjna) Rzeszów,generic_sales,50,,Rzeszów,mobile,,mid,rocketjobs.pl,https://rocketjobs.pl/oferta-pracy/totalizator-sportowy-przedstawiciel-przedstawicielka-rejonu-sprzedazy-siec-agencyjna-rzeszow-rzeszow-sales-uslugi-profesjonalne,2026-09-25,"sprzedaż, Microsoft Office, Microsoft Office Excel, prawo jazdy kat. B"
Totalizator Sportowy,qualified,43.3,Przedstawiciel / Przedstawicielka Rejonu Sprzedaży (sieć agencyjna) Wrocław,generic_sales,50,,Wrocław,mobile,,mid,rocketjobs.pl,https://rocketjobs.pl/oferta-pracy/totalizator-sportowy-przedstawiciel-przedstawicielka-rejonu-sprzedazy-siec-agencyjna-wroclaw-wroclaw-sales-uslugi-profesjonalne,2026-09-25,"sprzedaż, Microsoft Office, Microsoft Office Excel, prawo jazdy kat. B"
Aperam Stainless Services & Solutions Poland,qualified,43.0,Sales - Key Account Customers,account_mgmt,55,,Katowice,hybrid,6455-8000 PLN/month permanent,mid,rocketjobs.pl,https://rocketjobs.pl/oferta-pracy/aperam-stainless-services-solutions-poland-sales---key-account-customers-katowice-sales-rtv-agd-artykuly-przemyslowe,2026-09-04,SAP
Aperam Stainless Services & Solutions Poland,qualified,43.0,Sales – End Users Network (with French),generic_sales,50,,Katowice,hybrid,6455-8000 PLN/month permanent,mid,rocketjobs.pl,https://rocketjobs.pl/oferta-pracy/aperam-stainless-services-solutions-poland-sales---end-users-network-with-french--katowice-sales-rtv-agd-artykuly-przemyslowe,2026-09-04,SAP
Aperam Stainless Services & Solutions Poland,qualified,43.0,Sales Service (With German),generic_sales,50,,Katowice,hybrid,7300-9200 PLN/month permanent,mid,rocketjobs.pl,https://rocketjobs.pl/oferta-pracy/aperam-stainless-services-solutions-poland-sales-service-with-german--katowice-sales-rtv-agd-artykuly-przemyslowe-5ec14995,2026-09-02,"Microsoft Office, SAP"
Asco Systemy Informatyczne,qualified,42.9,Handlowiec - Wdrożeniowiec,sales_specialist,66,junior_ramp,Kraków,mobile,5000-15000 PLN/month permanent,mid,rocketjobs.pl,https://rocketjobs.pl/oferta-pracy/asco-systemy-informatyczne-handlowiec---wdrozeniowiec-krakow-sales-motoryzacja-transport,2026-09-29,"sprzedaż, prawo jazdy kat. B, Swobodna obsługa komputera"
Pomorskie Centrum Stomatologii Kryspin-Dent,qualified,42.9,Specjalista ds. Kontaktu (Handlowiec),sales_specialist,66,junior_ramp,Gdańsk,Stacjonarna,,Młodszy specjalista / młodsza specjalistka (junior) / specjalista / specjalistka (mid) / starszy specjalista / starsza specjalistka (senior),praca.pl,https://www.praca.pl/specjalista-ds-kontaktu-handlowiec_11507605.html,5 dni temu,"Wymagania: gotowość do pracy zmianowej, bardzo dobra znajomość języka angielskiego w mowie i piśmie B-2, bardzo dobra obsługa komputera, w szczególności programów biurowych, umiejętność profesjonalnej komunikacji i nawiązywania relacji, świetne umiejętności organizacyjne."
Salestube,qualified,42.9,Junior Growth & Sales Specialist,sales_specialist,66,junior_ramp,Warszawa,hybrid,,junior,rocketjobs.pl,https://rocketjobs.pl/oferta-pracy/salestube-junior-growth-sales-specialist-warszawa-sales-marketing-reklama-media-3bbbd20d,2026-09-09,Google Workspace
Adampol S.A.,qualified,42.7,Starszy Specjalista/ Starsza Specjalistka ds. sprzedaży usług logistycznych cargo,sales_specialist,60,,Warszawa,office,,senior,rocketjobs.pl,https://rocketjobs.pl/oferta-pracy/adampol-s-a--starszy-specjalista-starsza-specjalistka-ds-sprzedazy-uslug-logistycznych-cargo-warszawa-sales-motoryzacja-transport,2026-10-02,sprzedaż
Adampol S.A.,qualified,42.7,Starszy Specjalista/ Starsza Specjalistka ds. sprzedaży usług logistycznych cargo,sales_specialist,60,,Zaścianki,office,,senior,rocketjobs.pl,https://rocketjobs.pl/oferta-pracy/adampol-s-a--starszy-specjalista-starsza-specjalistka-ds-sprzedazy-uslug-logistycznych-cargo-zascianki-sales-motoryzacja-transport,2026-09-15,"sprzedaż, praca z klientem"
DPD Polska,disqualified,42.7,Specjalista/ Specjalistka ds. Sprzedaży,sales_specialist,60,,Komorniki,office,,mid,rocketjobs.pl,https://rocketjobs.pl/oferta-pracy/dpd-polska-specjalista-specjalistka-ds-sprzedazy-komorniki-sales-motoryzacja-transport-75f951e5,2026-08-20,Wykształcenie średnie
DPD Polska,disqualified,42.7,Specjalista/Specjalistka ds. Wsparcia Sprzedaży DPD Food,generic_sales,50,,Kowale,hybrid,,mid,rocketjobs.pl,https://rocketjobs.pl/oferta-pracy/dpd-polska-specjalista-specjalistka-ds-wsparcia-sprzedazy-dpd-food-kowale-sales-uslugi-profesjonalne,2026-09-28,"Microsoft Office, Wykształcenie średnie, obsługa klienta, sprzedaż"
Elis Textile Service Sp. z o.o.,qualified,42.7,Specjalista / Specjalistka ds. Sprzedaży,sales_specialist,60,,dolnośląskie,Mobilna,,,praca.pl,https://www.praca.pl/specjalista-specjalistka-ds-sprzedazy_11471536.html,2 dni temu,"Zadania Aktywne budowanie bazy kontrahentów poprzez regularne działania w terenie. Eksperckie doradztwo w zakresie systemów higienicznych, mat i produktów przemysłowych. Maksymalizacja zysków poprzez rozszerzanie współpracy z obecnymi klientami. Projektowanie rozwiązań handlowych..."
Elis Textile Service Sp. z o.o.,qualified,42.7,Serwisant - Pracownik Działu Obsługi Klienta,customer_service,41,junior_ramp,Legnica,Stacjonarna,,Młodszy specjalista / młodsza specjalistka (junior) / specjalista / specjalistka (mid),praca.pl,https://www.praca.pl/serwisant-pracownik-dzialu-obslugi-klienta_11525581.html,22 godzin temu,"Poszukujemy osoby do wsparcia obsługi Klienta na 1/2 etatu, która będzie odpowiedzialna za koordynację obiegu odzieży u Klienta, nadzór nad dostawami i dokumentacją oraz zapewnienie sprawnej realizacji codziennych procesów operacyjnych. Twoje zadania Wykonywanie pomiarów pracowników..."
ERLI S. A.,qualified,42.7,Trade Marketing & Sales Specialist,sales_specialist,60,,Poznań,hybrid,8000-12000 PLN/month permanent,mid,rocketjobs.pl,https://rocketjobs.pl/oferta-pracy/erli-s-a--trade-marketing-specialist-poznan-sales-marketing-reklama-media,2026-07-09,"sprzedaż, e-commerce, marketing"
ERLI S.A.,qualified,42.7,Sales Support Specialist,generic_sales,50,,Poznań,hybrid,6000-8000 PLN/month permanent,mid,rocketjobs.pl,https://rocketjobs.pl/oferta-pracy/erli-s-a--sales-support-specialist-poznan-sales-it-i-telekomunikacja,2026-09-29,"Microsoft Office Excel, obsługa klienta, administracja"
Formaster S.A.,qualified,42.7,Specjalista ds. Sprzedaży (m/k),sales_specialist,60,,Kielce,office,8000-10000 PLN/month permanent,senior,rocketjobs.pl,https://rocketjobs.pl/oferta-pracy/formaster-s-a--specjalista-ds-sprzedazy-m-k--kielce-sales-sieci-handlowe,2026-07-16,"sprzedaż, praca z klientem, analiza, strategiczne planowanie"
Formaster S.A.,qualified,42.7,Key Account Manager (M/K),account_mgmt,60,script_crm,Bilcza,office,9000-11000 PLN/month permanent,mid,rocketjobs.pl,https://rocketjobs.pl/oferta-pracy/formaster-s-a--key-account-manager-bilcza-sales-sieci-handlowe,2026-07-20,"praca z klientem, sprzedaż, CRM, ERP, analiza, raportowanie"
JAKMET Sp. z o.o.,qualified,42.7,Specjalista / Specjalistka ds. Sprzedaży Międzynarodowej,sales_specialist,60,,"Sobienki, pow. otwocki, gm. Osieck",Hybrydowa,9 050 - 10 520 zł brutto/mies.,,praca.pl,https://www.praca.pl/specjalista-specjalistka-ds-sprzedazy-miedzynarodowej_11449306.html,3 dni temu,Zakres obowiązków: Rozwijanie sprzedaży na rynkach zagranicznych poprzez pozyskiwanie nowych klientów i opiekę nad obecnymi partnerami. Przygotowywanie ofert handlowych oraz prowadzenie negocjacji biznesowych. Koordynowanie procesu realizacji zamówień eksportowych. Współpraca z działami...
JAKMET Sp. z o.o.,qualified,42.7,Specjalista / Specjalistka ds. Sprzedaży Eksportowej,sales_specialist,60,,"Sobienki, pow. otwocki, gm. Osieck",Hybrydowa,9 050 - 10 520 zł brutto/mies.,,praca.pl,https://www.praca.pl/specjalista-specjalistka-ds-sprzedazy-eksportowej_11449303.html,5 dni temu,Zakres obowiązków: Pozyskiwanie nowych klientów zagranicznych oraz rozwijanie współpracy z obecnymi partnerami. Budowanie i utrzymywanie długofalowych relacji biznesowych. Przygotowywanie ofert handlowych oraz prowadzenie negocjacji. Koordynowanie realizacji zamówień eksportowych....
AUTENTI sp.  z o.o.,qualified,42.3,Key Account Manager,account_mgmt,65,video_calls|remote,Warszawa,remote,,senior,rocketjobs.pl,https://rocketjobs.pl/oferta-pracy/autenti-sp-z-o-o--key-account-manager-warszawa-sales-it-i-telekomunikacja,2026-08-05,"RfP, RFI, demo, SaaS"
FOX FITTINGS Sp. z o.o,qualified,42.3,Export Sales Specialist (Africa),sales_specialist,65,script_crm,Wilamowice,office,,mid,rocketjobs.pl,https://rocketjobs.pl/oferta-pracy/fox-fittings-sp-z-o-o-export-sales-specialist-africa--wilamowice-sales-inzynieria-technika-produkcja,2026-09-16,"export sales, business development, Customer Relationship Management (CRM), Sales Negotiation, Market analysis, Communication Skills, goal orientation"
Nilen sp. z o. o.,qualified,42.3,Specjalista/Specjalistka ds. sprzedaży,sales_specialist,65,script_crm,Kraków,hybrid,9000-12000 PLN/month b2b,mid,rocketjobs.pl,https://rocketjobs.pl/oferta-pracy/nilen-sp-z-o-o--specjalista-specjalistka-ds-sprzedazy-krakow-sales-wyposazenie-domu,2026-09-15,"j.angielski, CRM, obsługa klienta, negocjacje, sprzedaż, zarządzanie sprzedażą"
BESTCAREERSHUB,qualified,42.1,Export Account Manager z niemieckim lub francuskim (m/k),account_mgmt,59,remote,Kraków,remote,11800-13000 PLN/month permanent,mid,rocketjobs.pl,https://rocketjobs.pl/oferta-pracy/bestcareershub-export-account-manager-z-niemieckim-lub-francuskim-m-k--krakow-sales-wyposazenie-domu,2026-08-25,"niemiecki, francuski"
BESTCAREERSHUB,qualified,42.1,Asystent ds. wsparcia sprzedaży (m/k),generic_sales,50,,Rzeszów,office,6800-8300 PLN/month permanent,mid,rocketjobs.pl,https://rocketjobs.pl/oferta-pracy/bestcareershub-asystent-ds-wsparcia-sprzedazy-m-k--rzeszow-sales-inzynieria-technika-produkcja,2026-10-03,"obsługą zamówień, Zakupy, produkcja, logistyka, sprzedaż"
Diverse CG Sp. z o.o. Sp.k.,qualified,42.1,Salesforce CPQ Consultant,generic_sales,59,remote|script_crm,Remote,remote,20160.0-21840.0 PLN b2b,Mid,nofluffjobs.com,https://nofluffjobs.com/pl/job/salesforce-cpq-consultant-diverse-cg-sp-k--remote,2026-10-03,"Salesforce, Salesforce CPQ, en"
Diverse CG Sp. z o.o. Sp.k.,qualified,42.1,Salesforce CPQ Consultant,generic_sales,59,remote|script_crm,Warszawa,remote,20160.0-21840.0 PLN b2b,Mid,nofluffjobs.com,https://nofluffjobs.com/pl/job/salesforce-cpq-consultant-diverse-cg-sp-k--warszawa,2026-10-03,"Salesforce, Salesforce CPQ, en"
Illustro,qualified,42.1,Dyrektor handlowy (K/M),generic_sales,59,script_crm|b2b_inbound_outbound,Katowice,office,15000-17000 PLN/month b2b,c_level,rocketjobs.pl,https://rocketjobs.pl/oferta-pracy/illustro-dyrektor-handlowy-k-m--katowice-sales-uslugi-profesjonalne,2026-08-31,"Realizacja celów sprzedażowych i marży, CRM, zarządzanie sprzedażą, sprzedaż B2B, negocjacje, asertywność, decyzyjność, zarządzanie zespołem"
Illustro,qualified,42.1,Key Account Manager ds. Rynku Nowoczesnego (Modern Trade) - Duże Sieci Handlowe (M/K),account_mgmt,55,,Zabrze,office,,senior,rocketjobs.pl,https://rocketjobs.pl/oferta-pracy/illustro-key-account-manager-ds-rynku-nowoczesnego-modern-trade---duze-sieci-handlowe-m-k--zabrze-sales-sieci-handlowe,2026-10-02,"Key Account Management, Modern Trade, negocjacje handlowe, współpraca z sieciami handlowymi, zarządzanie kluczowymi klientami, Forecasting sprzedaży, Sell-in / Sell-out, analiza danych sprzedażowych"
Mielewczyk Sp. z o. o.,qualified,42.1,Key Account Manager HoReCa,account_mgmt,59,b2b_inbound_outbound,Kartuzy,mobile,12000-14000 PLN/month permanent,senior,rocketjobs.pl,https://rocketjobs.pl/oferta-pracy/mielewczyk-sp-z-o-o--key-account-manager-horeca-kartuzy-sales-turystyka-hotelarstwo-catering,2026-07-08,"Key Account Manager, sprzedaż B2B, horeca"
Mielewczyk Sp. z o. o.,qualified,42.1,Key Account Manager,account_mgmt,55,,Gowidlino,mobile,,mid,rocketjobs.pl,https://rocketjobs.pl/oferta-pracy/mielewczyk-sp-z-o-o--key-account-manager-gowidlino-sales-turystyka-hotelarstwo-catering,2026-10-02,"horeca, sprzedaż, Handel, handlowiec, PH"
Aerobits Sp. z o.o.,qualified,41.7,Specjalista ds. Sprzedaży – UAV i Lotnictwo (k/m),sales_specialist,64,b2b_inbound_outbound,Szczecin,,8500.0-11000.0 PLN permanent,Mid,nofluffjobs.com,https://nofluffjobs.com/pl/job/specjalista-ds-sprzedazy-uav-i-lotnictwo-k-m-aerobits-szczecin,2026-09-26,"Międzynarodowa sprzedaż B2B, Sprzedaż techniczna, Doświadczenie w branży elektronicznej, Wykształcenie techniczne"
Autobidmaster,qualified,41.7,"Account Manager/Sales Agent with English (+ AR, BG, RO, or CZ)",account_mgmt,64,script_crm|b2b_inbound_outbound,Warszawa,office,,mid,rocketjobs.pl,https://rocketjobs.pl/oferta-pracy/autobidmaster-account-manager-sales-agent-with-english-ar-bg-ro-or-cz--warszawa-sales-motoryzacja-transport,2026-09-09,"B2B & B2C Sales, Lead Conversion, US Auto Auctions, Copart, CRM & Zendesk, account management"
Chaos Gears,qualified,41.7,Account Manager IT& Healthcare,account_mgmt,64,script_crm|b2b_inbound_outbound,Warszawa,hybrid,17000-21000 PLN/month b2b,mid,rocketjobs.pl,https://rocketjobs.pl/oferta-pracy/chaos-gears-account-manager-it-healthcare-warszawa-sales-it-i-telekomunikacja,2026-07-17,"sales B2B, healthcare, Pipeline sprzedażowy, Umiejętność budowania relacji, Praktyczna znajomość narzędzi CRM, samodzielność, dobra organizacja pracy, nastawienie na cel"
MARTI FOX CONSULTANCY - FZCO,qualified,41.7,Specjalista ds. Sprzedaży,sales_specialist,64,remote,Warszawa,remote,12000-18000 PLN/month b2b,mid,rocketjobs.pl,https://rocketjobs.pl/oferta-pracy/marti-fox-consultancy---fzco-specjalista-ds-sprzedazy-warszawa-sales-marketing-reklama-media-2204dd14,2026-07-30,"sprzedaż, język angielski"
Nice To Fit You,qualified,41.7,"Specjalista ds. Sprzedaży ""Pan/Pani Kanapka""",sales_specialist,64,b2b_inbound_outbound,Warszawa,mobile,,mid,rocketjobs.pl,https://rocketjobs.pl/oferta-pracy/nice-to-fit-you-specjalista-ds-sprzedazy-pan-pani-kanapka--warszawa-sales-turystyka-hotelarstwo-catering,2026-09-08,"dobra organizacja pracy, łatwość nawiązywania kontaktów, sprzedaż, pomysłowość, prawo jazdy kat. B, sprzedaż B2B"
NoBlue,qualified,41.7,Konsultant Handlowiec. Praca zdalna,sales_specialist,64,remote,Jasło,remote,5000-9000 PLN/month permanent,mid,rocketjobs.pl,https://rocketjobs.pl/oferta-pracy/noblue-konsultant-handlowiec-praca-zdalna-jaslo-sales-inne-3a661113,2026-09-09,"administracja, obsługa klienta, sprzedaż"
Nova Group,qualified,41.7,Specjalista ds. Sprzedaży,sales_specialist,64,b2b_inbound_outbound,Warszawa,hybrid,6000-10000 PLN/month b2b,mid,rocketjobs.pl,https://rocketjobs.pl/oferta-pracy/nova-group-specjalista-ds-sprzedazy-warszawa-sales-uslugi-profesjonalne,2026-09-23,"prawo jazdy kat. B, sprzedaż B2B, obsługa komputera, organizacja pracy"
Pocketsquare sp. z o.o.,qualified,41.7,Specjalista / Specjalistka ds. sprzedaży,sales_specialist,64,remote,Warszawa,remote,8000-24000 PLN/month b2b,mid,rocketjobs.pl,https://rocketjobs.pl/oferta-pracy/pocketsquare-sp-z-o-o--specjalista-specjalistka-ds-sprzedazy-warszawa-sales-energia-srodowisko-600f2549,2026-08-26,"sprzedaż, praca z klientem, obsługa klienta"
Promotorzy Trading,qualified,41.7,Export Sales Specialist,sales_specialist,64,remote,Warszawa,remote,,mid,rocketjobs.pl,https://rocketjobs.pl/oferta-pracy/promotorzy-trading-export-sales-specialist-warszawa-sales-uslugi-profesjonalne,2026-09-08,"sprzedaż, Microsoft Office, samodzielność"
SellIntegro,qualified,41.7,Specjalista ds. Sprzedaży eCommerce / OMS,sales_specialist,64,remote,Wrocław,remote,6500-10000 PLN/month b2b,mid,rocketjobs.pl,https://rocketjobs.pl/oferta-pracy/sellintegro-specjalista-ds-sprzedazy-ecommerce-oms-wroclaw-sales-it-i-telekomunikacja,2026-09-08,"e-commerce, ERP, SaaS"
Atende SA,qualified,41.1,Key Account Manager (Sektor Publiczny),account_mgmt,63,remote|b2b_inbound_outbound,Warszawa,remote,,mid,rocketjobs.pl,https://rocketjobs.pl/oferta-pracy/atende-sa-key-account-manager-sektor-publiczny--warszawa-sales-it-i-telekomunikacja,2026-09-29,"sprzedaż B2B, Znajomość Rynku Sektora Publicznego, prawo jazdy kat. B"
Craftware,qualified,41.1,Account Manager,account_mgmt,63,remote|b2b_inbound_outbound,Warszawa,remote,20000-35000 PLN/month b2b,senior,rocketjobs.pl,https://rocketjobs.pl/oferta-pracy/craftware-account-manager-warszawa-sales-it-i-telekomunikacja,2026-09-23,"account management, B2B Sales, up-selling, cross-selling, new business development"
Flowmore sp. z o.o.,qualified,41.1,Pre-sales Engineer,generic_sales,63,remote|script_crm|b2b_inbound_outbound,Kraków,remote,8000-15000 PLN/month b2b,mid,rocketjobs.pl,https://rocketjobs.pl/oferta-pracy/flowmore-sp-z-o-o--pre-sales-engineer-krakow-sales-uslugi-profesjonalne-4fe366ea,2026-09-21,"Google Workspace, CRM, sprzedaż B2B, sprzedaż"
FUTURE IS NOW HOLDING,qualified,41.1,Account manager,account_mgmt,63,remote|b2b_inbound_outbound,Wrocław,remote,8000-11000 PLN/month b2b,mid,rocketjobs.pl,https://rocketjobs.pl/oferta-pracy/future-is-now-holding-account-manager-wroclaw-sales-marketing-reklama-media,2026-09-28,"sprzedaż, sprzedaż B2B, negocjacje"
Packhelp,qualified,41.1,Account Manager,account_mgmt,63,remote|b2b_inbound_outbound,Warszawa,remote,12000-17000 PLN/month permanent,mid,rocketjobs.pl,https://rocketjobs.pl/oferta-pracy/packhelp-account-manager-warszawa-sales-inzynieria-technika-produkcja,2026-09-16,"B2B Sales, account management, sprzedaż, sprzedaż B2B, upsell"
Scalac,qualified,41.1,AI Sales Engineer,generic_sales,63,remote|script_crm|b2b_inbound_outbound,Gdańsk,remote,9000-17000 PLN/month b2b,mid,rocketjobs.pl,https://rocketjobs.pl/oferta-pracy/scalac-ai-sales-engineer-gdansk-sales-it-i-telekomunikacja,2026-09-25,"B2B IT Sales, Software Development Outsourcing Sales, CRM & Sales Automation, Willingness to travel, sprzedaż, sprzedaż B2B, AI"
SiDLY Sp. z o.o.,qualified,41.1,Account Manager (branża medtech),account_mgmt,63,remote|b2b_inbound_outbound,Szczecin,remote,,mid,rocketjobs.pl,https://rocketjobs.pl/oferta-pracy/sidly-sp-z-o-o--account-manager-branza-medtech--szczecin-sales-it-i-telekomunikacja,2026-09-07,"sprzedaż B2B, prawo jazdy kat. B, Microsoft Office, negocjacje"
Centrum Nauki i Biznesu ŻAK Sp. z o.o.,qualified,40.3,Specjalista / Specjalistka ds. Obsługi Klienta,customer_service,45,phone,Ostrów Wielkopolski,Stacjonarna,,,praca.pl,https://www.praca.pl/specjalista-specjalistka-ds-obslugi-klienta_11443264.html,8 dni temu,"Zakres obowiązków: Prowadzenie rekrutacji słuchaczy do szkół, w tym realizacja wychodzących kampanii telefonicznych; Aktywna realizacja wyznaczonych celów i planów sprzedażowych; Profesjonalna obsługa słuchaczy zgodna ze standardami firmy; Prowadzenie i nadzór nad dokumentacją sekretariatu szkoły;"
Centrum Nauki i Biznesu ŻAK Sp. z o.o.,qualified,40.3,Specjalista / Specjalistka ds. Obsługi Klienta,customer_service,45,phone,Częstochowa,Stacjonarna,,,praca.pl,https://www.praca.pl/specjalista-specjalistka-ds-obslugi-klienta_11452198.html,8 dni temu,"Zakres obowiązków: Prowadzenie rekrutacji słuchaczy do szkół, w tym realizacja wychodzących kampanii telefonicznych; Aktywna realizacja wyznaczonych celów i planów sprzedażowych; Profesjonalna obsługa słuchaczy zgodna ze standardami firmy; Prowadzenie i nadzór nad dokumentacją sekretariatu szkoły;"
Centrum Nauki i Biznesu ŻAK Sp. z o.o.,qualified,40.3,Specjalista / Specjalistka ds. Obsługi Klienta,customer_service,45,phone,Bełchatów,Stacjonarna,,,praca.pl,https://www.praca.pl/specjalista-specjalistka-ds-obslugi-klienta_11440783.html,10 dni temu,"Zakres obowiązków: Prowadzenie rekrutacji słuchaczy do szkół, w tym realizacja wychodzących kampanii telefonicznych; Aktywna realizacja wyznaczonych celów i planów sprzedażowych; Profesjonalna obsługa słuchaczy zgodna ze standardami firmy; Prowadzenie i nadzór nad dokumentacją sekretariatu szkoły;"
Centrum Nauki i Biznesu Żak,qualified,40.3,Specjalista/ka ds. Obsługi Klienta,customer_service,41,junior_ramp,Piła,office,,junior,rocketjobs.pl,https://rocketjobs.pl/oferta-pracy/centrum-nauki-i-biznesu-zak-specjalista-ka-ds-obslugi-klienta-pila-sales-inne,2026-09-30,"Microsoft Office, obsługa klienta, sprzedaż"
GET IT TOGETHER Sp. z o.o.,qualified,40.3,Młodszy/-a Specjalista/-tka ds. Wsparcia Sprzedaży,generic_sales,56,junior_ramp,Gliwice,hybrid,,junior,rocketjobs.pl,https://rocketjobs.pl/oferta-pracy/get-it-together-sp-z-o-o--mlodszy--a-specjalista--tka-ds-wsparcia-sprzedazy-gliwice-sales-it-i-telekomunikacja,2026-09-10,"dokumentacja, wsparcie sprzedaży, administracja, MS Office, analiza wymagań"
GET IT TOGETHER Sp. z o.o.,qualified,40.3,Specjalista/-tka ds. Wsparcia Sprzedaży,generic_sales,50,,Gliwice,hybrid,,mid,rocketjobs.pl,https://rocketjobs.pl/oferta-pracy/get-it-together-sp-z-o-o--specjalista--tka-ds-wsparcia-sprzedazy-gliwice-sales-it-i-telekomunikacja-5626c34b,2026-09-09,"doświadczenie na podobnym stanowisku, prawo zamówień publicznych, analiza dokumentacji przetargowej, MS Office, Praca z platformami przetargowymi"
Indoor Media Sp. z o.o.,qualified,39.9,Senior Key Account Manager,account_mgmt,61,video_calls,Warszawa,hybrid,10000-25000 PLN/month b2b,senior,rocketjobs.pl,https://rocketjobs.pl/oferta-pracy/indoor-media-sp-z-o-o--senior-key-account-manager-warszawa-sales-marketing-reklama-media-e621606f,2026-09-29,"negocjacje handlowe, Przygotowywanie ofert i prezentacji, Rozwój i utrzymanie portfela klientów"
Infakt,qualified,39.9,Młodszy/a Specjalista/ka ds. Sprzedaży,generic_sales,61,junior_ramp|script_crm,Kraków,hybrid,5406-6858 PLN/month permanent,junior,rocketjobs.pl,https://rocketjobs.pl/oferta-pracy/infakt-mlodszy-a-specjalista-ka-ds-sprzedazy-krakow-sales-finanse-bankowosc-ubezpieczenia-7ff26e7e,2026-09-14,"sprzedaż, CRM"
Jobeu Sp. z o.o.,qualified,39.9,Key Account Manager (Branża gospodarki odpadami) (k/m),account_mgmt,61,video_calls,Warszawa,Stacjonarna,,,praca.pl,https://www.praca.pl/key-account-manager-branza-gospodarki-odpadami-k-m_11532430.html,3 dni temu,"rozwijanie współpracy z obecnymi klientami oraz budowanie długoterminowych relacji biznesowych; aktywne pozyskiwanie nowych klientów i identyfikowanie nowych możliwości rozwoju biznesu; prowadzenie spotkań handlowych, prezentacji oraz negocjacji warunków współpracy; przygotowywanie ofert..."
Eternis,qualified,39.7,Sales & Customer Success Specialist,account_mgmt,55,,Warszawa,office,,mid,rocketjobs.pl,https://rocketjobs.pl/oferta-pracy/eternis-sales-customer-success-specialist-warszawa-sales-motoryzacja-transport,2026-09-01,"obsługa klienta, customer success, MS Office, budowanie relacji, analiza jakości, Zarządzanie danymi"
Eternis,qualified,39.7,Specjalista ds. Obsługi Klienta,customer_service,35,,Poznań,office,,mid,rocketjobs.pl,https://rocketjobs.pl/oferta-pracy/eternis-specjalista-ds-obslugi-klienta-poznan-sales-motoryzacja-transport,2026-09-17,"j.angielski, j.polski, obsługa klienta"
ILLUSTRO Doradztwo S.C.,qualified,39.7,Export Key Account Manager / Managerka,account_mgmt,55,,Katowice,office,,manager,rocketjobs.pl,https://rocketjobs.pl/oferta-pracy/illustro-doradztwo-s-c--export-key-account-manager-managerka-katowice-sales-inne-8a57a92f,2026-08-26,"obsługa klienta, język angielski, eksport"
ILLUSTRO Doradztwo S.C.,qualified,39.7,Key Account Manager / Managerka - sieci handlowe (Polska),account_mgmt,55,,Katowice,office,,manager,rocketjobs.pl,https://rocketjobs.pl/oferta-pracy/illustro-doradztwo-s-c--key-account-manager-managerka---sieci-handlowe-polska--katowice-sales-inne,2026-08-26,"sieci handlowe, obsługa klienta, język angielski"
Wazdan Services Limited,qualified,39.7,Technical Account Manager,account_mgmt,55,,Opole,office,,mid,rocketjobs.pl,https://rocketjobs.pl/oferta-pracy/wazdan-services-limited-technical-account-manager-opole-sales-it-i-telekomunikacja,2026-09-18,"technologie internetowe, OPROGRAMOWANIE, przetwarzanie danych, umiejętności analityczne"
Wazdan Services Limited,qualified,39.7,Account Manager,account_mgmt,55,,Opole,office,,mid,rocketjobs.pl,https://rocketjobs.pl/oferta-pracy/wazdan-services-limited-account-manager-opole-sales-it-i-telekomunikacja-1a55b174,2026-09-18,"sprzedaż, Microsoft Office, Microsoft Office Excel"
1843.pl,qualified,39.3,Specjalistka / Specjalista ds. sprzedaży i wsparcia Klienta,sales_specialist,60,,Kraków,office,5880-8400 PLN/hour mandate_contract,mid,rocketjobs.pl,https://rocketjobs.pl/oferta-pracy/1843-pl-specjalistka-specjalista-ds-sprzedazy-i-wsparcia-klienta-krakow-sales-inne,2026-09-30,"sprzedaż, nawiązywanie kontaktów, słuchanie, organizacja pracy, myślenie kreatywne"
Buglo Play Sp. z o.o.,qualified,39.3,Specjalista ds. sprzedaży zagranicznej z j. niemieckim,sales_specialist,60,,Koszalin,office,,mid,rocketjobs.pl,https://rocketjobs.pl/oferta-pracy/buglo-play-sp-z-o-o--specjalista-ds-sprzedazy-zagranicznej-z-j-niemieckim-koszalin-sales-inzynieria-technika-produkcja,2026-07-20,"doświadczenie, przygotowanie ofert handlowych"
Grupa Carcon,qualified,39.3,Specjalista/Specjalistka ds. sprzedaży,sales_specialist,60,,Jawczyce,office,6500-8500 PLN/month permanent,mid,rocketjobs.pl,https://rocketjobs.pl/oferta-pracy/grupa-carcon-specjalista-specjalistka-ds-sprzedazy-jawczyce-sales-inzynieria-technika-produkcja,2026-07-21,"sprzedaż, obsługa klienta, zaangażowanie"
GEODIS Road Network Sp. z o.o.,qualified,39.3,Specjalista / Specjalistka ds. sprzedaży,sales_specialist,60,,Warszawa,Mobilna,,,praca.pl,https://www.praca.pl/specjalista-specjalistka-ds-sprzedazy_11525926.html,2 dni temu,Twój zakres obowiązków Aktywne budowanie bazy klientów w obszarze pełnowymiarowych rozwiązań transportowych (drobnicowych LTL oraz całopojazdowych FTL). Realizowanie indywidualnych i zespołowych budżetów sprzedażowych w oparciu o długofalową strategię handlową. Projektowanie...
GlobKurier,qualified,39.3,Sales Specialist,sales_specialist,60,,Katowice,hybrid,,mid,rocketjobs.pl,https://rocketjobs.pl/oferta-pracy/globkurier-sales-specialist-katowice-sales-motoryzacja-transport,2026-06-19,"negocjacje, obsługa klienta, sprzedaż"
GOLDEN SERWIS Sp z o.o.,qualified,39.3,"Specjalista / Specjalistka ds. sprzedaży usług transportowych( Transport morski, kolejowy, lotniczy, drogowy)",sales_specialist,60,,Warszawa,office,,mid,rocketjobs.pl,https://rocketjobs.pl/oferta-pracy/golden-serwis-sp-z-o-o--specjalista-specjalistka-ds-sprzedazy-uslug-transportowych-transport-morski-kolejowy-lotniczy-drogowy--warszawa-sales-motoryzacja-transport-656de745,2026-09-07,Umiejętność przygotowywania kwotacji
Grupa iCEA S.A.,qualified,39.3,Marketplace Sales Specialist / Specjalista/ka ds. wsparcia sprzedaży,sales_specialist,60,,Poznań,hybrid,8000-15000 PLN/month b2b,mid,rocketjobs.pl,https://rocketjobs.pl/oferta-pracy/grupa-icea-s-a--marketplace-sales-specialist-specjalista-ka-ds-wsparcia-sprzedazy-poznan-sales-marketing-reklama-media,2026-09-16,"sprzedaż, Marketplace, zarządzanie sprzedażą, e-commerce, digital marketing"
LEVEL UP BUSINESS HR Business Partner,disqualified,39.3,Handlowiec,sales_specialist,60,,Białystok,hybrid,6000-10000 PLN/month permanent,mid,rocketjobs.pl,https://rocketjobs.pl/oferta-pracy/level-up-business-hr-business-partner-handlowiec-bialystok-sales-nieruchomosci-budownictwo,2026-09-28,"sprzedaż, komunikacja, nawiązywanie relacji biznesowych, badanie rynku"
Lobo recykling,qualified,39.3,Spedytor / Handlowiec – Transport Krajowy,sales_specialist,60,,Zwoleń,office,4500-11000 PLN/month b2b,mid,rocketjobs.pl,https://rocketjobs.pl/oferta-pracy/lobo-recykling-spedytor-handlowiec---transport-krajowy-zwolen-sales-motoryzacja-transport-520806d4,2026-09-18,administracja
Mandoria Sp. z o.o.,qualified,39.3,Specjalista/-ka ds. Sprzedaży,generic_sales,60,junior_ramp|b2b_inbound_outbound,Rzgów,office,,junior,rocketjobs.pl,https://rocketjobs.pl/oferta-pracy/mandoria-sp-z-o-o--specjalista--ka-ds-sprzedazy-rzgow-sales-marketing-reklama-media,2026-09-17,"sprzedaż, sprzedaż B2B, obsługa klienta, organizacja eventów, prawo jazdy kat. B"
NET Service S.A.,qualified,39.3,Specjalista ds. sprzedaży usług serwisowych (k/m),sales_specialist,60,,Warszawa,Stacjonarna,,,praca.pl,https://www.praca.pl/specjalista-ds-sprzedazy-uslug-serwisowych-k-m_11471620.html,4 dni temu,"aktywne pozyskiwanie umów serwisowych w zakresie serwisu, przeglądów i modernizacji instalacji teletechnicznych taki jak: SSP, DSO, SKD, CCTV, SSWiN, jak również sprzedaż nowych instalacji; negocjowanie warunków handlowych; budowanie długotrwałych, pozytywnych relacji z klientami; stałe..."
Powiatowy Urząd Pracy w Radomiu,disqualified,39.3,Handlowiec(k/m),sales_specialist,60,,Skaryszew,,,,praca.pl,https://www.praca.pl/handlowiec-k-m_11543281.html,16 godzin temu,
"Przedsiębiorstwo Komunikacji Samochodowej ""POLONUS"" S.A",qualified,39.3,Specjalista ds. sprzedaży i marketingu,sales_specialist,60,,Warszawa,Stacjonarna,,,praca.pl,https://www.praca.pl/specjalista-ds-sprzedazy-i-marketingu_11484181.html,wczoraj,Główne zadania: głównym celem stanowiska pracy jest planowanie oraz realizacja działań marketingowych; w oparciu o długookresową strategię firmy; kreowanie wizerunku firmy; bieżąca ocena sytuacji marketingowej oraz analiza rynku; planowanie akcji reklamowych i promocyjnych wraz z analizą...
P.W. CENTROSTAL-WROCŁAW S.A.,qualified,39.3,Pracownik ds. Sprzedaży wyrobów hutniczych - Handlowiec,sales_specialist,60,,"Wrocław, ul. Pełczyńska 4",Stacjonarna,,,praca.pl,https://www.praca.pl/pracownik-ds-sprzedazy-wyrobow-hutniczych-handlowiec_11491549.html,wczoraj,Twój zakres obowiązków: obsługa klientów biznesowych i indywidualnych.
TDJ S.A.,qualified,39.3,Specjalistka/Specjalista ds. Sprzedaży,sales_specialist,60,,Katowice,office,,mid,rocketjobs.pl,https://rocketjobs.pl/oferta-pracy/tdj-s-a--specjalistka-specjalista-ds-sprzedazy-katowice-sales-nieruchomosci-budownictwo,2026-09-28,"sprzedaż, wykształcenie wyższe, branża nieruchomości"
TMS Personal,disqualified,39.3,Specjalista ds. Sprzedaży Marketplace – Allegro,sales_specialist,60,,Warszawa,office,6500-9000 PLN/month permanent,mid,rocketjobs.pl,https://rocketjobs.pl/oferta-pracy/tms-personal-specjalista-ds-sprzedazy-marketplace---allegro-warszawa-sales-marketing-reklama-media,2026-08-24,"Allegro Ads, Allegro, Baselinker"
Tobea Sp. z o.o.,qualified,39.3,Specjalista ds. sprzedaży z językiem francuskim (K/M),sales_specialist,60,,Warszawa,Mobilna,8 000 - 10 000 zł / mies. (w zal. od umowy),,praca.pl,https://www.praca.pl/specjalista-ds-sprzedazy-z-jezykiem-francuskim-k-m_11393308.html,7 dni temu,"Zadania: Prowadzisz aktywną sprzedaż usług spedycyjnych, pozyskujesz nowych klientów w zakresie oferowanych usług na terenie Francji lub Wielkiej Brytanii, potencjalnie w innych częściach Europy (BENELUX, kraje Bałkańskie lub nordyckie), Planujesz sprzedaż długoterminową i realizujesz..."
Transition Technologies MS,qualified,39.3,Specjalista/ka ds. pozyskiwania leadów sprzedażowych,generic_sales,60,junior_ramp|b2b_inbound_outbound,Lublin,hybrid,,junior,rocketjobs.pl,https://rocketjobs.pl/oferta-pracy/transition-technologies-ms-specjalista-ka-ds-pozyskiwania-leadow-sprzedazowych-lublin-sales-it-i-telekomunikacja,2026-09-28,"Wyszukiwanie klientów, Prezentowanie oferty, Prowadzenie kampanii e-mailingowych, Zarządzanie bazą kontaktów, komunikacja, MS Office, LinkedIn"
"ZUH ""LOBO"" Grzegorz Paszkiewicz",qualified,39.3,Handlowiec ds. sprzedaży kontenerów i praso kontenerów | Praca mobilna / hybrydowa,sales_specialist,60,,Radom,hybrid,6000-18000 PLN/month any,mid,rocketjobs.pl,https://rocketjobs.pl/oferta-pracy/zuh-lobo-grzegorz-paszkiewicz-handlowiec-ds-sprzedazy-kontenerow-i-praso-kontenerow-praca-mobilna-hybrydowa-radom-sales-nieruchomosci-budownictwo-8e42d12f,2026-08-07,"Handel, prawo jazdy kat. B, sprzedaż"
Callstack,qualified,38.7,Head of Customer Success,account_mgmt,59,b2b_inbound_outbound,Wrocław,hybrid,,c_level,rocketjobs.pl,https://rocketjobs.pl/oferta-pracy/callstack-head-of-customer-success-wroclaw-sales-it-i-telekomunikacja,2026-07-31,"B2B Enterprise Services, consulting, Project Portfolio Management, Account Managemet"
COIG S.A.,qualified,38.7,Key Account Manager – sprzedaż rozwiązań IT (K/M),account_mgmt,59,b2b_inbound_outbound,Katowice,hybrid,,mid,rocketjobs.pl,https://rocketjobs.pl/oferta-pracy/coig-s-a--key-account-manager---sprzedaz-rozwiazan-it-k-m--katowice-sales-it-i-telekomunikacja-325b6104,2026-09-11,"sprzedaż B2B, negocjacje, prawo jazdy kat. B"
Comcert SA,qualified,38.7,Key Account Manager ds. usług cyberbezpieczeństwa,account_mgmt,59,b2b_inbound_outbound,Warszawa,,13000.0-23000.0 PLN b2b,Mid,nofluffjobs.com,https://nofluffjobs.com/pl/job/key-account-manager-ds-uslug-cyberbezpieczenstwa-comcert-warszawa,2026-10-02,"Sprzedaż B2B, B2B sales, SOC services, Cybersecurity"
ER Group,qualified,38.7,Key Account Manager (Cybersecurity),account_mgmt,59,b2b_inbound_outbound,Warszawa,hybrid,15000-20000 PLN/month b2b,mid,rocketjobs.pl,https://rocketjobs.pl/oferta-pracy/er-group-key-account-manager-cybersecurity--warszawa-sales-it-i-telekomunikacja-02b7f579,2026-10-01,"branża IT, cybersecurity, sprzedaż B2B, zarządzanie sprzedażą, sprzedaż, AI"
EXEA SPÓŁKA Z OGRANICZONĄ ODPOWIEDZIALNOŚCIĄ,qualified,38.7,"Account Manager | Cloud, Data Center & Cybersecurity",account_mgmt,59,b2b_inbound_outbound,Toruń,hybrid,,mid,rocketjobs.pl,https://rocketjobs.pl/oferta-pracy/exea-spolka-z-ograniczona-odpowiedzialnoscia-account-manager-cloud-data-center-cybersecurity-torun-sales-it-i-telekomunikacja-45f5d2aa,2026-10-01,"Zarządzanie klientami B2B, sprzedaż usług IT, negocjacje, Analiza potrzeb, prezentowanie rozwiązań, przygotowywanie ofert, Współpraca z inżynierami, samodzielność"
Foap,qualified,38.7,Account Manager with Italian,account_mgmt,59,remote,Warszawa,remote,10000-14000 PLN/month b2b,mid,rocketjobs.pl,https://rocketjobs.pl/oferta-pracy/foap-account-manager-with-italian-warszawa-sales-marketing-reklama-media,2026-07-28,"włoski, język włoski, język angielski, zarządzanie projektami"
Globema Sp. z o.o.,qualified,38.7,Key Account Manager,account_mgmt,59,b2b_inbound_outbound,Warszawa,hybrid,11000-14000 PLN/month permanent,mid,rocketjobs.pl,https://rocketjobs.pl/oferta-pracy/globema-sp-z-o-o--key-account-manager-warszawa-sales-it-i-telekomunikacja,2026-09-25,"sprzedaż B2B, negocjacje, Zarządzanie kontem, tworzenie ofert, dokumenty handlowe, Rozwój relacji"
Grenton,qualified,38.7,Key Account Manager – Export (International Sales),account_mgmt,59,b2b_inbound_outbound,Kraków,office,,mid,rocketjobs.pl,https://rocketjobs.pl/oferta-pracy/grenton-key-account-manager---export-international-sales--krakow-sales-inzynieria-technika-produkcja,2026-09-23,"sprzedaż B2B, smart home, wykształcenie wyższe"
Integrity Partners Sp. z o.o.,qualified,38.7,Senior Account Manager,account_mgmt,59,b2b_inbound_outbound,Warszawa,mobile,,senior,rocketjobs.pl,https://rocketjobs.pl/oferta-pracy/integrity-partners-sp-z-o-o--senior-account-manager-warszawa-sales-finanse-bankowosc-ubezpieczenia,2026-09-17,"sprzedaż B2B, budowanie relacji, pozyskiwanie klientów, negocjacje"
Ivory Sales,qualified,38.7,Key Account Manager,account_mgmt,59,b2b_inbound_outbound,Wrocław,office,9700-13000 PLN/month permanent,mid,rocketjobs.pl,https://rocketjobs.pl/oferta-pracy/ivory-sales-key-account-manager-wroclaw-sales-rtv-agd-artykuly-przemyslowe,2026-07-09,"sprzedaż B2B, zarządzanie sprzedażą"
Lunchspot,qualified,38.7,Key Account Manager,account_mgmt,59,remote,Warszawa,remote,10000-16000 PLN/month b2b,mid,rocketjobs.pl,https://rocketjobs.pl/oferta-pracy/lunchspot-key-account-manager-warszawa-sales-uslugi-profesjonalne-d530b3d4,2026-09-11,"pozyskiwanie klientów, sprzedaż, account manager"
OnlyBio,qualified,38.7,Key Account Specialist z językiem niemieckim,account_mgmt,59,b2b_inbound_outbound,Bydgoszcz,hybrid,,mid,rocketjobs.pl,https://rocketjobs.pl/oferta-pracy/onlybio-key-account-specialist-z-jezykiem-niemieckim-bydgoszcz-sales-kosmetyki-chemia,2026-08-18,"sprzedaż, sprzedaż B2B, obsługa klienta"
Ready4S,qualified,38.7,Lead Account Manager,account_mgmt,59,b2b_inbound_outbound,Kraków,hybrid,15000-25000 PLN/month b2b,manager,rocketjobs.pl,https://rocketjobs.pl/oferta-pracy/ready4s-lead-account-manager-krakow-sales-it-i-telekomunikacja,2026-07-27,"sprzedaż, mentoring, zarządzanie zespołem, strategiczne planowanie"
sourcingNOW Sp. z o.o.,qualified,38.7,Key Account Manager,account_mgmt,59,b2b_inbound_outbound,Warszawa,hybrid,,senior,rocketjobs.pl,https://rocketjobs.pl/oferta-pracy/sourcingnow-sp-z-o-o--key-account-manager-warszawa-sales-nieruchomosci-budownictwo-6fdfc427,2026-08-26,"sprzedaż B2B, sprzedaż, samodzielność, zarządzanie projektami"
Steam Recruitment,disqualified,38.7,Account Manager z językiem hiszpańskim lub włoskim - sprzedaż na rynkach zagranicznych - Praca od zaraz,account_mgmt,59,b2b_inbound_outbound,Rzeszów,office,,mid,rocketjobs.pl,https://rocketjobs.pl/oferta-pracy/steam-recruitment-account-manager-z-jezykiem-hiszpanskim-lub-wloskim---sprzedaz-na-rynkach-zagranicznych---praca-od-zaraz-rzeszow-sales-sieci-handlowe,2026-10-02,"sprzedaż B2B, praca z klientem, obsługa klienta"
STRIVE Sp. z o.o.,qualified,38.7,Key Account Manager,account_mgmt,59,b2b_inbound_outbound,Gdynia,hybrid,12000-16000 PLN/month b2b,mid,rocketjobs.pl,https://rocketjobs.pl/oferta-pracy/strive-sp-z-o-o--key-account-manager-gdynia-sales-it-i-telekomunikacja-959ba734,2026-07-17,"CPM, sprzedaż B2B, new sales, zarządzanie sprzedażą, finanse, Controling, ERP"
3D Estate sp. z o.o.,qualified,38.1,Ekspert / Ekspertka ds. Sprzedaży - Rozwoju Biznesu,generic_sales,58,remote|b2b_inbound_outbound,Warszawa,remote,5000-12000 PLN/month b2b,senior,rocketjobs.pl,https://rocketjobs.pl/oferta-pracy/3d-estate-sp-z-o-o--ekspert-ekspertka-ds-sprzedazy---rozwoju-biznesu-warszawa-sales-inne-833f5d99,2026-08-03,sprzedaż B2B
CREO SYNERGHY sp. z o.o.,qualified,38.1,Menedżer Sprzedaży,generic_sales,58,remote|b2b_inbound_outbound,Warszawa,remote,6000-12000 PLN/month b2b,mid,rocketjobs.pl,https://rocketjobs.pl/oferta-pracy/creo-synerghy-sp-z-o-o--menedzer-sprzedazy-warszawa-sales-it-i-telekomunikacja,2026-09-18,"B2B, sprzedaż B2B, B2B marketing, e-commerce"
Crestt,qualified,38.1,IT Body leasing & Outsourcing (SAP | Data | AI) Sales Hunter,generic_sales,58,remote|b2b_inbound_outbound,Warszawa,remote,10000-15000 PLN/month b2b,mid,rocketjobs.pl,https://rocketjobs.pl/oferta-pracy/crestt-it-body-leasing-outsourcing-sap-data-ai-sales-hunter-warszawa-sales-uslugi-profesjonalne,2026-08-05,"pozyskiwanie klientów, negocjacje, przygotowywanie ofert, Zarządzanie relacjami, sprzedaż B2B, up-selling, cross-selling"
Lemon Software,qualified,38.1,Sales Expert,generic_sales,58,remote|b2b_inbound_outbound,Warszawa,remote,7200-21500 PLN/month b2b,mid,rocketjobs.pl,https://rocketjobs.pl/oferta-pracy/lemon-software-sales-expert-warszawa-sales-uslugi-profesjonalne,2026-07-27,sprzedaż B2B
ZnanyLekarz,disqualified,38.1,Specjalist/ka ds. sprzedaży AI,generic_sales,58,remote|b2b_inbound_outbound,Warszawa,remote,5800-10000 PLN/month permanent,mid,rocketjobs.pl,https://rocketjobs.pl/oferta-pracy/znanylekarz-specjalist-ka-ds-sprzedazy-ai-warszawa-sales-farmacja-medycyna-175f88a5,2026-07-31,"sprzedaż B2B, SaaS, AI, sprzedaż"
GLOBAL EXPRESS sp. z o.o.,qualified,37.3,Pracownik Biura Obsługi Klienta,customer_service,51,phone|junior_ramp,Warszawa,Stacjonarna,,Młodszy specjalista / młodsza specjalistka (junior) / specjalista / specjalistka (mid),praca.pl,https://www.praca.pl/pracownik-biura-obslugi-klienta_11447359.html,wczoraj,Podstawowy zakres obowiązków: telefoniczna i mailowa obsługa Klientów; utrzymywanie pozytywnych relacji z Klientami; dbanie o wizerunek firmy;
GLOBAL EXPRESS sp. z o.o.,qualified,37.3,Specjalista / Specjalistka ds. Obsługi Klienta,customer_service,51,phone|junior_ramp,Warszawa,Stacjonarna,,Młodszy specjalista / młodsza specjalistka (junior) / specjalista / specjalistka (mid),praca.pl,https://www.praca.pl/specjalista-specjalistka-ds-obslugi-klienta_11447368.html,wczoraj,"Opis stanowiska Profesjonalna obsługa zapytań napływających drogą telefoniczną oraz mailową. Aktywne budowanie oraz pielęgnowanie pozytywnych, długofalowych relacji z partnerami biznesowymi i klientami indywidualnymi. Rzetelne udzielanie informacji o produktach/usługach oraz bieżące..."
Foodcom S.A.,qualified,36.9,Sales Support Specialist,generic_sales,56,junior_ramp,Warszawa,office,5000-6000 PLN/month mandate_contract,junior,rocketjobs.pl,https://rocketjobs.pl/oferta-pracy/foodcom-s-a--sales-support-specialist-warszawa-sales-inne-4dc317b6,2026-09-09,"Microsoft Office Excel, sprzedaż, obsługa klienta"
Frisco S.A.,qualified,36.9,Asystent / Asystentka Działu Handlowego,generic_sales,56,junior_ramp,Warszawa,hybrid,,junior,rocketjobs.pl,https://rocketjobs.pl/oferta-pracy/frisco-s-a--asystent-asystentka-dzialu-handlowego-warszawa-sales-sieci-handlowe,2026-09-14,"Microsoft Office, Microsoft Office Excel"
Medicover Optyk,disqualified,36.9,Asystentka / Asystent ds. sprzedaży,generic_sales,56,junior_ramp,Warszawa,office,,junior,rocketjobs.pl,https://rocketjobs.pl/oferta-pracy/medicover-optyk-asystentka-asystent-ds-sprzedazy-warszawa-sales-farmacja-medycyna,2026-09-28,"obsługa klienta, sprzedaż"
MEDIKAR KLINIKI sp. z o.o.,qualified,36.9,Specjalista / Specjalistka ds. Marketingu i Sprzedaży,generic_sales,56,video_calls,"Warszawa, ul. Sielecka 22",Stacjonarna,,,praca.pl,https://www.praca.pl/specjalista-specjalistka-ds-marketingu-i-sprzedazy_11468848.html,3 dni temu,"Tworzenie i realizacja strategii marketingowej placówki oraz planowanie działań wspierających rozwój usług medycznych. Przygotowywanie i prowadzenie kampanii promocyjnych oraz reklamowych online, w tym działań ukierunkowanych na pozyskiwanie nowych pacjentów. Koordynowanie przygotowywania i..."
PAULA FISH Sławomir Gojdź Sp. K.,qualified,36.9,Sales Support,generic_sales,56,junior_ramp,Gdańsk,office,,junior,rocketjobs.pl,https://rocketjobs.pl/oferta-pracy/paula-fish-slawomir-gojdz-sp-k--sales-support-gdansk-sales-inne,2026-08-05,"Microsoft Office Excel, prawo jazdy kat. B"
SSC Górskie-Resorty.pl Sp. z o.o. Sp.k.,qualified,36.9,Specjalista / Specjalistka ds. aktywnej sprzedaży w Parku Querion,generic_sales,56,video_calls,Jelenia Góra,mobile,,mid,rocketjobs.pl,https://rocketjobs.pl/oferta-pracy/ssc-gorskie-resorty-pl-sp-z-o-o-sp-k--specjalista-specjalistka-ds-aktywnej-sprzedazy-w-parku-querion-jelenia-gora-sales-turystyka-hotelarstwo-catering,2026-09-10,"organicacja pracy, komunikatywność, nastawienie na wynik, prezentacja oferty, badanie potrzeb, kultura osobista, samodzielność"
Starkmaszyny sp.z.o.o,qualified,36.9,Manager ds. Exportu i Sprzedaży (K/M),generic_sales,56,video_calls,Siedlce,Stacjonarna,,,praca.pl,https://www.praca.pl/manager-ds-exportu-i-sprzedazy-k-m_11488237.html,15 godzin temu,"Opis stanowiska: Aktywne pozyskiwanie nowych partnerów handlowych i dealerów na rynkach eksportowych. Wsparcie sieci dealerskiej w bezpośredniej sprzedaży, obejmujące prezentacje produktów i negocjacje handlowe. Monitorowanie i analiza rynków zagranicznych pod kątem konkurencji oraz..."
TWO SQUARES Katarzyna Głuchowska,qualified,36.9,Osoba do rozwożenia i sprzedaży cateringu biurowego WARSZAWA (K/M),generic_sales,56,junior_ramp,Warszawa,mobile,6000-9000 PLN/month mandate_contract,junior,rocketjobs.pl,https://rocketjobs.pl/oferta-pracy/two-squares-katarzyna-gluchowska-osoba-do-rozwozenia-i-sprzedazy-cateringu-biurowego-warszawa-warszawa-sales-turystyka-hotelarstwo-catering-24e9259d,2026-09-03,"sprzedaż, własny samochód osobowy, prawo jazdy kat. B"
"""XL ENERGY MARKETING"" SP. Z O.O.",qualified,36.9,Specjalista ds. Wsparcia Sprzedaży (Junior / Asystent),generic_sales,56,junior_ramp,Warszawa,office,7000-8000 PLN/month permanent,junior,rocketjobs.pl,https://rocketjobs.pl/oferta-pracy/xl-energy-marketing-sp-z-o-o--specjalista-ds-wsparcia-sprzedazy-junior-asystent--warszawa-sales-inne,2026-07-14,Microsoft Office Excel
DTH Selection Sp. z o.o.,qualified,36.7,Inżynier Sprzedaży (Armatura Przemysłowa),generic_sales,50,,Warszawa,Hybrydowa,14 000 - 18 000 zł brutto/mies.,Specjalista / specjalistka (mid) / starszy specjalista / starsza specjalistka (senior) / ekspert / ekspertka,praca.pl,https://www.praca.pl/inzynier-sprzedazy-armatura-przemyslowa_11471911.html,4 dni temu,współpraca z obecnymi klientami firmy; nawiązywanie i rozwijanie relacji handlowych z klientami w podległym regionie; badanie potrzeb klientów oraz opracowywanie wstępnych koncepcji rozwiązań; dobór urządzeń dedykowanych głównie do automatyzacji i zabezpieczenia procesów produkcyjnych...
DTH Selection Sp. z o.o.,qualified,36.7,Inżynier Sprzedaży (Armatura Przemysłowa),generic_sales,50,,pomorskie,Hybrydowa,14 000 - 18 000 zł brutto/mies.,Specjalista / specjalistka (mid) / starszy specjalista / starsza specjalistka (senior) / ekspert / ekspertka,praca.pl,https://www.praca.pl/inzynier-sprzedazy-armatura-przemyslowa_11471914.html,4 dni temu,współpraca z obecnymi klientami firmy; nawiązywanie i rozwijanie relacji handlowych z klientami w podległym regionie; badanie potrzeb klientów oraz opracowywanie wstępnych koncepcji rozwiązań; dobór urządzeń dedykowanych głównie do automatyzacji i zabezpieczenia procesów produkcyjnych...
JUREX Group,qualified,36.7,Inżynier ds. Sprzedaży Technicznej,generic_sales,50,,Piaseczno,,8500.0-11000.0 PLN permanent,Mid,nofluffjobs.com,https://nofluffjobs.com/pl/job/inzynier-ds-sprzedazy-technicznej-jurex-group-piaseczno,2026-09-29,"Prawo jazdy kat. B., Sprzedaż, Wykształcenie techniczne, en"
JUREX Group,qualified,36.7,Inżynier ds. Sprzedaży Technicznej,generic_sales,50,,Warszawa,,8500.0-11000.0 PLN permanent,Mid,nofluffjobs.com,https://nofluffjobs.com/pl/job/inzynier-ds-sprzedazy-technicznej-jurex-group-warszawa,2026-09-29,"Prawo jazdy kat. B., Sprzedaż, Wykształcenie techniczne, en"
Less Mess Storage,qualified,36.7,Asystent / Asystentka ds. sprzedaży - Włochy (Al. Krakowska 271),generic_sales,50,,Warszawa,office,5200-5600 PLN/month permanent,mid,rocketjobs.pl,https://rocketjobs.pl/oferta-pracy/less-mess-storage-asystent-asystentka-ds-sprzedazy---wlochy-al-krakowska-271--warszawa-sales-inne-1a406336,2026-09-23,"zdolności komunikacyjne, bardzo dobra organizacja pracy, zaangażowanie, język angielski"
Less Mess Storage,qualified,36.7,Asystent / Asystentka ds. sprzedaży - Bemowo,generic_sales,50,,Blizne Łaszczyńskiego,office,5200-5600 PLN/month permanent,mid,rocketjobs.pl,https://rocketjobs.pl/oferta-pracy/less-mess-storage-asystent-asystentka-ds-sprzedazy---bemowo-blizne-laszczynskiego-sales-inne-e1e4943f,2026-09-07,"zdolności komunikacyjne, bardzo dobra organizacja pracy, zaangażowanie, język angielski"
POLPHARMA S.A.,qualified,36.7,Szefowa / Szef Regionu - Sprzedaż Farmaceutyczna,generic_sales,50,,Warszawa,Mobilna,,Kierownik / kierowniczka / koordynator / koordynatorka / menedżer / menedżerka,praca.pl,https://www.praca.pl/szefowa-szef-regionu-sprzedaz-farmaceutyczna_11503270.html,2 dni temu,"Region Mazowiecki - Zachodni Zakres obowiązków: Zarządzanie realizacją planów i celów sprzedażowych w podległym regionie. Rozwijanie zespołu poprzez bieżące wsparcie, motywowanie oraz podnoszenie kompetencji sprzedażowych i merytorycznych. Przygotowywanie indywidualnych i zespołowych..."
POLPHARMA S.A.,qualified,36.7,Szefowa / Szef Regionu Sprzedaży Farmaceutycznej,generic_sales,50,,Warszawa,Mobilna,,Kierownik / kierowniczka / koordynator / koordynatorka / menedżer / menedżerka,praca.pl,https://www.praca.pl/szefowa-szef-regionu-sprzedazy-farmaceutycznej_11503264.html,4 dni temu,"Region Mazowiecki - Zachodni Zakres obowiązków: Odpowiedzialność za realizację celów sprzedażowych na podległym obszarze. Zarządzanie zespołem, motywowanie pracowników oraz wspieranie ich w rozwijaniu kompetencji sprzedażowych i wiedzy merytorycznej. Tworzenie planów rozwoju dla..."
Polskie Koleje Państwowe S.A.,qualified,36.7,Specjalista / Specjalistka w Wydziale Sprzedaży,generic_sales,50,,Kraków,Stacjonarna,,,praca.pl,https://www.praca.pl/specjalista-specjalistka-w-wydziale-sprzedazy_11533579.html,2 dni temu,"Na tym stanowisku będziesz odpowiedzialny(-a) m.in. za: prowadzenie spraw związanych ze zbyciem nieruchomości w tym przygotowanie, organizację i prowadzenie postępowań na sprzedaż nieruchomości w trybie przetargowym i bezprzetargowym, analizę dokumentacji geodezyjno-prawnej, współpraca z..."
Polskie Koleje Państwowe S.A.,qualified,36.7,Specjalista / Specjalistka w Wydziale Handlowym,generic_sales,50,,Gdańsk,Stacjonarna,,,praca.pl,https://www.praca.pl/specjalista-specjalistka-w-wydziale-handlowym_11472172.html,4 dni temu,"Na tym stanowisku będziesz odpowiedzialny(-a) m.in. za: aktywne poszukiwanie klientów zainteresowanych obrotem nieruchomościami, nawiązywanie relacji z klientami, współpracę z innymi komórkami organizacyjnymi, prowadzenie szeroko pojętej reklamy i promocji nieruchomości, inicjowanie..."
Powiatowy Urząd Pracy w Zawierciu,disqualified,36.7,Specjalista do spraw sprzedaży k/m,generic_sales,50,,"Siedliszowice (pow. zawierciański, gm. Kroczyce), Siedliszowice",,,,praca.pl,https://www.praca.pl/specjalista-do-spraw-sprzedazy-k-m_11530189.html,17 godzin temu,
Powiatowy Urząd Pracy w Zawierciu,disqualified,36.7,Specjalista do spraw sprzedaży (k/m),generic_sales,50,,"Siedliszowice (pow. zawierciański, gm. Kroczyce), Siedliszowice",,,,praca.pl,https://www.praca.pl/specjalista-do-spraw-sprzedazy-k-m_11530231.html,17 godzin temu,
Votum Network S. A.,qualified,36.7,Manager Sprzedaży (m/k),generic_sales,50,,Szczecin,mobile,,manager,rocketjobs.pl,https://rocketjobs.pl/oferta-pracy/votum-network-s-a--manager-sprzedazy-m-k--szczecin-sales-finanse-bankowosc-ubezpieczenia-82dd1426,2026-08-26,"zarządzanie zespołem, zarządzanie sprzedażą, sprzedaż"
Votum Network S. A.,qualified,36.7,Manager Sprzedaży (m/k),generic_sales,50,,Łódź,mobile,,manager,rocketjobs.pl,https://rocketjobs.pl/oferta-pracy/votum-network-s-a--manager-sprzedazy-m-k--lodz-sales-finanse-bankowosc-ubezpieczenia-22081e82,2026-09-24,"zarządzanie zespołem, zarządzanie sprzedażą, sprzedaż"
Votum Scale Agency S.A.,qualified,36.7,Manager Sprzedaży (m/k),generic_sales,50,,Szczecin,mobile,,manager,rocketjobs.pl,https://rocketjobs.pl/oferta-pracy/votum-scale-agency-s-a--manager-sprzedazy-m-k--szczecin-sales-finanse-bankowosc-ubezpieczenia-d8bf87cd,2026-08-26,"zarządzanie zespołem, zarządzanie sprzedażą, sprzedaż"
Votum Scale Agency S.A.,qualified,36.7,Manager Sprzedaży (m/k),generic_sales,50,,Łódź,mobile,,manager,rocketjobs.pl,https://rocketjobs.pl/oferta-pracy/votum-scale-agency-s-a--manager-sprzedazy-m-k--lodz-sales-finanse-bankowosc-ubezpieczenia-74ccb6f5,2026-09-24,"zarządzanie zespołem, zarządzanie sprzedażą, sprzedaż"
Whitelist LTD,qualified,36.7,Polish Conversion Agent with sales experience,generic_sales,50,,Relokacja,,,,praca.pl,https://www.praca.pl/polish-conversion-agent-with-sales-experience_11425339.html,6 dni temu,"We are seeking a: Conversion Agent Polish Desk with sales experience to join our international team at our headquarters in Limassol. As part of a diverse and multinational team, you will be responsible for expanding the company’s client base and driving revenue generation, while identifying..."
Whitelist LTD,qualified,36.7,German Conversion Agent with sales experience,generic_sales,50,,Relokacja,,,,praca.pl,https://www.praca.pl/german-conversion-agent-with-sales-experience_11425354.html,6 dni temu,"We are seeking a: Conversion Agent German Desk with sales experience to join our international team at our headquarters in Limassol. As part of a diverse and multinational team, you will be responsible for expanding the company’s client base and driving revenue generation, while identifying..."
agencja reklamowa radna,qualified,36.3,account manager,account_mgmt,55,,Warszawa,office,,mid,rocketjobs.pl,https://rocketjobs.pl/oferta-pracy/agencja-reklamowa-radna-account-manager-warszawa-sales-marketing-reklama-media,2026-09-30,"account manager, odpowiedzialność, Microsoft Office"
Bosko.agency,qualified,36.3,Account Manager,account_mgmt,55,,Warszawa,hybrid,10000-14000 PLN/month b2b,mid,rocketjobs.pl,https://rocketjobs.pl/oferta-pracy/bosko-agency-account-manager-warszawa-sales-marketing-reklama-media,2026-09-15,"account manager, budowanie relacji, obsługa klienta, social media, samodzielność"
Dentsu Polska,qualified,36.3,Account Manager (K/M),account_mgmt,55,,Warszawa,hybrid,,mid,rocketjobs.pl,https://rocketjobs.pl/oferta-pracy/dentsu-polska-account-manager-k-m--warszawa-sales-marketing-reklama-media,2026-07-17,"zarządzanie projektami, digital marketing, social media"
Dremo Personaldienstleistung GmbH,disqualified,36.3,Opiekun / Opiekunka nad osobami starszymi (m/k/n),account_mgmt,55,,Relokacja,,,,praca.pl,https://www.praca.pl/opiekun-opiekunka-nad-osobami-starszymi-m-k-n_11430022.html,przed chwilą,"Opieka to coś więcej niż praca – to powołanie. Wymaga serca, odpowiedzialności i doświadczenia. Czy właśnie to możesz zaoferować? W takim razie świetnie do nas pasujesz! Do realizacji zlecenia opiekuńczego poszukujemy doświadczonych opiekunek i opiekunów do wsparcia w zakresie..."
Flame Employment Polska Sp. z o.o.,qualified,36.3,Dyrektor Handlowy,generic_sales,55,script_crm,Toruń,office,,c_level,rocketjobs.pl,https://rocketjobs.pl/oferta-pracy/flame-employment-polska-sp-z-o-o--dyrektor-handlowy-torun-sales-uslugi-profesjonalne,2026-09-04,"account manager, sprzedaż, prawo jazdy, CRM, dobra organizacja pracy, manager, skuteczna komunikacja"
FM Logistic,qualified,36.3,Key Account Director- Contract Logistics,account_mgmt,55,,Olszowa,hybrid,,c_level,rocketjobs.pl,https://rocketjobs.pl/oferta-pracy/fm-logistic-key-account-director--contract-logistics-olszowa-sales-inne,2026-10-02,"język angielski, Budowanie długotrwałych relacji z klientami, samodzielność, Umiejętność negocjacji, analityczne myślenie"
iooo Reuse Materials Sp. z o.o.,qualified,36.3,Key Account Manager,account_mgmt,55,,Kraków,,8000.0-16000.0 PLN b2b,Mid,nofluffjobs.com,https://nofluffjobs.com/pl/job/key-account-manager-iooo-reuse-materials-krakow,2026-09-29,en
Netia S.A.,disqualified,36.3,Account Manager (k/m),account_mgmt,55,,Warszawa,hybrid,,mid,rocketjobs.pl,https://rocketjobs.pl/oferta-pracy/netia-s-a--account-manager-k-m--warszawa-sales-it-i-telekomunikacja,2026-08-28,"sprzedaż, negocjacje, Microsoft Office, prawo jazdy kat. B"
PilotGo,qualified,36.3,Sales and Onboarding Specialist (praca tymczasowa),generic_sales,55,script_crm,Kraków,mobile,6000-10000 PLN/month any,mid,rocketjobs.pl,https://rocketjobs.pl/oferta-pracy/pilotgo-sales-and-onboarding-specialist-praca-tymczasowa--krakow-sales-it-i-telekomunikacja,2026-09-25,"HubSpot, praca w zespole, sprzedaż, obsługa klienta, prawo jazdy kat. B"
Primesoft Polska Sp. z o.o.,qualified,36.3,Key Account Manager,account_mgmt,55,,Poznań,office,,senior,rocketjobs.pl,https://rocketjobs.pl/oferta-pracy/primesoft-polska-sp-z-o-o--key-account-manager-poznan-sales-it-i-telekomunikacja-32a44385,2026-09-22,prawo jazdy kat. B
Rodowita z Roztocza,qualified,36.3,Senior Key Account Manager (m/k),account_mgmt,55,,Warszawa,office,,senior,rocketjobs.pl,https://rocketjobs.pl/oferta-pracy/rodowita-z-roztocza-senior-key-account-manager-m-k--warszawa-sales-inne-d85fc670,2026-07-14,"branża FMCG, prawo jazdy kat. B, negocjacje, sprzedaż"
Stella Nutrition Sp. z o.o.,qualified,36.3,Key Account Specialist,account_mgmt,55,,Warszawa,hybrid,10000-13000 PLN/month permanent,mid,rocketjobs.pl,https://rocketjobs.pl/oferta-pracy/stella-nutrition-sp-z-o-o--key-account-specialist-warszawa-sales-farmacja-medycyna,2026-09-16,"sprzedaż, pozyskiwanie klientów, obsługa klienta, samodzielność, odpowiedzialność"
SUNCODE,qualified,36.3,Business Account Manager,account_mgmt,55,,Poznań,hybrid,,mid,rocketjobs.pl,https://rocketjobs.pl/oferta-pracy/suncode-business-account-manager-poznan-sales-it-i-telekomunikacja-db55273c,2026-09-25,"prawo jazdy kat. B, dyspozycyjność"
Sushi&Food,qualified,36.3,International Key Account Manager (K/M),account_mgmt,55,,Robakowo,office,,mid,rocketjobs.pl,https://rocketjobs.pl/oferta-pracy/sushi-food-international-key-account-manager-k-m--robakowo-sales-sieci-handlowe-b6d03956,2026-10-02,"sprzedaż, obsługa klienta, account manager"
Triol Corporation,qualified,36.3,Key Account Specialist,account_mgmt,55,,Ostrówek Węgrowski,,9000.0-12000.0 PLN permanent,Mid,nofluffjobs.com,https://nofluffjobs.com/pl/job/key-account-specialist-triol-corporation-ostrowekwegrowski,2026-10-03,"pl, en"
XTB S.A.,qualified,36.3,Institutional Account Manager,account_mgmt,55,,Warszawa,hybrid,9000-10000 PLN/month permanent,senior,rocketjobs.pl,https://rocketjobs.pl/oferta-pracy/xtb-s-a--institutional-account-manager-warszawa-sales-finanse-bankowosc-ubezpieczenia-d25de1ee,2026-08-24,"business development, banking, financial services"
Zlomnica.pl Sp. z o.o.,qualified,36.3,Specjalista / Specjalistka ds. handlowo-logistycznych,generic_sales,55,script_crm,Pszczyna,office,,mid,rocketjobs.pl,https://rocketjobs.pl/oferta-pracy/zlomnica-pl-sp-z-o-o--specjalista-specjalistka-ds-handlowo-logistycznych-pszczyna-sales-uslugi-profesjonalne,2026-09-30,"logistyka, CRM, sprzedaż"
ALTEN Polska,qualified,35.7,Sales & Development Manager I (Engineering),generic_sales,54,b2b_inbound_outbound,Warszawa,hybrid,,mid,rocketjobs.pl,https://rocketjobs.pl/oferta-pracy/alten-polska-sales-development-manager-i-engineering--warszawa-sales-inzynieria-technika-produkcja,2026-09-04,"sprzedaż, prospecting, pozyskiwanie klientów, business development, sprzedaż B2B, negocjacje, lead generation"
Fresh Office,qualified,35.7,Specjalista ds. Rozwoju Sprzedaży 🚀,generic_sales,54,b2b_inbound_outbound,Kraków,hybrid,10000-18000 PLN/month b2b,mid,rocketjobs.pl,https://rocketjobs.pl/oferta-pracy/fresh-office-specjalista-ds-rozwoju-sprzedazy--krakow-sales-uslugi-profesjonalne,2026-07-29,"prospecting, B2B, negocjacje, lead generation, sprzedaż"
HELLO GROUP Sp. z o.o.,qualified,35.7,Ekspert/ekspertka ds sprzedaży SEO&ADS,generic_sales,54,remote,Gdańsk,remote,5000-15000 PLN/month any,mid,rocketjobs.pl,https://rocketjobs.pl/oferta-pracy/hello-group-sp-z-o-o--ekspert-ekspertka-ds-sprzedazy-seo-ads-gdansk-sales-marketing-reklama-media,2026-09-18,"Google Search Console, Google Analytics, Google Data Studio, SEO, Google Ads"
iSpot Poland Sp. z o.o.,qualified,35.7,Specjalista/-ka ds. sprzedaży (Education),generic_sales,54,remote,Gdańsk,remote,,mid,rocketjobs.pl,https://rocketjobs.pl/oferta-pracy/ispot-poland-sp-z-o-o--specjalista--ka-ds-sprzedazy-education--gdansk-sales-inne,2026-09-29,"sprzedaż, Microsoft Office Excel, AI"
KAMSOFT S.A.,qualified,35.7,Konsultant/Konsultantka ds. Handlowych,generic_sales,54,remote,Katowice,remote,,mid,rocketjobs.pl,https://rocketjobs.pl/oferta-pracy/kamsoft-s-a--konsultant-konsultantka-ds-handlowych-katowice-sales-it-i-telekomunikacja,2026-08-12,"Microsoft Office, sprzedaż, budowanie relacji, negocjacje"
MEDISEPT,qualified,35.7,Dyrektor Handlowy/ Dyrektorka Handlowa,generic_sales,54,b2b_inbound_outbound,Lublin,office,,c_level,rocketjobs.pl,https://rocketjobs.pl/oferta-pracy/medisept-dyrektor-handlowy-dyrektorka-handlowa-lublin-sales-kosmetyki-chemia,2026-09-25,"sprzedaż B2B, sprzedaż, zarządzanie zespołem, zarządzanie sprzedażą"
NJORD SPÓŁKA Z OGRANICZONĄ ODPOWIEDZIALNOŚCIĄ,qualified,35.7,Inżynier(ka) ds. sprzedaży,generic_sales,54,b2b_inbound_outbound,Wrocław,office,12000-15000 PLN/month b2b,mid,rocketjobs.pl,https://rocketjobs.pl/oferta-pracy/njord-spolka-z-ograniczona-odpowiedzialnoscia-inzynier-ka-ds-sprzedazy-wroclaw-sales-energia-srodowisko,2026-08-11,"sprzedaż B2B, negocjacje, prawo jazdy kat. B, obsługa klienta"
POLMECANIC Group,qualified,35.7,Sales Engineer | Inżynier Sprzedaży,generic_sales,54,b2b_inbound_outbound,Skomlin (woj. łódzkie),,10000.0-12000.0 PLN permanent,Mid,nofluffjobs.com,https://nofluffjobs.com/pl/job/sales-engineer-inzynier-sprzedazy-polmecanic-group-skomlinwojlodzkie,2026-09-30,"Doświadczenie, Sprzedaż B2B, CNC, Prawo jazdy kat. B"
widziszwszystko sp. z.o.o,qualified,33.9,Asystent / Asystentka w Dziale Obsługi Klienta,customer_service,51,phone|junior_ramp,Gorzów Wielkopolski,Stacjonarna,,Asystent / asystentka / młodszy specjalista / młodsza specjalistka (junior) / specjalista / specjalistka (mid),praca.pl,https://www.praca.pl/asystent-asystentka-w-dziale-obslugi-klienta_11441581.html,wczoraj,"Zakres obowiązków kontakt telefoniczny i mailowy z klientami, budowanie i utrzymywanie relacji z klientami, profesjonalna obsługa klientów, przyjmowanie i koordynowanie zgłoszeń serwisowych, podstawowe wsparcie techniczne (po wdrożeniu), współpraca z działem sprzedaży i serwisu,..."
Accenture,disqualified,33.3,Sales Senior Manager @ Accenture Song,generic_sales,50,,Warszawa,hybrid,,senior,rocketjobs.pl,https://rocketjobs.pl/oferta-pracy/accenture-sales-senior-manager-accenture-song-warszawa-sales-it-i-telekomunikacja,2026-07-27,"sprzedaż, zarządzanie sprzedażą, adobe, customer service"
Amber Park Spa Sp. z o.o.,qualified,33.3,"Specjalista do spraw sprzedaży i rezerwacji hotelowych (k,m,x)",generic_sales,50,,Niechorze,,,,praca.pl,"https://www.praca.pl/specjalista-do-spraw-sprzedazy-i-rezerwacji-hotelowych-k,m,x_11530555.html",16 godzin temu,
Arctic Sp. z o.o.,qualified,33.3,Specjalista/ka ds. wsparcia działu handlowego,generic_sales,50,,Drwalew,office,,mid,rocketjobs.pl,https://rocketjobs.pl/oferta-pracy/arctic-sp-z-o-o--specjalista-ka-ds-wsparcia-dzialu-handlowego-drwalew-sales-uslugi-profesjonalne,2026-09-28,"Microsoft Office, komunikatywność, analityczne myślenie"
Awaken Realms,qualified,33.3,Manager Działu Sprzedaży (Gry Planszowe),generic_sales,50,,Wrocław,office,13000-18000 PLN/month b2b,manager,rocketjobs.pl,https://rocketjobs.pl/oferta-pracy/awaken-realms-manager-dzialu-sprzedazy-gry-planszowe--wroclaw-sales-inne,2026-08-31,account manager
Belma AS Sp. z o.o.,qualified,33.3,Koordynator Biura Sprzedaży (k/m),generic_sales,50,,Bydgoszcz,office,,c_level,rocketjobs.pl,https://rocketjobs.pl/oferta-pracy/belma-as-sp-z-o-o--koordynator-biura-sprzedazy-k-m--bydgoszcz-sales-inzynieria-technika-produkcja,2026-08-28,"łatwość nawiązywania kontaktów, kreatywność, analiza, data analyst, manager"
Dambat,qualified,33.3,Przedstawiciel/ka Handlowy/a – Północna Polska,generic_sales,50,,Gdańsk,mobile,8000-12000 PLN/month b2b,mid,rocketjobs.pl,https://rocketjobs.pl/oferta-pracy/dambat-przedstawiciel-ka-handlowy-a---polnocna-polska-gdansk-sales-nieruchomosci-budownictwo-e89bde87,2026-09-18,"sprzedaż, prawo jazdy kat. B, obsługa klienta"
Diagnostyka S.A.,qualified,33.3,Zastepca lub Zastępczyni Dyrektora Sprzedaży ds. B2C,generic_sales,50,,Kraków,hybrid,,c_level,rocketjobs.pl,https://rocketjobs.pl/oferta-pracy/diagnostyka-s-a--zastepca-lub-zastepczyni-dyrektora-sprzedazy-ds-b2c-krakow-sales-farmacja-medycyna,2026-09-11,zarządzanie sprzedażą
ERGO Technology & Services,qualified,33.3,Sales Systems Support Coordinator with German | f/m/d,generic_sales,50,,Gdańsk,hybrid,,mid,rocketjobs.pl,https://rocketjobs.pl/oferta-pracy/ergo-technology-services-sales-systems-support-coordinator-with-german-f-m-d-gdansk-sales-finanse-bankowosc-ubezpieczenia,2026-10-02,"EASY, FAQs"
Fastline Racing Academy,qualified,33.3,Specjalista do spraw sprzedaży FRA,generic_sales,50,,Warszawa,office,5000-9000 PLN/month b2b,mid,rocketjobs.pl,https://rocketjobs.pl/oferta-pracy/fastline-racing-academy-specjalista-do-spraw-sprzedazy-fra-warszawa-sales-motoryzacja-transport,2026-09-07,"skuteczna komunikacja, dobra organizacja pracy, sprzedaż"
FOODCARE,qualified,33.3,Przedstawiciel/ka Handlowy/a,generic_sales,50,,Wrocław,hybrid,,senior,rocketjobs.pl,https://rocketjobs.pl/oferta-pracy/foodcare-przedstawiciel-ka-handlowy-a-wroclaw-sales-inne,2026-07-10,"sprzedaż, dobra organizacja pracy"
JAS-FBG S.A.,qualified,33.3,Specjalista ds. Handlowych Spedycji Krajowej (k/m),generic_sales,50,,Warszawa,office,,mid,rocketjobs.pl,https://rocketjobs.pl/oferta-pracy/jas-fbg-s-a--specjalista-ds-handlowych-spedycji-krajowej-k-m--warszawa-sales-uslugi-profesjonalne,2026-09-09,"Handel, Spedycja drogowa, praca z klientem"
LOT Aircraft Maintenance Services Sp. z o.o.,disqualified,33.3,Specjalista ds. Wsparcia Sprzedaży (K/M),generic_sales,50,,Warszawa,Hybrydowa,,,praca.pl,https://www.praca.pl/specjalista-ds-wsparcia-sprzedazy-k-m_11491177.html,4 dni temu,"Obowiązki na stanowisku: Kalkulacja kosztów roboczogodzin, materiałów, części zamiennych oraz usług zewnętrznych. Współpraca z działami technicznymi i planowania w celu ustalenia zakresu prac oraz terminów realizacji. Weryfikacja dostępności slotów obsługowych oraz koordynacja..."
MTG S.A.,qualified,33.3,Specjalista/ka ds. sprzedaży i obsługi wystawców,generic_sales,50,,Gdańsk,office,,mid,rocketjobs.pl,https://rocketjobs.pl/oferta-pracy/mtg-s-a--specjalista-ka-ds-sprzedazy-i-obslugi-wystawcow-gdansk-sales-uslugi-profesjonalne,2026-09-16,"obsługa klienta, terminowość, Excel, Power Point, praca z danymi, komunikatywność, sprzedaż, raportowanie"
ORLEN S.A.,disqualified,33.3,Specjalista / Specjalistka ds. Optymalizacji Procesów Sprzedażowych Petrochemii,generic_sales,50,,Płock,office,,mid,rocketjobs.pl,https://rocketjobs.pl/oferta-pracy/orlen-s-a--specjalista-specjalistka-ds-optymalizacji-procesow-sprzedazowych-petrochemii-plock-sales-inzynieria-technika-produkcja-ca84f071,2026-09-28,"analiza procesów biznesowych, projektowanie procesów, pakiet MS Office"
Pośrednictwo Ubezpieczeniowe Wojciech Żukowski,qualified,33.3,Menedżer Sprzedaży,generic_sales,50,,Olsztyn,hybrid,16500-26500 PLN/month b2b,c_level,rocketjobs.pl,https://rocketjobs.pl/oferta-pracy/posrednictwo-ubezpieczeniowe-wojciech-zukowski-menedzer-sprzedazy-olsztyn-sales-finanse-bankowosc-ubezpieczenia,2026-09-30,"zarządzanie zespołem, zarządzanie sprzedażą, negocjacje"
Powiatowy Urząd Pracy w Lublinie,disqualified,33.3,Specjalista ds. obsługi sprzedaży i fakturowania,generic_sales,50,,Motycz,,,,praca.pl,https://www.praca.pl/specjalista-ds-obslugi-sprzedazy-i-fakturowania_11530618.html,16 godzin temu,
PreZero Polska,qualified,33.3,Manager ds. Strategicznych Projektów Sprzedażowych (M/K),generic_sales,50,,Chorzów,mobile,,manager,rocketjobs.pl,https://rocketjobs.pl/oferta-pracy/prezero-polska-manager-ds-strategicznych-projektow-sprzedazowych-m-k--chorzow-sales-energia-srodowisko,2026-08-14,prawo jazdy kat. B
Primost Południe Sp. z o.o.,qualified,33.3,Specjalista / Specjalistka ds. Handlowych,generic_sales,50,,Będzin,Stacjonarna,6 850 - 11 250 zł brutto/mies.,,praca.pl,https://www.praca.pl/specjalista-specjalistka-ds-handlowych_11527411.html,3 dni temu,"OPIS STANOWISKA: uczestniczenie w procesem zakupowym w ramach strategii spółki, pozyskiwanie ofert w ramach realizowanych inwestycji, sporządzanie tabel porównawczych pozyskanych ofert, negocjacje cenowe z dostawcami / podwykonawcami, sporządzanie zleceń i umów handlowych, udoskonalanie..."
SCORPIO Sp. zo.o.,qualified,33.3,Młodszy Inżynier / Inżynier Sprzedaży Technicznej (2 osoby),generic_sales,50,,Łódź,office,,mid,rocketjobs.pl,https://rocketjobs.pl/oferta-pracy/scorpio-sp-zo-o--mlodszy-inzynier-inzynier-sprzedazy-technicznej-2-osoby--lodz-sales-inzynieria-technika-produkcja,2026-09-07,"prawo jazdy kat. B, wykształcenie techniczne, sprzedaż"
TARKON SPÓŁKA Z OGRANICZONĄ ODPOWIEDZIALNOŚCIĄ,qualified,33.3,Dyrektor/ka ds. handlowych,generic_sales,50,,Tarnobrzeg,office,,c_level,rocketjobs.pl,https://rocketjobs.pl/oferta-pracy/tarkon-spolka-z-ograniczona-odpowiedzialnoscia-dyrektor-ka-ds-handlowych-tarnobrzeg-sales-inzynieria-technika-produkcja,2025-11-13,"analiza, zarządzanie zespołem, zarządzanie sprzedażą, negocjacje, sprzedaż"
TaxCoach,qualified,33.3,Staż w dziale sprzedaży,generic_sales,50,,Poznań,office,1000-2000 PLN/month internship,intern,rocketjobs.pl,https://rocketjobs.pl/oferta-pracy/taxcoach-staz-w-dziale-sprzedazy-poznan-sales-finanse-bankowosc-ubezpieczenia-9d87fbc5,2026-09-29,"Odporność na stres, Microsoft Office, obsługa klienta, język angielski, Komunikatywnosć"
TRADE TRANS COMBI sp. z o.o.,qualified,33.3,Ekspert / Ekspertka ds. sprzedaży usług TSL,generic_sales,50,,"Warszawa, Ochota",,15 000 - 20 000 zł / mies. (w zal. od umowy),Ekspert / ekspertka / specjalista / specjalistka (mid) / starszy specjalista / starsza specjalistka (senior),praca.pl,https://www.praca.pl/ekspert-ekspertka-ds-sprzedazy-uslug-tsl_11500972.html,9 dni temu,"Opis stanowiska Aktywne pozyskiwanie nowych klientów biznesowych oraz rozwijanie współpracy z obecnymi partnerami. Sprzedaż usług transportowych i spedycyjnych na rynku krajowym oraz międzynarodowym. Przygotowywanie ofert handlowych, prowadzenie negocjacji i dopasowywanie rozwiązań do..."
Transcom Worldwide Poland,disqualified,33.3,Konsultant/ka ds. sprzedaży,generic_sales,50,,Gdańsk,office,4806-7000 PLN/month permanent,mid,rocketjobs.pl,https://rocketjobs.pl/oferta-pracy/transcom-worldwide-poland-konsultant-ka-ds-sprzedazy-gdansk-sales-it-i-telekomunikacja-e0f23537,2026-10-02,"sprzedaż, badanie potrzeb, obsługa klienta, obsługa komputera"
WebTalk,qualified,33.3,Sales & Marketing Support Specialist,generic_sales,50,,Warszawa,office,5500-6500 PLN/month any,mid,rocketjobs.pl,https://rocketjobs.pl/oferta-pracy/webtalk-sales-marketing-support-specialist-warszawa-sales-marketing-reklama-media,2026-09-15,"sprzedaż, digital marketing"
Winged IT,qualified,33.3,Dyrektor Działu Sprzedaży,generic_sales,50,,Warszawa,hybrid,25000-30000 PLN/month permanent,c_level,rocketjobs.pl,https://rocketjobs.pl/oferta-pracy/winged-it-dyrektor-dzialu-sprzedazy-warszawa-sales-it-i-telekomunikacja,2026-07-28,"zarządzanie zespołem, zarządzanie sprzedażą"
Yanosik,qualified,33.3,Staż w dziale handlowym,generic_sales,50,,Poznań,office,,intern,rocketjobs.pl,https://rocketjobs.pl/oferta-pracy/yanosik-staz-w-dziale-handlowym-poznan-sales-motoryzacja-transport-1e08fc13,2026-07-24,komunikatywność
Żabka Polska sp. z o.o.,disqualified,33.3,Partnerka / Partner ds. Sprzedaży - zarządzanie rejonem sprzedaży,generic_sales,50,,Nowy Targ,mobile,,mid,rocketjobs.pl,https://rocketjobs.pl/oferta-pracy/zabka-polska-sp-z-o-o--partnerka-partner-ds-sprzedazy---zarzadzanie-rejonem-sprzedazy-nowy-targ-sales-inne,2026-09-21,"prawo jazdy kat. B, zarządzanie sprzedażą, Excel"
Centrum Respo,qualified,32.7,Specjalista ds. sprzedaży/ obsługi klienta,customer_service,49,phone|remote,Warszawa,remote,6100-7400 PLN/month b2b,mid,rocketjobs.pl,https://rocketjobs.pl/oferta-pracy/centrum-respo-specjalista-ds-sprzedazy-obslugi-klienta-warszawa-sales-inne-8f589a0e,2026-09-04,"sprzedaż telefoniczna, obsługa klienta"
Coloplast Business Centre Sp z o.o.,qualified,30.9,Junior Customer Service Administrator (with German),customer_service,46,junior_ramp|script_crm,Szczecin,Stacjonarna,,Młodszy specjalista / młodsza specjalistka (junior),praca.pl,https://www.praca.pl/junior-customer-service-administrator-with-german_11533177.html,2 dni temu,"Zakres obowiązków: Przetwarzanie zamówień dla naszych pacjentów z Niemiec, Przygotowywanie dokumentów i recept dotyczących refundacji naszych produktów, Wystawianie faktur dla płatników i klientów, Zarządzanie danymi w systemie CRM, Udział w różnych projektach wskazanych przez..."
Foundever,disqualified,30.3,Specjalista/ka ds. Obsługi Klienta – język czeski i słowacki | Praca zdalna 100%,customer_service,45,remote|junior_ramp,Warszawa,remote,6400-7200 PLN/month permanent,junior,rocketjobs.pl,https://rocketjobs.pl/oferta-pracy/foundever-specjalista-ka-ds-obslugi-klienta---jezyk-czeski-i-slowacki-praca-zdalna-100--warszawa-sales-farmacja-medycyna-0d5e9ff1,2026-09-17,"customer service, administracja"
MAGLEJ,qualified,30.3,Specjalista ds. Obsługi Klienta,customer_service,45,remote|junior_ramp,Warszawa,remote,4000-11000 PLN/month any,junior,rocketjobs.pl,https://rocketjobs.pl/oferta-pracy/maglej-specjalista-ds-obslugi-klienta-warszawa-sales-marketing-reklama-media,2026-09-23,"obsługa klienta, pozytywne nastawienie, łatwość nawiązywania kontaktów"
Alstom,qualified,27.9,Specjalista ds. Wsparcia Sprzedaży (Customer Service Officer),customer_service,41,junior_ramp,Katowice,hybrid,,junior,rocketjobs.pl,https://rocketjobs.pl/oferta-pracy/alstom-specjalista-ds-wsparcia-sprzedazy-customer-service-officer--katowice-sales-uslugi-profesjonalne,2026-07-31,"budowanie relacji, komunikatywność, zarządzanie dokumentami"
KRAK-STONE GRZESIKOWSCY SPÓŁKA KOMANDYTOWA,qualified,27.9,Młodszy specjalista/stka ds. wycen i obsługi klienta,customer_service,41,junior_ramp,Kryspinów,office,5300-6500 PLN/month permanent,junior,rocketjobs.pl,https://rocketjobs.pl/oferta-pracy/krak-stone-grzesikowscy-spolka-komandytowa-specjalista-stka-ds-wycen-i-obslugi-klienta-kryspinow-sales-uslugi-profesjonalne,2026-09-09,"sprzedaż, Microsoft Office Excel, obsługa klienta"
TP Poland Sp. z o.o.,qualified,27.9,Obsługa klienta w j. polskim (wynajem pojazdów),customer_service,41,junior_ramp,Warsaw,,5275-5275 PLN zlecenie,Junior,nofluffjobs.com,https://nofluffjobs.com/pl/job/obsluga-klienta-w-j-polskim-wynajem-pojazdow-tp-poland-warsaw,2026-09-28,"pl, en"
Amso Sp. z o.o.,qualified,27.7,Specjalista/ka ds. obsługi klienta w branży IT (stanowisko samodzielne) - Poznań,customer_service,35,,Poznań,office,4806-8000 PLN/month permanent,mid,rocketjobs.pl,https://rocketjobs.pl/oferta-pracy/amso-sp-z-o-o--specjalista-ka-ds-obslugi-klienta-w-branzy-it-stanowisko-samodzielne---poznan-poznan-sales-it-i-telekomunikacja,2026-09-01,"kreatywność, doświadczenie w sprzedaży, Biegła obsługa komputera, Znajomość zagadnień/sprzętu IT, Znajomość podstawowego oprogramowania"
Amso Sp. z o.o.,qualified,27.7,Specjalista(ka) ds. obsługi klienta w branży IT - Warszawa,customer_service,35,,Warszawa,office,6000-8000 PLN/month permanent,mid,rocketjobs.pl,https://rocketjobs.pl/oferta-pracy/amso-sp-z-o-o--specjalista-ka-ds-obslugi-klienta-w-branzy-it---warszawa-warszawa-sales-uslugi-profesjonalne,2026-09-17,"kreatywność, doświadczenie w sprzedaży, Biegła obsługa komputera, Znajomość zagadnień/sprzętu IT, Znajomość podstawowego oprogramowania"
AppYourself Sp. z o.o.,qualified,24.3,Customer Service Specialist mit Deutsch,customer_service,35,,Łódź,,8000.0-9500.0 PLN b2b,Mid,nofluffjobs.com,https://nofluffjobs.com/pl/job/customer-service-specialist-mit-deutsch-appyourself-lodz,2026-10-01,"de, en"
in4ge sp. z o.o.,qualified,24.3,"Specjalista ds. Obsługi Klienta (suplementy diety, R&D) (K/M)",customer_service,35,,Warszawa,office,7000-8000 PLN/month permanent,mid,rocketjobs.pl,https://rocketjobs.pl/oferta-pracy/in4ge-sp-z-o-o--specjalista-ds-obslugi-klienta-suplementy-diety-r-d-k-m--warszawa-sales-kosmetyki-chemia,2026-10-02,"obsługa klienta, Organizacja i koordynacja sprzedaży, Prowadzenie dokumentacji handlowej"
LumApps,qualified,24.3,Customer Support Engineer (Krakow or Lyon),customer_service,35,,Kraków,,14500.0-14500.0 PLN b2b,Mid,nofluffjobs.com,https://nofluffjobs.com/pl/job/customer-support-engineer-krakow-or-lyon-lumapps-krakow,2026-09-30,"Customer Support, Impeccable spelling, Empathy, Problem-Solving"
WeSub,qualified,24.3,Specjalista ds. sprzedaży i obsługi klienta,customer_service,35,,Warszawa,hybrid,5500-6000 PLN/month mandate_contract,mid,rocketjobs.pl,https://rocketjobs.pl/oferta-pracy/wesub-specjalista-ds-sprzedazy-i-obslugi-klienta-warszawa-sales-uslugi-profesjonalne,2026-09-18,"komunikatywność, sprzedaż B2C, nastawienie na cel, chęć rozwoju"
